"Sr No","Drug Code","Generic Name","Unit Size","MRP","Group Name"
"1","1","Aceclofenac 100mg and Paracetamol 325mg Tablets","10's","9.38","Analgesic/Antipyretic/Anti-Inflammatory"
"2","2","Aceclofenac Tablets IP 100 mg","10's","7.5","Analgesic/Antipyretic/Anti-Inflammatory"
"3","3","Pregabalin Capsules IP 75 mg","10's","20.63","Central Nervous System (CNS)"
"4","5","Aspirin Gastro-resistant Tablets IP 150 mg","14's","4.69","Analgesic/Antipyretic/Anti-Inflammatory"
"5","6","Chlorzoxazone 500mg, Diclofenac 50mg and Paracetamol 325mg Tablets","10's","23.44","Analgesic/Antipyretic/Anti-Inflammatory"
"6","7","Diclofenac Gel IP 1.16%w/w (Diclofenac Diethylamine)","15 g","11.25","Dermatology/Topical/External"
"7","8","Serratiopeptidase 10mg and Diclofenac Sodium 50mg Tablets","10's","14.44","Analgesic/Antipyretic/Anti-Inflammatory"
"8","9","Diclofenac Sodium Prolonged Release Tablets IP 100 mg","10's","11.35","Analgesic/Antipyretic/Anti-Inflammatory"
"9","10","Diclofenac Sodium Injection IP 25mg per ml","3 ml","3.75","Analgesic/Antipyretic/Anti-Inflammatory"
"10","11","Diclofenac Gastro-Resistant Tablets IP 50 mg","10's","5.16","Analgesic/Antipyretic/Anti-Inflammatory"
"11","12","Etoricoxib Tablets IP 120 mg","10's","35.63","Analgesic/Antipyretic/Anti-Inflammatory"
"12","13","Etoricoxib Tablets IP 90 mg","10's","29.07","Analgesic/Antipyretic/Anti-Inflammatory"
"13","14","Ibuprofen 400mg and Paracetamol 325mg Tablets IP","10's","7.5","Analgesic/Antipyretic/Anti-Inflammatory"
"14","15","Ibuprofen Tablets IP 200 mg","10's","2.82","Analgesic/Antipyretic/Anti-Inflammatory"
"15","16","Ibuprofen Tablets IP 400 mg","15's","8.25","Analgesic/Antipyretic/Anti-Inflammatory"
"16","17","Indomethacin Capsules IP 25 mg","10's","12.19","Analgesic/Antipyretic/Anti-Inflammatory"
"17","18","Azithromycin Tablets IP 250 mg","6's","42.19","Antibiotics"
"18","19","Nimesulide 100mg and Paracetamol 325mg Tablets","10's","10.32","Analgesic/Antipyretic/Anti-Inflammatory"
"19","20","Nimesulide Tablets 100 mg","10's","6.19","Analgesic/Antipyretic/Anti-Inflammatory"
"20","21","Diclofenac Sodium 50mg and Paracetamol 325mg Tablets IP","10's","9.29","Analgesic/Antipyretic/Anti-Inflammatory"
"21","22","Paracetamol Paediatric Oral Suspension IP 125 mg per 5 ml","60 ml","10.32","Analgesic/Antipyretic/Anti-Inflammatory"
"22","23","Paracetamol Tablets IP 500 mg","10's","6.57","Analgesic/Antipyretic/Anti-Inflammatory"
"23","24","Pentazocine Injection IP 30 mg per ml","1 ml","14.07","Analgesic/Antipyretic/Anti-Inflammatory"
"24","25","Serratiopeptidase Tablets IP 10 mg","10's","11.35","Analgesic/Antipyretic/Anti-Inflammatory"
"25","26","Tramadol Hydrochloride Injection 100 mg per 2 ml","2 ml","7.5","Analgesic/Antipyretic/Anti-Inflammatory"
"26","27","Tramadol HCl Injection 50mg 1 ml","1 ml","4.69","Analgesic/Antipyretic/Anti-Inflammatory"
"27","28","Tramadol Tablets 50mg","10's","7.5","Analgesic/Antipyretic/Anti-Inflammatory"
"28","29","Aciclovir Tablets IP 400 mg","10's","41.25","Anti-Viral"
"29","30","Amikacin Injection IP 100 mg per 2 ml","2 ml Vial","12","Antibiotics"
"30","31","Amikacin Injection IP 250 mg per 2 ml","2 ml Vial","20","Antibiotics"
"31","32","Amikacin Injection IP 500 mg per 2 ml","2 ml Vial","27.19","Antibiotics"
"32","34","Metformin Hydrochloride Prolonged-release 500mg and Glimepiride 2mg Tablets IP","15's","24.75","Anti-Diabetic"
"33","35","Amoxycillin 1g and Potassium Clavulanate 200mg Injection IP","Vial & Wfi","54.38","Antibiotics"
"34","36","Amoxycillin 200mg and Potassium Clavulanate 28.5mg Oral Suspension IP per 5ml","30 ml","25.32","Antibiotics"
"35","37","Amoxycillin 250mg and Potassium Clavulanate 50mg Injection IP","Vial & Wfi","26.25","Antibiotics"
"36","38","Amoxycillin 500mg and Potassium Clavulanate 100mg Injection IP","Vial & Wfi","37.5","Antibiotics"
"37","39","Amoxycillin 500mg and Potassium Clavulanate 125mg Tablets IP","6's","52.6","Antibiotics"
"38","40","Amoxycillin 250mg and Cloxacillin 250mg Capsules","10's","29.91","Antibiotics"
"39","42","Amoxycillin Trihydrate Dispersible Tablets IP 125 mg","10's","11.25","Antibiotics"
"40","43","Amoxycillin Oral Suspension IP 125mg per 5ml","60 ml","17.82","Antibiotics"
"41","44","Amoxycillin Capsules IP 250mg","10's","12.38","Antibiotics"
"42","45","Amoxycillin Capsules IP 500mg","10's","32.82","Antibiotics"
"43","46","Ampicillin Injection IP 500 mg","Vial","7.22","Antibiotics"
"44","47","Azithromycin Oral Suspension IP 100mg per 5ml","15 ml","14.07","Antibiotics"
"45","48","Azithromycin Dispersible Tablets 100mg","10's","25.32","Antibiotics"
"46","51","Cefadroxil Dispersible Tablets 250mg","10's","17.54","Antibiotics"
"47","52","Cefadroxil Tablets IP 500 mg","10's","22.69","Antibiotics"
"48","53","Cefixime Oral Suspension IP 50mg per 5ml","30 ml","18.75","Antibiotics"
"49","54","Cefixime Tablets IP 100 mg","10's","26.25","Antibiotics"
"50","55","Cefixime Tablets IP 200 mg","10's","49.69","Antibiotics"
"51","56","Cefoperazone 1g and Sulbactam 1g Injection","Vial & Wfi","82.5","Antibiotics"
"52","57","Cefoperazone 500mg and Sulbactam 500mg Injection","Vial & Wfi","46.88","Antibiotics"
"53","58","Cefoperazone Injection IP 1 g","Vial & Wfi","43.13","Antibiotics"
"54","59","Cefotaxime Sodium 1g and Sulbactam Sodium 500mg Injection","Vial & Wfi","26.25","Antibiotics"
"55","60","Cefotaxime Sodium 250mg and Sulbactam Sodium 125mg Injection","Vial & Wfi","11.35","Antibiotics"
"56","61","Cefotaxime Sodium 500mg and Sulbactam Sodium 250mg Injection","Vial & Wfi","17.82","Antibiotics"
"57","62","Cefotaxime Sodium Injection IP 1g","Vial & Wfi","17.82","Antibiotics"
"58","63","Cefotaxime Sodium Injection IP 250 mg","Vial & Wfi","9.38","Antibiotics"
"59","64","Cefotaxime Sodium Injection IP 500 mg","Vial & Wfi","11.25","Antibiotics"
"60","65","Cefpodoxime Proxetil Dispersible Tablets 100 mg","10's","37.5","Antibiotics"
"61","66","Cefpodoxime Tablets IP 200 mg","10's","65.63","Antibiotics"
"62","67","Ceftazidime Injection IP 1g","Vial & Wfi","75","Antibiotics"
"63","68","Ceftazidime Injection IP 250mg","Vial & Wfi","28.13","Antibiotics"
"64","69","Ceftazidime Injection IP 500mg","Vial & Wfi","46.88","Antibiotics"
"65","70","Ceftriaxone 1g and Sulbactam 500mg Injection","Vial & Wfi","45","Antibiotics"
"66","71","Ceftriaxone 1g and Tazobactam 125mg Injection","Vial & Wfi","45","Antibiotics"
"67","72","Azithromycin Tablets IP 500 mg","3's","39.38","Antibiotics"
"68","73","Ceftriaxone 250 mg and Sulbactam 125 mg Injection","Vial & Wfi","15.94","Antibiotics"
"69","74","Ceftriaxone 500mg and Sulbactam 250mg Injection","Vial & Wfi","32.82","Antibiotics"
"70","75","Ceftriaxone Injection IP 1 g","Vial & Wfi","26.25","Antibiotics"
"71","76","Ceftriaxone Injection IP 250 mg","Vial & Wfi","12.19","Antibiotics"
"72","77","Ceftriaxone injection IP 500 mg","Vial & Wfi","22.5","Antibiotics"
"73","78","Cefuroxime Axetil Tablets IP 250 mg","10's","70.32","Antibiotics"
"74","79","Cefuroxime Axetil Tablets IP 500 mg","10's","133.13","Antibiotics"
"75","80","Cephalexin Tablets IP 125mg (Dispersible)","10's","19.69","Antibiotics"
"76","81","Cephalexin Capsules IP 250mg","10's","30.94","Antibiotics"
"77","82","Cephalexin Capsules IP 500mg","10's","46.88","Antibiotics"
"78","83","Ciprofloxacin 250mg and Tinidazole 300mg Tablets","10's","26.25","Antibiotics"
"79","84","Ciprofloxacin 500mg and Tinidazole 600mg Tablets","10's","36.57","Antibiotics"
"80","85","Ciprofloxacin Hydrochloride Tablets IP 250 mg","10's","10.32","Antibiotics"
"81","86","Ciprofloxacin Hydrochloride Tablets IP 500 mg","10's","18.75","Antibiotics"
"82","87","Clotrimazole Cream IP 1% w/w","15 g tubes","14.44","Dermatology/Topical/External"
"83","88","Co-trimoxazole (Sulphamethoxazole 200mg and Trimethoprim 40mg per 5ml) Oral Suspension IP","50 ml","14.07","Antibiotics"
"84","89","Co-trimoxazole (Sulphamethoxazole 800mg and Trimethoprim 160mg) Tablets IP","10's","11.35","Antibiotics"
"85","90","Co-trimoxazole (Sulphamethoxazole 100mg and Trimethoprim 20mg) Tablets IP","10's","2.07","Antibiotics"
"86","92","Doxycycline Capsules IP 100mg","10's","14.44","Antibiotics"
"87","93","Erythromycin Stearate Tablets IP 250mg","10's","19.6","Antibiotics"
"88","94","Gentamicin Sulphate Injection IP 80 mg per 2ml","2 ml","5.1","Antibiotics"
"89","95","Levofloxacin Tablets IP 250mg","10's","16.88","Antibiotics"
"90","96","Levofloxacin Tablets IP 500mg","10's","30.94","Antibiotics"
"91","97","Meropenem Injection IP 1 g","Vial & Wfi","221.25","Antibiotics"
"92","98","Norfloxacin 400mg and Tinidazole 600mg Tablets","10's","37.5","Gastrointestinal (GIT)"
"93","99","Norfloxacin Tablets IP 400 mg","10's","19.69","Antibiotics"
"94","100","Ofloxacin 200mg and Ornidazole 500mg Tablets IP","10's","25.79","Antibiotics"
"95","101","Ofloxacin Tablets IP 200mg","10's","13.13","Antibiotics"
"96","102","Ofloxacin Tablets IP 400mg","10's","32.82","Antibiotics"
"97","103","Piperacillin 4000mg and Tazobactum 500mg Injection IP","Vial & Wfi","114.38","Antibiotics"
"98","105","Roxithromycin Tablets IP 150 mg","10's","26.25","Antibiotics"
"99","106","Roxithromycin Tablets IP 300 mg","10's","46.88","Antibiotics"
"100","107","Tinidazole Tablets IP 300 mg","10's","12.19","Antibiotics"
"101","108","Tinidazole Tablets IP 500 mg","10's","15","Antibiotics"
"102","109","Vancomycin Hydrochloride for Intravenous Infusion IP 500 mg","Vial & Wfi","135","Antibiotics"
"103","110","Adapalene Gel 0.1%w/w","15 gm tubes","27.19","Derma Care"
"104","112","Beclomethasone Dipropionate 0.025%w/w, Clotrimazole 1%w/w and Gentamicin Sulphate 0.1%w/w Cream","15 g tubes","18.75","Dermatology/Topical/External"
"105","113","Beclomethasone 0.025%w/w and Neomycin 0.5%w/w Cream","15g tube","10.32","Dermatology/Topical/External"
"106","115","Calamine Lotion IP","100 ml","26.25","Derma Care"
"107","117","Chlorhexidine Mouthwash IP 0.2 % w/v","100 ml","21.57","Stomatologicals"
"108","118","Clobetasol Propionate Cream IP 0.05 % w/w","15 gm Tube","14.07","Dermatology/Topical/External"
"109","120","Fusidic Acid Cream IP 2% w/w","5 gm Tube","23.44","Dermatology/Topical/External"
"110","122","Ketoconazole Lotion 2% w/v","100 ml Bottle","51.57","Dermatology/Topical/External"
"111","124","Povidone Iodine Ointment 5% w/w","250 gm tubes/Jar","107.82","Antiseptic/Disinfectants"
"112","125","Povidone Iodine Ointment 5% w/w","15 gm tubes","14.44","Antiseptic/Disinfectants"
"113","126","Povidone-Iodine Solution IP 10 % w/v","500 ml","135.94","Antiseptic/Disinfectants"
"114","127","Povidone-Iodine Solution IP 5 % w/v","100 ml","19.69","Antiseptic/Disinfectants"
"115","129","Povidone Iodine Solution 7.5% w/v","500 ml","113.44","Antiseptic/Disinfectants"
"116","131","Silver Sulphadiazine 1% w/w, Chlorhexidine Gluconate 0.2% w/w, Allantoin 0.1% w/w, Aloe vera 15% w/w Cream","20 gm","28.13","Burn Relief"
"117","132","Silver Sulphadiazine 1% w/w, Chlorhexidine Gluconate 0.2% w/w, Allantoin 0.1% w/w, Aloe vera 15% w/w Cream","500 gm","468.75","Burn Relief"
"118","133","Glibenclamide Tablets IP 2.5 mg","10's","2.82","Anti-Diabetic"
"119","134","Glibenclamide Tablets IP 5 mg","10's","5.16","Anti-Diabetic"
"120","135","Gliclazide Tablets IP 40 mg","10's","14.44","Anti-Diabetic"
"121","136","Gliclazide Tablets IP 80 mg","10's","22.5","Anti-Diabetic"
"122","137","Glimepiride Tablets IP 1mg","10's","4.13","Anti-Diabetic"
"123","138","Glimepiride Tablets IP 2mg","10's","5.16","Anti-Diabetic"
"124","141","Glipizide Tablet IP 5 mg","10's","4.69","Anti-Diabetic"
"125","142","Soluble Insulin Injection IP 40 IU per ml (R-DNA Origin)","10 ml Vial","78.1","Anti-Diabetic"
"126","143","Insulin Injection IP 40 IU per ml (Insulin Human Soluble 30% and Isophane 70%)","10 ml Vial","90","Anti-Diabetic"
"127","144","Metformin Hydrochloride Sustained Release Tablets IP 1000 mg","10's","12.38","Anti-Diabetic"
"128","145","Metformin Hydrochloride Tablets IP 500mg","10's","6.19","Anti-Diabetic"
"129","147","Pioglitazone Tablets IP 30mg","10's","12.38","Anti-Diabetic"
"130","150","Pioglitazone 15mg and Metformin 500mg Sustained Release Tablets","10's","25.32","Anti-Diabetic"
"131","152","Bleomycin Injection IP 15 IU","Vial","300","Oncology"
"132","153","Cisplatin Injection IP 10 mg per10ml","Vial","32.82","Oncology"
"133","154","Cisplatin Injection 50mg per 50ml","Vial","160.88","Oncology"
"134","156","Doxorubicin Injection IP 50mg (2mg per ml)","Vial","281.25","Oncology"
"135","158","Etoposide Injection IP 100 mg per 5 ml","Vial","92.82","Oncology"
"136","159","Gemcitabine Injection IP 1000mg","Vial","783.75","Oncology"
"137","160","Gemcitabine Injection IP 200mg","Vial","225","Oncology"
"138","163","Tamoxifen Citrate Tablets IP 10 mg","10's","10.32","Oncology"
"139","164","Tamoxifen Citrate Tablets IP 20 mg","10's","15","Oncology"
"140","165","Ciprofloxacin Injection IP 200mg","100 ml","11.25","Antibiotics"
"141","170","Mannitol Injection IP 20% w/v","100 ml","26.25","Electrolytes"
"142","171","Mannitol Intravenous Infusion IP 20% w/v","350 ml","46.88","Electrolytes"
"143","172","Metronidazole Infusion IP 500 mg","100 ml","8.25","Antibiotics"
"144","177","Albendazole Oral Suspension IP 200 mg per 5ml","10 ml","7.5","Anthelmintic"
"145","178","Albendazole 400mg and Ivermectin 6mg Tablets","1's","6.19","Anthelmintic"
"146","180","Bisacodyl Tablets IP 5mg","10's","5.63","Gastrointestinal (GIT)"
"147","181","Tricholine Citrate 275mg and Cyproheptadine Hydrochloride 2mg Syrup per 5ml","200 ml","35.63","Gastrointestinal (GIT)"
"148","183","Dicyclomine Tablets IP 10mg","10's","0.94","Gastrointestinal (GIT)"
"149","184","Paracetamol 325mg and Dicyclomine Hydrochloride 20mg Tablets","10's","7.5","Gastrointestinal (GIT)"
"150","186","Domperidone Tablets IP 10 mg","10's","4.13","Anti-Emetic"
"151","187","Domperidone Suspension IP 5mg per 5ml","30 ml","12.19","Anti-Emetic"
"152","188","Dried Aluminium Hydroxide 250mg, Magnesium Hydroxide 250mg and Activated Dimethicone 50mg Tablets","10's","5.63","Gastrointestinal (GIT)"
"153","191","Famotidine Tablets IP 20 mg","14's","2.82","Gastrointestinal (GIT)"
"154","192","Famotidine Tablets IP 40 mg","14's","4.54","Gastrointestinal (GIT)"
"155","193","Furazolidone Tablets IP 100 mg","10's","0.94","Gastrointestinal (GIT)"
"156","194","Hyoscine Butylbromide Tablets IP 10 mg","10's","16.5","Gastrointestinal (GIT)"
"157","196","Lactic Acid Bacillus Tablets 60 Million spores","10's","7.22","Gastrointestinal (GIT)"
"158","197","Lactulose Solution IP 10g per 15ml","100 ml","57","Gastrointestinal (GIT)"
"159","198","Dried Aluminium Hydroxide 250mg, Magnesium Hydroxide 250mg and Activated Dimethicone 50mg per 5ml Suspension","170 ml","30","Gastrointestinal (GIT)"
"160","199","Metoclopramide Tablets IP 10 mg","10's","7.5","Gastrointestinal (GIT)"
"161","200","Metoclopramide Injection IP 5mg per ml","2ml Ampoule","2.82","Gastrointestinal (GIT)"
"162","201","Metronidazole Tablets IP 200mg","10's","4.13","Antibiotics"
"163","202","Metronidazole Tablets IP 400mg","10's","6.57","Antibiotics"
"164","203","Misoprostol Tablets IP 200 mcg","4's","18.75","Gynaecology"
"165","206","Omeprazole 20mg and Domperidone 10mg Capsules IP","10's","10.32","Gastrointestinal (GIT)"
"166","207","Omeprazole Gastro-resistant Capsules IP 20 mg","10's","9.29","Gastrointestinal (GIT)"
"167","208","Ondansetron Injection IP 2mg per ml","2 ml","4.13","Anti-Emetic"
"168","209","Ondansetron Tablets IP 4 mg","10's","6.19","Anti-Emetic"
"169","210","Ornidazole Tablets IP 500mg","10's","23.44","Antibiotics"
"170","212","Pantoprazole Gastro Resistant Tablets IP 40 mg","10's","11.35","Gastrointestinal (GIT)"
"171","213","Pantoprazole Injection 40mg","Vial","21.66","Gastrointestinal (GIT)"
"172","214","Rabeprazole 20mg (Enteric Coated) and Domperidone 30mg (Sustained Release) Capsules","10's","16.88","Gastrointestinal (GIT)"
"173","215","Rabeprazole Gastro Resistant Tablets IP 20 mg","10's","8.25","Gastrointestinal (GIT)"
"174","216","Ranitidine Injection IP 25 mg per ml","2 ml","3.75","Gastrointestinal (GIT)"
"175","217","Ranitidine Tablets IP 150 mg","10's","5.63","Gastrointestinal (GIT)"
"176","218","Ranitidine Tablets IP 300 mg","10's","12.19","Gastrointestinal (GIT)"
"177","220","Calcium 500mg and Vitamin D3 250IU Tablets IP","10's","7.22","Supplement/Vitamin/Mineral"
"178","223","Pyridoxine Hydrochloride 10mg, Doxylamine 10mg and Folic Acid 2.5mg Tablets","30's","32.82","Supplement/Vitamin/Mineral"
"179","224","Folic Acid Tablets IP 5 mg","15's","4.13","Supplement/Vitamin/Mineral"
"180","225","Syrup of Iron and Folic Acid in a flavoured Base","200 ml","33","Supplement/Vitamin/Mineral"
"181","227","Polyvitamin Tablets NFI (Prophylactic)","10's","6.57","Supplement/Vitamin/Mineral"
"182","230","Vitamin B-Complex fort Zinc Capsule","10's","9.29","Supplement/Vitamin/Mineral"
"183","231","Vitamin B-Complex Tablets (B1 10mg, B2 10mg, B3 45mg, B5 50mg, B6 3mg, B12 15mcg)","10's","15","Supplement/Vitamin/Mineral"
"184","232","Vitamin B-Complex Syrup","200 ml","39.38","Supplement/Vitamin/Mineral"
"185","235","Budesonide Nebuliser Suspension 1mg per 2ml","2 ml","12.38","Respiratory"
"186","236","Budesonide Inhalation IP 100mcg","200 MDI","115.32","Respiratory"
"187","238","Budesonide Inhalation IP 200mcg","200 md","150","Respiratory"
"188","239","Cetirizine Syrup IP 5 mg per 5 ml","60 ml","12.19","Anti-Histaminic"
"189","240","Cetrizine Hydrochloride Tablets IP 10mg","10's","5.16","Anti-Histaminic"
"190","245","Etophyllin 77mg and Theophylline 23mg Tablets","10's","4.69","Respiratory"
"191","246","Fexofenadine Hydrochloride Tablets IP 120mg","10's","22.5","Anti-Histaminic"
"192","247","Fexofenadine Tablets IP 180 mg","10's","35.07","Anti-Histaminic"
"193","248","Levocetrizine Tablets IP 5 mg","10's","7.22","Anti-Histaminic"
"194","250","Montelukast Sodium Tablets IP 5mg","10's","14.07","Respiratory"
"195","251","Montelukast Sodium Tablets IP 10mg","10's","18.57","Respiratory"
"196","252","Montelukast Sodium 10mg and Levocetirizine 5mg Tablets IP","10's","18.75","Respiratory"
"197","253","Pheniramine Maleate Tablets IP 25 mg","15's","4.69","Anti-Histaminic"
"198","254","Promethazine Syrup IP 5mg per 5ml","100 ml","13.13","Anti-Emetic"
"199","255","Salbutamol Inhalation IP 100mcg","200 md","51.57","Respiratory"
"200","256","Salbutamol Tablets IP 2mg","10's","0.94","Respiratory"
"201","259","Salbutamol Syrup IP 2mg per 5ml","100 ml","10.32","Respiratory"
"202","260","Salbutamol Tablets IP 4 mg","10's","1.88","Respiratory"
"203","261","Adenosine Injection IP 6 mg per 2ml","2 ml","98.44","Cardiovascular System (CVS)"
"204","263","Amlodipine 5mg and Atenolol 50mg Tablets IP","10's","6.57","Cardiovascular System (CVS)"
"205","264","Amlodipine Tablets IP 5mg","10's","5.16","Cardiovascular System (CVS)"
"206","265","Atenolol Tablets IP 50 mg","14's","6.19","Cardiovascular System (CVS)"
"207","266","Atorvastatin Tablets IP 10mg","10's","8.25","Cardiovascular System (CVS)"
"208","267","Atorvastatin Tablets IP 20mg","10's","11.35","Cardiovascular System (CVS)"
"209","268","Clonidine Tablets IP 100 mcg","10's","10.32","Cardiovascular System (CVS)"
"210","269","Clopidogrel Tablets IP 75mg","10's","17.54","Cardiovascular System (CVS)"
"211","270","Clopidogrel 75mg and Aspirin 75mg Tablets IP","10's","19.69","Cardiovascular System (CVS)"
"212","271","Diltiazem Tablets IP 30 mg","10's","11.35","Cardiovascular System (CVS)"
"213","272","Diltiazem Tablets IP 60 mg","10's","15.94","Cardiovascular System (CVS)"
"214","273","Dobutamine Injection IP 250mg per 20ml (for Intravenous Infusion)","Vial","35.63","Cardiovascular System (CVS)"
"215","274","Dopamine Hydrochloride Injection IP 200 mg per 5ml","5 ml","15","Cardiovascular System (CVS)"
"216","275","Enalapril Tablets IP 5 mg","10's","5.16","Cardiovascular System (CVS)"
"217","276","Enoxaparin Injection IP 40 mg per 0.4 ml","0.4 ml","187","Cardiovascular System (CVS)"
"218","277","Enoxaparin Injection IP 60 mg per 0.6 ml","0.6 ml","217.8","Cardiovascular System (CVS)"
"219","278","Frusemide Injection IP 10 mg per ml","2 ml","2.82","Diuretic"
"220","279","Frusemide Tablets IP 40 mg","10's","4.69","Diuretic"
"221","280","Heparin Sodium Injection IP 5000 IU","5 ml","40.22","Anticoagulant"
"222","281","Heparin Sodium Injection IP 25000 IU","5 ml","187.5","Anticoagulant"
"223","283","Isosorbide Dinitrate Tablets IP 10mg","50's","19.69","Cardiovascular System (CVS)"
"224","285","Amlodipine 5mg and Lisinopril 5mg Tablets IP","15's","15","Cardiovascular System (CVS)"
"225","286","Lisinopril Tablets IP 5mg","10's","9.38","Cardiovascular System (CVS)"
"226","287","Losartan Potassium 50mg and Hydrochlorothiazide 12.5mg Tabelts IP","10's","12.38","Cardiovascular System (CVS)"
"227","288","Losartan Tablets IP 25mg","10's","7.22","Cardiovascular System (CVS)"
"228","289","Losartan Tablets IP 50mg","10's","11.35","Cardiovascular System (CVS)"
"229","290","Metoprolol Tablets IP 25 mg","10's","6.19","Cardiovascular System (CVS)"
"230","291","Metoprolol Extended release Tablets IP 50mg","10's","9.29","Cardiovascular System (CVS)"
"231","293","Ramipril Tablets IP 2.5 mg","10's","7.22","Cardiovascular System (CVS)"
"232","294","Ramipril Tablets IP 5 mg","10's","9.38","Cardiovascular System (CVS)"
"233","295","Simvastatin Tablets IP 10mg","10's","10.32","Cardiovascular System (CVS)"
"234","296","Simvastatin Tablets IP 20mg","10's","15","Cardiovascular System (CVS)"
"235","298","Telmisartan 40mg and Hydrochlorothiazide 12.5mg Tablets IP","10's","15.94","Cardiovascular System (CVS)"
"236","299","Telmisartan Tablets IP 20mg","10's","10.32","Cardiovascular System (CVS)"
"237","300","Telmisartan Tablets IP 40mg","10's","11.25","Cardiovascular System (CVS)"
"238","301","Tranexamic Acid Tablets IP 500 mg","10's","74","Coagulants"
"239","302","Tranexamic Acid Injection IP 500 mg (100mg per ml)","5 ml Amp.","24","Coagulants"
"240","304","α-β Arteether Injection 150 mg","2 ml Ampoule","17.82","Anti-Malarial"
"241","305","Chloroquine Phosphate Tablets IP 250 mg","10's","5","Anti-Malarial"
"242","311","Disodium Hydrogen Citrate Syrup (Alkalyser) 1.4 gm per 5 ml","100 ml","20.63","Urology"
"243","312","Oral Rehydration Salts IP 20.5g Sachet (WHO Formula)","1's","10","Electrolytes"
"244","313","Alprazolam Tablets IP 0.25 mg","10's","4.13","Central Nervous System (CNS)"
"245","314","Alprazolam Tablets IP 0.5 mg","10's","7.22","Central Nervous System (CNS)"
"246","316","Betahistine Tablets IP 8 mg","10's","8.25","Central Nervous System (CNS)"
"247","317","Carbamazepine Tablets IP 100 mg","10's","7.5","Central Nervous System (CNS)"
"248","319","Clonazepam Tablets IP 0.5 mg","10's","5.16","Central Nervous System (CNS)"
"249","320","Diazepam Tablets IP 5 mg","10's","5.63","Central Nervous System (CNS)"
"250","321","Escitalopram Tablets IP 10 mg","10's","9.38","Central Nervous System (CNS)"
"251","322","Escitalopram Tablets IP 20 mg","10's","18.75","Central Nervous System (CNS)"
"252","323","Flunarizine Tablets IP 10 mg","10's","7.5","Central Nervous System (CNS)"
"253","324","Flunarizine Tablets IP 5 mg","10's","6.57","Central Nervous System (CNS)"
"254","325","Fluoxetine Hydrochloride Capsules IP 20mg","10's","8.25","Central Nervous System (CNS)"
"255","326","Methyl Ergometrine Tablets IP 0.125 mg","10's","10.32","Central Nervous System (CNS)"
"256","327","Phenytoin Tablets IP 100 mg","100's in Bottle","51.57","Central Nervous System (CNS)"
"257","328","Prochlorperazine Tablets IP 5 mg","10's","5.63","Central Nervous System (CNS)"
"258","329","Prednisolone Tablets IP 5 mg","15's","7.5","Steroids & Hormones"
"259","330","Prednisolone Tablets IP 10 mg","10's","8.44","Steroids & Hormones"
"260","332","Thyroxine Sodium Tablets IP 100 mcg","100's","63.94","Anti-Thyroid"
"261","333","Dexamethasone Tablets IP 0.5 mg","10's","1.88","Steroids & Hormones"
"262","334","Dexamethasone Injection IP 4mg per ml","2 ml","5.63","Steroids & Hormones"
"263","336","Allopurinol Tablets IP 100 mg","10's","10.32","Ortho"
"264","337","Clomiphene Citrate Tablets IP 50mg","10's","20.63","Gynaecology"
"265","338","Atropine Sulphate Injection IP 0.6mg per ml","1 ml","2","Cardiovascular System (CVS)"
"266","341","Carboxymethylcellulose Sodium Eye Drops IP 0.5% w/v","10 ml","24.75","Opthalmic/Otic"
"267","344","Ciprofloxacin Eye Drops IP 0.3% w/v","5 ml","6.57","Opthalmic/Otic"
"268","345","Gentamicin Eye Drops IP 0.3% w/v","10 ml","5.63","Opthalmic/Otic"
"269","351","Xylometazoline Nasal Drops IP 0.1%w/v","10 ml","12.38","Respiratory"
"270","352","Bupivacaine Hydrochloride Injection IP 5 mg per ml","20 ml","36.57","Anaesthetics"
"271","356","Lignocaine Injection IP 2% w/v","30 ml Vial","15.94","Anaesthetics"
"272","357","Lignocaine and Adrenaline Injection IP (2%w/v and 1:80000)","30 ml Vial","20.63","Anaesthetics"
"273","358","Propofol Injection IP 10 mg per ml","10 ml Vial","36.57","Anaesthetics"
"274","359","Tetanus Vaccine IP","0.5 ml Ampoule","6.5","Vaccines"
"275","360","Mifepristone Tablets IP 200 mg","1's","62.82","Gynaecology"
"276","362","Biphasic Isophane Insulin Injection IP (50:50) 40 IU per ml","10 ML VIAL","88","Anti-Diabetic"
"277","363","Insulin Glargine Injection IP 100 IU per ml","Cartridge 3 ml","340","Anti-Diabetic"
"278","366","Glipizide 5mg and Metformin Hydrochloride 500mg Tablets","10's","8.44","Anti-Diabetic"
"279","367","Voglibose Tablets IP 0.3 mg","10's","14.44","Anti-Diabetic"
"280","368","Gliclazide Extended release Tablets 60 mg","10's","41.25","Anti-Diabetic"
"281","369","Acarbose Tablets IP 50 mg","10's","58.13","Anti-Diabetic"
"282","371","Voglibose Tablets IP 0.2 mg","10's","11.35","Anti-Diabetic"
"283","372","Metformin Hydrochloride Prolonged release Tablets IP 500 mg","10's","10.32","Anti-Diabetic"
"284","373","Artesunate Injection IP 60 mg","1 vial","21.57","Anti-Malarial"
"285","375","Quinine Sulphate Tablets IP 300 mg","10's","31","Anti-Malarial"
"286","376","Imipenem 500mg and Cilastatin 500mg Injection IP","Vial & Wfi","309.38","Antibiotics"
"287","377","Clindamycin Capsules IP 300 mg","10's","84.38","Antibiotics"
"288","380","Clarithromycin Tablets IP 500 mg","4's","67.5","Antibiotics"
"289","381","Cefixime 200mg and Ofloxacin 200mg Tablets","10's","47.44","Antibiotics"
"290","382","Linezolid Tablets IP 600 mg","10's","154.69","Antibiotics"
"291","383","Cefpodoxime 200mg and Potassium Clavulanate 125mg Tablets","6's","67.5","Antibiotics"
"292","384","Itraconazole Capsules 100 mg","4's","22.69","Anti-Fungal"
"293","385","Cefixime 200mg and Potassium Clavulanate 125mg Tablets","10's","120","Antibiotics"
"294","386","Diethylcarbamazine Tablets IP 50 mg","30's","9","Anthelmintic"
"295","387","Terbinafine Tablets IP 250mg","7's","38.44","Anti-Fungal"
"296","391","Moxifloxacin Tablets 400 mg","5's","61.88","Antibiotics"
"297","392","Griseofulvin Tablets IP 250 mg","10's","15","Anti-Fungal"
"298","393","Aciclovir Dispersible Tablets IP 800 mg","5's","41.25","Anti-Viral"
"299","395","Cefuroxime Axetil 500mg and Potassium Clavulanate 125mg Tablets IP","6's","102.19","Antibiotics"
"300","396","Liposomal Amphotericin B Injection 50 mg per Vial","20 ml","2700","Anti-Fungal"
"301","400","Ketoconazole Tablets IP 200 mg","10's","26.25","Anti-Fungal"
"302","401","Amoxycillin 250mg and Potassium Clavulanate 125mg Tablets IP","6's","44.07","Antibiotics"
"303","402","Amoxycillin 875mg and Potassium Clavulanate 125mg Tablets IP","6's","72.19","Antibiotics"
"304","403","Clindamycin Injection IP 300mg per 2ml","2 ML","55","Antibiotics"
"305","404","Linezolid Infusion 600mg per 300ml","300 ml","113.44","Antibiotics"
"306","405","Ofloxacin Infusion IP 200 mg per 100 ml","100 ml","30.94","Antibiotics"
"307","407","Ivermectin Dispersible Tablets 12 mg","10's","21.66","Anthelmintic"
"308","410","Trastuzumab Injection 440 mg With Wfi","1's","14062.5","Oncology"
"309","412","Azathioprine Tablets IP 50 mg","10's","45","Immunosuppressant"
"310","413","Methotrexate Tablets IP 7.5 mg","10's","25","Oncology"
"311","414","Tranexamic Acid 500mg and Mefenamic Acid 250mg Tablets","10's","76.88","Coagulants"
"312","416","Prazosin Tablets IP 5 mg","15's","28.88","Cardiovascular System (CVS)"
"313","417","Telmisartan 40mg and Amlodipine 5mg Tablets IP","15's","22.69","Cardiovascular System (CVS)"
"314","418","Rosuvastatin Tablets IP 20 mg","10's","26.82","Cardiovascular System (CVS)"
"315","419","Heparin Sodium 50IU and Benzyl Nicotinate 2mg Ointment","20 gm","37.5","Anticoagulant"
"316","420","Atorvastatin 10mg and Clopidogrel 75mg Capsules","10's","36.1","Cardiovascular System (CVS)"
"317","421","Nebivolol Tablets IP 5 mg","10's","23.44","Cardiovascular System (CVS)"
"318","422","Torasemide Tablets IP 10mg","15's","15.94","Diuretic"
"319","423","Bisoprolol Tablets 5 mg","10's","14.07","Cardiovascular System (CVS)"
"320","424","Carvedilol Tablets IP 3.125 mg","10's","7.22","Cardiovascular System (CVS)"
"321","425","Diltiazem Sustained Release Tablets 90 mg","10's","34.04","Cardiovascular System (CVS)"
"322","426","Acenocoumarol Tablets IP 2 mg","30's","33.75","Cardiovascular System (CVS)"
"323","427","S(-)Amlodipine Tablets IP 2.5 mg","10's","11.35","Cardiovascular System (CVS)"
"324","428","Digoxin Tablets IP 0.25 mg","10's","8.44","Cardiovascular System (CVS)"
"325","429","Atorvastatin 10mg and Fenofibrate 160mg Tablets IP","15's","28.13","Cardiovascular System (CVS)"
"326","430","Amiodarone Tablets IP 200 mg","10's","55.32","Cardiovascular System (CVS)"
"327","431","Ramipril 5mg and Hydrochlorothiazide 12.5mg Tablets IP","10's","13.13","Cardiovascular System (CVS)"
"328","432","Olmesartan Medoxomil Tablets IP 40 mg","10's","34.04","Cardiovascular System (CVS)"
"329","433","Isosorbide Mononitrate Sustained Release Tablets 30 mg","30's","65.63","Cardiovascular System (CVS)"
"330","434","Propranolol Tablets IP 40 mg","10's","6.19","Cardiovascular System (CVS)"
"331","435","Rosuvastatin 10mg and Fenofibrate 160mg Tablets IP","10's","31.97","Cardiovascular System (CVS)"
"332","436","Telmisartan 40mg and Chlorthalidone 12.5mg Tablets","10's","20.63","Cardiovascular System (CVS)"
"333","437","Nifedipine Prolonged release Tablets IP 20mg","10's","8.44","Cardiovascular System (CVS)"
"334","438","Indapamide Tablets IP 1.5 mg","10's","24.38","Cardiovascular System (CVS)"
"335","439","Olmesartan Medoxomil 40mg and Hydrochlorothiazide 12.5mg Tablets IP","10's","28.13","Cardiovascular System (CVS)"
"336","440","Metoprolol 50mg (Prolonged release) and Amlodipine Besilate 5mg Tablets IP","7's","10.32","Cardiovascular System (CVS)"
"337","441","Losartan 50mg and Amlodipine 5mg Tablets IP","10's","20.63","Cardiovascular System (CVS)"
"338","442","Fenofibrate Tablets IP 160 mg","10's","27.85","Cardiovascular System (CVS)"
"339","443","Isosorbide Dinitrate Tablets IP 5 mg","50's","18.75","Cardiovascular System (CVS)"
"340","444","Enalapril 10mg and Hydrochlorothiazide 25mg Tablets IP","30's","56.25","Cardiovascular System (CVS)"
"341","445","Olmesartan 20mg and Amlodipine 5mg Tablets","10's","23.44","Cardiovascular System (CVS)"
"342","446","Amlodipine 5mg and Hydrochlorothiazide 12.5mg Tablets","10's","15.47","Cardiovascular System (CVS)"
"343","447","Moxonidine Tablets 0.3 mg","10's","44.07","Cardiovascular System (CVS)"
"344","448","Ramipril 5mg and Amlodipine 5mg Tablets","10's","23.44","Cardiovascular System (CVS)"
"345","449","Spironolactone Tablets IP 25 mg","15's","20.63","Diuretic"
"346","450","Labetalol Hydrochloride Tablets IP 100mg","10's","42.19","Cardiovascular System (CVS)"
"347","451","Streptokinase Injection IP 15,00,000 IU","10 ml & wfi","932.82","Cardiovascular System (CVS)"
"348","452","Warfarin Tablets IP 5 mg","10's","16.88","Cardiovascular System (CVS)"
"349","453","Bisoprolol 5mg and Hydrochlorothiazide 6.25mg Tablets IP","10's","15.47","Cardiovascular System (CVS)"
"350","454","Valsartan Tablets IP 80 mg","10's","34.04","Cardiovascular System (CVS)"
"351","455","Verapamil Tablets IP 80 mg","10's","13.13","Cardiovascular System (CVS)"
"352","456","Atorvastatin Tablets IP 40 mg","10's","20.63","Cardiovascular System (CVS)"
"353","457","Torsemide Tablets IP 20 mg","10's","18.57","Diuretic"
"354","458","Labetalol Injection IP 5 mg per ml","4 ml Ampoule","55.32","Cardiovascular System (CVS)"
"355","459","Hydroquinone 2%w/w, Mometasone 0.1%w/w and Tretinoin 0.025%w/w Cream","20 gm","24.75","Dermatology/Topical/External"
"356","461","Betamethasone Valerate 0.1%w/w and Neomycin Sulfate 0.5%w/w Cream","20 gm","16.5","Dermatology/Topical/External"
"357","462","Betamethasone Valerate 0.12%w/w and Clioquinol 3%w/w Cream","30 GM","32.82","Dermatology/Topical/External"
"358","463","Mupirocin Ointment IP 2 % w/w","5 gm","46.88","Dermatology/Topical/External"
"359","465","Pantoprazole 40mg (Gastro-resistant) and Domperidone 30mg (Prolonged Release) Capsules IP","10's","20.63","Gastrointestinal (GIT)"
"360","466","Ursodeoxycholic Acid Tablets IP 300 mg","10's","160.6","Hepato-Protective"
"361","467","Dicyclomine Hydrochloride 10mg and Mefenamic Acid 250mg Tablets IP","10's","12.38","Analgesic/Antipyretic/Anti-Inflammatory"
"362","468","Bacillus Clausii Spores Suspension 2 Billion per 5ml","5 ML","14.07","Gastrointestinal (GIT)"
"363","471","Oxetacaine, Aluminium Hydroxide and Magnesium Hydroxide Suspension","200 ML","43.13","Gastrointestinal (GIT)"
"364","472","Esomeprazole 40mg (Enteric-Coated) and Domperidone 30mg (Sustained Release) Capsules","10's","20.63","Gastrointestinal (GIT)"
"365","473","Pantoprazole 40mg (Enteric Coated) and Levosulpiride 75mg (Sustained Release) Capsules","10's","51.57","Gastrointestinal (GIT)"
"366","474","Doxylamine Succinate 10mg and Pyridoxine Hydrochloride 10mg Tablets","30's","21.57","Gynaecology"
"367","475","Sucralfate Suspension 500mg per 5ml","200 ml","72.19","Gastrointestinal (GIT)"
"368","476","Liquid Paraffin 1.25ml, Milk of Magnesia 3.75ml and Sodium Picosulphate 3.33mg Suspension per 5ml","170 ml Bottle","53.44","Gastrointestinal (GIT)"
"369","477","Chlordiazepoxide 5mg and Clidinium Bromide 2.5mg Tablets","10's","8.44","Gastrointestinal (GIT)"
"370","478","Sodium Picosulphate Tablets 10 mg","10's","10.32","Gastrointestinal (GIT)"
"371","479","Sorbitol 7.15g and Tricholine Citrate 550mg per 10ml Solution","200 ML","37.5","Gastrointestinal (GIT)"
"372","480","Esomeprazole 40mg (Enteric-coated) and Levosulpiride 75mg (Sustained release) Capsules","10's","61.88","Gastrointestinal (GIT)"
"373","481","Rifaximin Tablets 400 mg","10's","121.88","Antibiotics"
"374","482","Rabeprazole 20mg (Enteric Coated) and Levosulpiride 75mg (Sustained Release) Capsules","10's","33.75","Gastrointestinal (GIT)"
"375","483","Loperamide Capsules IP 2 mg","10's","7.22","Gastrointestinal (GIT)"
"376","484","Esomeprazole Tablets IP 40 mg","10's","19.6","Gastrointestinal (GIT)"
"377","485","Promethazine Tablets IP 25 mg","10's","6.57","Anti-Emetic"
"378","486","Pancreatin 170mg and Activated Dimethicone 80mg Tablets","10's","51.57","Gastrointestinal (GIT)"
"379","487","Dicyclomine Hydrochloride 10mg and Activated Dimethicone 40mg per 5 ml Suspension","30 ML","15.94","Gastrointestinal (GIT)"
"380","488","Lansoprazole Capsules IP 15 mg","10's","18.75","Gastrointestinal (GIT)"
"381","489","Sulfasalazine Gastro-resistant Tablets 1000mg","10's","72.19","Gastrointestinal (GIT)"
"382","491","Itopride Tablets IP 50 mg","10's","33.75","Gastrointestinal (GIT)"
"383","492","Sulfasalazine Delayed Release Tablets 500mg","10's","24.38","Gastrointestinal (GIT)"
"384","496","Dydrogesterone Tablets IP 10 mg","10's","328.13","Gynaecology"
"385","497","Combipack of Mifepristone Tablets IP 200mg  (1 Tablet) & Misoprostol Tablets IP 200mcg (4 Tablets)","1's","69.38","Gynaecology"
"386","498","Ferrous Ascorbate 100mg and Folic Acid 1.5mg Tablets","10's","21.66","Supplement/Vitamin/Mineral"
"387","499","Norethisterone Tablets IP 5 mg","10's","13.13","Gynaecology"
"388","500","Levo-Thyroxine Sodium Tablets IP 100 mcg","100's","60","Anti-Thyroid"
"389","501","Betamethasone Sodium Phosphate Tablets IP 0.5 mg","20's","7.5","Steroids & Hormones"
"390","502","Deflazacort Tablets 6 mg","6's","13.41","Anti-Histaminic"
"391","503","Methylprednisolone Sodium Succinate Injection 1000mg","Vial & Wfi","297.19","Steroids & Hormones"
"392","504","Nandrolone Decanoate Injection IP 25 mg per ml","1 ML","18.75","Steroids & Hormones"
"393","505","Carbimazole Tablets IP 10 mg","100's","72.19","Anti-Thyroid"
"394","507","Carbimazole Tablets IP 5 mg","10's","10.32","Anti-Thyroid"
"395","508","Levetiracetam Tablets IP 500 mg","10's","63.94","Central Nervous System (CNS)"
"396","509","Hydroxychloroquine Tablets IP 200 mg","10's","33.75","Anti-Malarial"
"397","510","Paracetamol 325mg and Tramadol 37.5mg Tablets","10's","12.38","Analgesic/Antipyretic/Anti-Inflammatory"
"398","511","Paracetamol Tablets IP 650 mg","15's","14.07","Analgesic/Antipyretic/Anti-Inflammatory"
"399","512","Aceclofenac 100mg, Paracetamol 325mg and Serratiopeptidase 15mg Tablets","10's","17.82","Analgesic/Antipyretic/Anti-Inflammatory"
"400","513","Piroxicam Capsules IP 20 mg","10's","8.44","Analgesic/Antipyretic/Anti-Inflammatory"
"401","514","Chymotrypsin and Trypsin (1:6 ) Tablets 100K AU","20's","46.88","Enzyme Preparation"
"402","515","Mefenamic Acid Suspension 100mg per 5ml","60 ml","16.88","Analgesic/Antipyretic/Anti-Inflammatory"
"403","516","Aceclofenac Sustained Release Tablets 200mg","10's","18.75","Analgesic/Antipyretic/Anti-Inflammatory"
"404","517","Thiocolchicoside 4mg and Aceclofenac 100mg Tablets","10's","46.88","Analgesic/Antipyretic/Anti-Inflammatory"
"405","518","Baclofen Tablets IP 10 mg","10's","11","Analgesic/Antipyretic/Anti-Inflammatory"
"406","519","Ketorolac Tromethamine Tablets IP 10mg","10's","9.38","Analgesic/Antipyretic/Anti-Inflammatory"
"407","521","Tramadol Prolonged Release Tablets IP 100 mg","10's","32.82","Analgesic/Antipyretic/Anti-Inflammatory"
"408","522","Alfacalcidol Soft Gelatin Capsules 0.25 mcg","10's","20.63","Ortho"
"409","523","Naproxen Tablets IP 500 mg","15's","45","Analgesic/Antipyretic/Anti-Inflammatory"
"410","525","Diclofenac 1.16%w/w, Linceed Oil 3%w/w, Methyl Salicylate 10%w/w and Menthol 5%w/w Gel","30 GM","22.5","Dermatology/Topical/External"
"411","528","Paracetamol 325mg, Phenylephrine 10mg and Chlorpheniramine 2mg Tablets","10's","20.63","Analgesic/Antipyretic/Anti-Inflammatory"
"412","529","Levosalbutamol 1.25mg and Ipratropium 500mcg Respules","3 ml","8.44","Respiratory"
"413","530","Formoterol 6mcg and Budesonide 200mcg Rotacaps","30's","79.69","Respiratory"
"414","532","Salmeterol 50mcg and Fluticasone 250mcg Rotacaps","30's","112.5","Respiratory"
"415","537","Ambroxol Hydrochloride 15 mg, Guaifenesin 50 mg and Levosalbutamol Sulphate 1 mg Syrup","100 ml Bottle","21.57","Respiratory"
"416","539","Acetylcysteine Tablets 600 mg","10's","30","Respiratory"
"417","540","Levosalbutamol 1.25mg and Budesonide 1mg Respules","2 ML","25.79","Respiratory"
"418","541","Acebrophylline Capsules 100 mg","10's","20.63","Respiratory"
"419","542","Saline Nasal Drops (Sodium Chloride 0.65% w/v)","20 ml","11.25","Respiratory"
"420","543","Menthol (55 mg ± 5.) Cinnamon (12.5 mg ± 2) and Pine Oil (112.5 mg ± 1) Soft Capsules","10's","23.44","Respiratory"
"421","544","Fluticasone Propionate Respules 0.5mg per 2ml","2 ML","15.94","Respiratory"
"422","555","Doxofylline Tablets IP 400 mg","10's","15.94","Respiratory"
"423","556","Montelukast Sodium 10mg  and Fexofenadine Hydrochloride 120 mg Tablets","10's","41.25","Respiratory"
"424","558","Azelastine Hydrochloride 140mcg and Fluticasone Propionate 50mcg Nasal Spray","70 MD","178.13","Respiratory"
"425","560","Fluticasone Propionate Nasal Spray IP 50 mcg","100 MD","75","Respiratory"
"426","561","Levosalbutamol Syrup 1mg per 5ml","100 ML","12.38","Respiratory"
"427","562","Loratadine Tablets IP 10mg","10's","9.38","Anti-Histaminic"
"428","563","Oxymetazoline Hydrochloride Nasal Drops IP 0.5 mg per ml","10 ML","14.44","Respiratory"
"429","564","Tiotropium Bromide 18mcg and Formoterol Fumarate Dihydrate 12mcg Rotacaps","15's","70.32","Respiratory"
"430","565","Tiotropium Bromide 18mcg, Formoterol Fumarate Dihydrate 12mcg and Ciclesonide 400mcg Rotacaps","15's","140.63","Respiratory"
"431","566","Ipratropium Bromide Respirator Solution 250mcg","15 ML","26.25","Respiratory"
"432","567","Salbutamol 100mcg and Ipratropium 20mcg Inhaler","200 MDI","103.13","Respiratory"
"433","568","Salmeterol 25mcg and Fluticasone Propionate 250mcg Inhaler IP","100 MD","234.38","Respiratory"
"434","569","Sildenafil Tablets IP 50 mg","4's","9.29","Urology"
"435","570","Tadalafil Tablets IP 20 mg","4's","15.47","Urology"
"436","571","Tamsulosin Hydrochloride (Modified Release) 0.4mg and Dutasteride 0.5mg Tablets","15's","24.75","Urology"
"437","574","Rabies Vaccine, Human IP","1 ml vial with diluent in Mono pack","295","Anti-Rabies"
"438","580","Ginseng, Multivitamins and multiminerals Capsules","10's","30.94","Supplement/Vitamin/Mineral"
"439","581","Calcium Carbonate 500mg, Calcitriol 0.25mcg and Zinc 7.5mg Capsules","10's","18.57","Supplement/Vitamin/Mineral"
"440","582","Vitamins A,C,D,E,And B Complex and Minerals Syrup","200 ML","44.07","Supplement/Vitamin/Mineral"
"441","583","Cyproheptadine Tablets IP 4 mg","10's","3.75","Gastrointestinal (GIT)"
"442","585","Cholecalciferol Granules 60000 IU per gm","1 Sachet","9.29","Supplement/Vitamin/Mineral"
"443","586","Methylcobalamin 1500mcg, L- Carnitine L- Tartrate 500mg and Folic Acid 1.5mg Tablets","10's","103.13","Supplement/Vitamin/Mineral"
"444","588","Vitamin E Softgel Capsules 400 mg","10's","20.63","Supplement/Vitamin/Mineral"
"445","589","Calcium 500mg and Calcitriol 0.25mcg Tablets","15's","16.88","Supplement/Vitamin/Mineral"
"446","591","Methylcobalamin Injection 500 mcg","1 ML","6.57","Supplement/Vitamin/Mineral"
"447","592","L-Lysine + Multivitamins (Vit-B1,B2,B3,B5,B6 ) Syrup","200 ML","48.75","Supplement/Vitamin/Mineral"
"448","593","Folic Acid 15mg, Cyanocobalamine 500mcg and Nicotinamide 200mg Injection","10 ML","37.5","Supplement/Vitamin/Mineral"
"449","594","Dextrose Monohydrate IP Powder","75 gm","21.57","Electrolytes"
"450","595","Thiamine 100mg, Pyridoxine Hydrochloride 100mg and Cyanocobalamin 1000mcg per 3 ml Injection","3 ml","7.5","Supplement/Vitamin/Mineral"
"451","597","Pyridoxine Tablets IP 50 mg","10's","8.44","Supplement/Vitamin/Mineral"
"452","598","Pregabalin 75mg and Methylcobalamin 750mcg Tablets","10's","35.63","Central Nervous System (CNS)"
"453","599","Pregabalin Tablets 75 mg","10's","22.69","Central Nervous System (CNS)"
"454","601","Disulfiram Tablets IP 500 mg","4's","6.57","Anti-Alcoholism"
"455","603","Cetirizine Dihydrochloride 5mg, Phenylephrine Hydrochloride 10mg and Paracetamol 325mg Tablets","10's","17.54","Analgesic/Antipyretic/Anti-Inflammatory"
"456","608","Betamethasone Dipropionate 0.05% w/w and Salicylic Acid 3% w/w Ointment","20 gm","15.94","Dermatology/Topical/External"
"457","609","Silver Nitrate 0.20% w/w and Chlorhexidine Gluconate 0.20% w/w Cream","15 Gms Tube","23.44","Burn Relief"
"458","610","Paracetamol 125mg, Phenylephrine Hydrochloride 5mg and Cetirizine Dihydrochloride 2mg Suspension","60 ML","14.07","Respiratory"
"459","611","Cyproheptadine Hydrochloride Syrup IP 2mg","200 ml","28.13","Gastrointestinal (GIT)"
"460","612","Povidone-Iodine Powder 5% W/W","10 gm Container","17.82","Antiseptic/Disinfectants"
"461","613","Diclofenac Potassium 50mg, Paracetamol 325mg and Serratiopeptidase 10mg Tablets","10's","18.57","Analgesic/Antipyretic/Anti-Inflammatory"
"462","614","Paradichlorobenzene 2%w/v, Benzocaine 2.7%w/v, Chlorbutol 5%w/v and Turpentine Oil 15%w/v Ear Drops","10 ml","12.19","Dermatology/Topical/External"
"463","625","Bromhexine Hydrochloride 8mg and Phenylephrine Hydrochloride 5mg Tablets","15's","11.25","Respiratory"
"464","626","Ketoconazole Shampoo 2% W/V","100 ml Bottle","58.13","Derma Care"
"465","627","Etophylline 115mg and Theophylline 35mg Prolonged Release Tablets IP","10's","7.5","Respiratory"
"466","628","Etophylline 231mg and Theophylline 69mg Prolonged Release Tablets IP","10's","13.41","Respiratory"
"467","629","Inhalent Softgel Capsules (Camphor 25mg, Chlorothymol 5mg, Eucalyptol 130mg, Menthol 55mg, Turpineol 110mg)","10's","26.25","Respiratory"
"468","630","Liquid Paraffin 3.75ml and Milk of Magnesia 11.25ml per 15ml Suspension","170 ml Bottle","34.69","Gastrointestinal (GIT)"
"469","631","Etamsylate Tablets 500 mg","10's","12.19","Coagulants"
"470","632","Etamsylate Tablets 250 mg","10's","8.44","Coagulants"
"471","633","Adapalene 0.1%w/w and Clindamycin Phosphate 1%w/w Gel","15 gm tubes","30","Dermatology/Topical/External"
"472","634","Clobetasol Propionate 0.05%w/w, Neomycin 0.50%w/w, Miconazole 2%w/w and Chlorocresol 0.10%w/w Cream","20 gms.","26.82","Dermatology/Topical/External"
"473","637","Aceclofenac 100mg, Paracetamol 325mg and Chlorzoxazone 250mg Tablets","10's","15","Analgesic/Antipyretic/Anti-Inflammatory"
"474","639","Terbutaline Sulphate 1.25mg, Bromhexine 4mg, Guaiphenesin 50mg and Menthol 2.5mg Syrup per 5ml","100 ML","22.69","Respiratory"
"475","640","Nimesulide Gel 1% W/W","20 gm Tube","15","Dermatology/Topical/External"
"476","643","Paracetamol 125mg, Chlorpheniramine 1mg and Sodium Citrate 60mg Syrup in Flavour base","60 ml Bottle","16.88","Respiratory"
"477","644","Phenylephrine Hydrochloride 5mg and Chlorpheniramine Maleate 2mg Drops","15 ml Bottle","18.75","Respiratory"
"478","645","Nimesulid 100mg, Paracetamol 325mg and Chlorzoxazone 375mg Tablets","10's","18.75","Analgesic/Antipyretic/Anti-Inflammatory"
"479","648","Diclofenac Dithylamine 1.16%w/w, Linseed Oil 3%w/w, Methyl Salicylate 10%w/w and Menthol 5%w/w Spray","35 gm","51.57","Dermatology/Topical/External"
"480","649","Dicyclomine Hydrochloride 10mg and Simethicone 40mg Oral Drops","10 ml Bottle","10.32","Gastrointestinal (GIT)"
"481","650","Mefenamic Acid 500mg and Paracetamol 325mg Tablets","10's","15.94","Analgesic/Antipyretic/Anti-Inflammatory"
"482","655","Pepsin 7.5mg and Fungal Diastase Enyme 12.5mg Syrup per 5ml (Mix Fruit Flavour)","200 ml","45","Enzyme Preparation"
"483","656","Diastase and Pepsin Enzyme Drops","15 ml","16.88","Enzyme Preparation"
"484","658","Chlorhexidine Gluconate 0.3%v/v and Cetrimide 0.6%w/v Antiseptic Liquid","100 ML","11.25","Antiseptic/Disinfectants"
"485","661","Gama Benzene Hexachloride 1%w/v and Cetrimide 0.1%w/v lotion","100 ml","51.57","Dermatology/Topical/External"
"486","664","Mouth Ulcer Gel (Choline Salicylate Sodium 9% W/V, Benzalkonium Chloride 0.01% W/W)","10 gm","14.07","Stomatologicals"
"487","665","Vitamin B Complex and Ascorbic Acid Capsules","10's","15.94","Supplement/Vitamin/Mineral"
"488","666","Pheniramine Maleate Injection IP 22.75 mg","2 ML","3.75","Anti-Histaminic"
"489","668","Multivitamin Drops","15 ml","16.88","Supplement/Vitamin/Mineral"
"490","669","Cefuroxime Axetil Oral Suspension 125mg per 5ml","30 ML","61.88","Antibiotics"
"491","670","Glucosamine 750mg , Diacerein 50mg and Methylsulfonylmethane 250mg Tablets","10's","46.41","Ortho"
"492","671","Glucosamine 500mg and Diacerein 50mg Tablets","10's","51.57","Ortho"
"493","672","Mometasone Furoate Cream IP 0.1%w/w","15 gm","16.88","Dermatology/Topical/External"
"494","673","Biotin Tablets 10mg","10's","31.88","Supplement/Vitamin/Mineral"
"495","676","Triamcinolone Acetonide Mouth Ulcer Gel 0.1% w/w","10 gm","45.94","Stomatologicals"
"496","677","Flupentixol Tablets 0.5 mg","10's","10.32","Central Nervous System (CNS)"
"497","679","Nalidixic Acid Tablets IP 500 mg","10's","15.94","Urology"
"498","680","Finasteride Tablets IP 5mg","10's","41.25","Urology"
"499","682","Rabeprazole 20mg and Domperidone 10mg Capsules","10's","20.63","Gastrointestinal (GIT)"
"500","683","Rabeprazole Sodium (Gastro-resistant) 20mg and Itopride Hydrochloride Prolonged release 150mg Capsules IP","10's","37.5","Gastrointestinal (GIT)"
"501","685","Pantoprazole Sodium 40 mg (Enteric Coated) and Itopride Hydrochloride 150 mg (Sustained Release) Capsules","10's","46.88","Gastrointestinal (GIT)"
"502","686","Magaldrate 400mg and Simethicone 20mg Oral Suspension IP per 5ml","170 ml","39.38","Gastrointestinal (GIT)"
"503","687","Lactulose Solution IP 10g per 15ml","200 ml","120","Gastrointestinal (GIT)"
"504","689","Clotrimazole Vaginal Tablets IP 100mg","10's","14.07","Antibiotics"
"505","690","Timolol Maleate Eye Drops IP 0.5 %","5 ml Vial","19.69","Opthalmic/Otic"
"506","691","Ofloxacin Eye Drops IP 0.3% w/v","10 ml","10.32","Opthalmic/Otic"
"507","692","Olopatadine Hydrochloride Ophthalmic Solution IP 0.1% w/v","10 ml Vial","42.19","Opthalmic/Otic"
"508","693","Tropicamide Eye Drops IP 1% W/V","5 ml Vial","28.13","Opthalmic/Otic"
"509","696","Polymyxin B Sulphate 5000IU, Chloramphenicol 4mg and Dexamethasone 1mg Eye/Ear Drops","5 ml","39.38","Opthalmic/Otic"
"510","697","Sulphacetamide Eye Drop IP 10 % w/v","10 ml","11.25","Opthalmic/Otic"
"511","699","Acyclovir Eye Ointment IP 3% W/W","5 gm","23.44","Opthalmic/Otic"
"512","701","Pilocarpine Eye Drops IP 2% W/V","10 ml Vial","0","Opthalmic/Otic"
"513","704","Cephalexin Dry Syrup 125mg per 5ml","30 ml","17.82","Antibiotics"
"514","705","Levofloxacin Infusion IP 500 mg per 100 ml","100 ML","33.75","Antibiotics"
"515","707","Piroxicam Dispersible Tablets 10 mg","10's","9.38","Analgesic/Antipyretic/Anti-Inflammatory"
"516","708","Piroxicam Dispersible Tablets 20 mg","10's","19.69","Analgesic/Antipyretic/Anti-Inflammatory"
"517","709","Piroxicam with bezyl alcohol Injection 20 mg","1 ml","5.63","Analgesic/Antipyretic/Anti-Inflammatory"
"518","710","Piroxicam with bezyl alcohol Injection 40 mg","2 ml","11.25","Analgesic/Antipyretic/Anti-Inflammatory"
"519","712","Paracetamol Oral Suspension IP 250mg per 5ml","60 ml","19.69","Analgesic/Antipyretic/Anti-Inflammatory"
"520","713","Glibenclamide 5mg and Metformin Hydrochloride 500mg Tablets IP","10's","11.25","Anti-Diabetic"
"521","715","Glycerin IP 98%W/W","50 GM","20.63","Dermatology/Topical/External"
"522","717","Etodolac Tablets IP 300mg","10's","35.07","Analgesic/Antipyretic/Anti-Inflammatory"
"523","718","Escitalopram Oxelate 10mg and Clonazepam 0.5mg Tablets IP","10's","14.07","Central Nervous System (CNS)"
"524","720","Ringer Lactate Infusion","500 ml in FFS Bottle","22.5","Electrolytes"
"525","722","Water for Injection amp polypack 5 ml","5 ml","1.41","Irrigation Fluid"
"526","723","Water for Injection amp polypack 10ml","10 ml","1.88","Irrigation Fluid"
"527","725","Dextrose Intravenouse Infusion IP 5% w/v","500 ml","18.75","Electrolytes"
"528","726","Dextrose Injection IP 10% w/v","500 ml","15.47","Electrolytes"
"529","728","Dextrose 5%w/v and Sodium Chloride 0.9%w/v Injection IP","500 ml","18.75","Electrolytes"
"530","732","Sodium Chloride Injection IP 0.9%W/V","100 ml IV Fluid Plastic Container","14.07","Electrolytes"
"531","733","Progesterone Sustained Release Tablets 200 mg","10's","152.82","Gynaecology"
"532","734","Dehydroepiandrosterone (Micronized) 25 mg Capsule","10's","65.63","Gynaecology"
"533","736","Megestrol Acetate Tablets IP 40mg","10's","131.25","Oncology"
"534","739","Cefuroxime Axetil Tablets IP 125mg","6's","32.82","Antibiotics"
"535","740","Clarithromycin Tablets IP 250 mg","10's","76.88","Antibiotics"
"536","741","Cefpodoxime Proxetil Dispersible Tablets 50 mg","10's","27.19","Antibiotics"
"537","746","Valganciclovir Hydrochloride Tablets USP 450 mg","10's","1740","Anti-viral"
"538","747","Glimepiride Tablets IP 3mg","10's","6.19","Anti-Diabetic"
"539","748","Glimepiride Tablets IP 4mg","10's","7.5","Anti-Diabetic"
"540","752","Clotrimazole Powder 1%","100 gm Powder","56.72","Dermatology/Topical/External"
"541","753","Clotrimazole 1%w/v and Beclometasone Dipropionate 0.025%w/v Lotion","15 ml","26.25","Dermatology/Topical/External"
"542","754","Clotrimazole 1%w/w and Beclomethasone Dipropionate 0.025%w/w Cream","15 gm","12.38","Dermatology/Topical/External"
"543","757","Cefuroxime Injection IP 1500mg","Vial & Wfi","65.63","Antibiotics"
"544","759","Rosuvastatin Tablets IP 10mg","15's","17.54","Cardiovascular System (CVS)"
"545","762","Nortriptyline Tablets IP 25mg","10's","15","Central Nervous System (CNS)"
"546","764","Etizolam Tablets IP 0.5mg","10's","9.29","Central Nervous System (CNS)"
"547","766","L-Methylfolate calcium 7.5mg Tablet","10's","55.32","Supplement/Vitamin/Mineral"
"548","767","Metformin Hydrochloride 1000mg (Prolonged Release) and Glimepiride 2mg Tablets IP","10's","34.04","Anti-Diabetic"
"549","768","Acetazolamide Tablets IP 250mg","10's","18","Altitude Sickness"
"550","769","Acetylsalicylic Acid (Aspirin) Gastro-resistant Tablets IP 325mg","14's","7.5","Cardiovascular System (CVS)"
"551","772","Adenosine Injection IP 3mg per ml","2 ml","23.44","Cardiovascular System (CVS)"
"552","779","Alpha Lipolic Acid 100mg, Vitamin D3 1000IU, Folic Acid 1.5mg, Pyridoxine 3mg and Methylcobalamin1500mcg Tablets","10's","45","Supplement/Vitamin/Mineral"
"553","781","Alprazolam 0.25mg and Fluoxetine 20mg Tablets","10's","13.13","Central Nervous System (CNS)"
"554","784","Amisulpride Tablets IP 50mg","10's","29.07","Central Nervous System (CNS)"
"555","785","Amitriptyline Hydrochloride Tablets IP 25mg","15's","8.25","Central Nervous System (CNS)"
"556","786","Amitriptyline Hydrochloride Tablets IP 10mg","10's","6.19","Central Nervous System (CNS)"
"557","788","Anastrozole Tablets IP 1mg","10's","73.13","Oncology"
"558","790","Aspirin Enteric Coated Tablets IP 75mg","14's","2.82","Cardiovascular System (CVS)"
"559","791","Atenolol 25mg and Amlodipine 5mg Tablets IP","14's","15","Cardiovascular System (CVS)"
"560","793","Atenolol Tablets IP 25mg","14's","5.63","Cardiovascular System (CVS)"
"561","796","Aspirin Gastro-resistant 75mg and Atorvastatin 10mg Capsules IP","10's","15","Cardiovascular System (CVS)"
"562","797","Atracurium Besylate Injection I.P 25mg per 2.5ml","2.5 ML","22.04","Anaesthetics"
"563","800","Bacitracin 250 IU, Neomycin 5mg, Sulphacetamide 60mg Dusting Powder","10 gm Powder","23.44","Dermatology/Topical/External"
"564","804","Betamethasone Injection IP 4 mg per ml","1 ml","2.82","Steroids & Hormones"
"565","806","Bicalutamide Tablets IP 50mg","10's","128.44","Oncology"
"566","807","Biphasic Isophane Insulin Injection IP 100 IU/ml (30:70 ) (30% Soluble Insulin and 70% Isophane Insu","3 ml Catridge","165","Anti-Diabetic"
"567","809","Bortezomib Injection IP 3.5 mg","Vial","928.13","Oncology"
"568","811","Bromfenac Sodium Eye Drop 0.09%w/v","5 ml","61.88","Opthalmic/Otic"
"569","812","Bromocriptine Mesylate Tablets IP 2.5mg","10's","82.5","Central Nervous System (CNS)"
"570","814","Cabergoline Tablets IP 0.5mg","4's","159.38","Gynaecology"
"571","815","Calcitriol Capsules IP 0.25mcg","10's","27.85","Supplement/Vitamin/Mineral"
"572","816","Calcium Acetate Tablets 667mg","10's","26.25","Supplement/Vitamin/Mineral"
"573","817","Calcium Carbonate 1250mg, Vitamin D3 250IU, Magnesium Oxide 40mg, Manganese Sulphate 1.8mg and Zinc 7.5mg Tablets","10's","13.41","Supplement/Vitamin/Mineral"
"574","818","Calcium Gluconate Injection IP 10 % w/v","10 ml","4.69","Supplement/Vitamin/Mineral"
"575","821","Carvedilol Tablets IP 6.25mg","10's","7.22","Cardiovascular System (CVS)"
"576","829","Chloramphenicol Eye Ointment IP 1%w/w","5 gm","15.94","Opthalmic/Otic"
"577","830","Chlordiazepoxide 10mg and Trifluoperazine 1mg Tablets","10's","14.07","Central Nervous System (CNS)"
"578","832","Chlorthalidone Tablets IP 12.5mg","10's","13.41","Cardiovascular System (CVS)"
"579","833","Cholecalciferol (Vitamin D3) Drops 800 IU per ml","15 ml","25.32","Supplement/Vitamin/Mineral"
"580","834","Cholecalciferol (Vitamin D3) Drops 400 IU per ml","15 ml","18.75","Supplement/Vitamin/Mineral"
"581","835","Glucosamine Sulphate 500mg and Chondroitin 400mg Tablets","10's","79.69","Ortho"
"582","837","Cilnidipine Tablets IP 20mg","10's","18.57","Cardiovascular System (CVS)"
"583","838","Cilostazol Tablets IP 50mg","10's","61.88","Cardiovascular System (CVS)"
"584","840","Citicoline Tablets IP 500mg","10's","207.29","Central Nervous System (CNS)"
"585","844","Clonazepam Tablets IP 1mg","10's","8.25","Central Nervous System (CNS)"
"586","850","Cyclosporin capsules IP 50mg","5's","120","Immunosuppressant"
"587","851","Dacarbazine Injection IP 200mg","VIAL","176.25","Oncology"
"588","853","Daunorubicin Hydrochloride Injection IP 20mg","vial","204","Oncology"
"589","860","Dextromethorphan Hydrobromide Syrup IP 13.5mg per 5ml","50 ml","21.57","Respiratory"
"590","864","Dextrose Injection IP 25%w/v","100 ml","11.25","Supplement/Vitamin/Mineral"
"591","865","Diacerein Capsules IP 50mg","10's","42.19","Ortho"
"592","866","Diazepam Injection IP 5mg per ml","2 ML","7.5","Central Nervous System (CNS)"
"593","868","Dicyclomine Hydrochloride (Dicycloverine) Injection IP 10mg per ml","2 ml","3.75","Gastrointestinal (GIT)"
"594","875","Donepezil Hydrochloride Tablets IP 10mg","10's","23.44","Central Nervous System (CNS)"
"595","878","Drotaverine Hydrochloride 80mg and Mefenamic Acid 250mg Tablets","10's","18.75","Gastrointestinal (GIT)"
"596","879","Drotaverine Hydrochloride Tablets IP 40mg","10's","7.5","Gastrointestinal (GIT)"
"597","881","Ebastine Tablets IP 10mg","10's","18.75","Anti-Histaminic"
"598","882","Efavirenz Tablets IP 600mg","30's","510","Anti-Retroviral"
"599","885","Ethinylestradiol 0.05mg and Levonorgestrel 0.25mg Tablets IP","21's","30","Gynaecology"
"600","888","Febuxostat Tablets 40mg","10's","18.75","Ortho"
"601","889","Febuxostat Tablets 80mg","10's","31.88","Ortho"
"602","897","Formoterol 6mcg and Fluticasone Propionate 250mcg Inhaler","120 MDI","271.88","Respiratory"
"603","899","Frusemide 20mg and Spironolactone 50mg Tablets","10's","26.25","Diuretic"
"604","900","Gabapentin 100mg and Methylcobalamin 500mcg Tablets","10's","34.04","Central Nervous System (CNS)"
"605","901","Gabapentin Capsules IP 300mg","10's","25.79","Central Nervous System (CNS)"
"606","904","Metformin Hydrochloride 500mg (Prolonged release) and Glimepiride 1mg Tablets IP","10's","16.5","Anti-Diabetic"
"607","906","Glyceryl Trinitrate Controlled Release Tablets 2.6mg (Nitroglycerin Controlled Release Tablets)","30's","46.88","Cardiovascular System (CVS)"
"608","910","Human Chorionic Gonadotrophin IP 5000 IU (Powder for injection with solvent)","Vial and solvent","215","Gynaecology"
"609","912","Hydrochlorothiazide Tablets IP 12.5mg","10's","5.63","Cardiovascular System (CVS)"
"610","913","Hydrocortisone Sodium Succinate Injection IP 100mg","Vial","20","Steroids & Hormones"
"611","915","Hydroxyzine Hydrochloride Tablets IP 10mg","10's","7.22","Anti-Histaminic"
"612","916","Imatinib Mesylate Tablets IP 400mg","10's","210.94","Oncology"
"613","917","Imipramine Hydrochloride Tablets IP 25mg","10's","4.69","Central Nervous System (CNS)"
"614","920","Soluble Insulin Injection IP 100 IU per ml (R-DNA Origin)","3 ml Catridge","170","Anti-Diabetic"
"615","922","Isopropyl Alcohol IP (70%) (Spirit)","100 ML bottle","40","Dermatology/Topical/External"
"616","923","Isosorbidemononitrate Tablets IP 20mg","10's","7.5","Cardiovascular System (CVS)"
"617","924","Isoxsuprine Hydrochloride Tablets IP 10mg","50's","42.19","Cardiovascular System (CVS)"
"618","926","Ketoconazole Cream 2% w/w","15 gm Tube","18.57","Dermatology/Topical/External"
"619","931","Lamotrigine Tablets 100mg","10's","41.25","Central Nervous System (CNS)"
"620","933","Leflunomide Tablets IP 20mg","10's","69.38","Ortho"
"621","934","Lenalidomide Capsules 10mg","10's","435","Oncology"
"622","935","Letrozole Tablets IP 2.5mg","10's","31.88","Oncology"
"623","936","Leuprolide Acetate Injections 3.75mg","1's","1687.5","Oncology"
"624","938","Levocarnitine Injections 1gm","5 ml","65.63","Supplement/Vitamin/Mineral"
"625","939","Levocarnitine Tablets 500mg","10's","52.5","Supplement/Vitamin/Mineral"
"626","944","Levosalbutamol Inhaler 50mcg","200 Mdi","77.82","Respiratory"
"627","945","Levosulpiride Tablets 25mg","10's","10.32","Gastrointestinal (GIT)"
"628","946","Lignocaine (Lidocaine) Hydrochloride Gel IP 2% W/V","20g","10.32","Anaesthetics"
"629","947","Lithium Carbonate Prolonged Release Tablets IP 450mg","10's","18.75","Central Nervous System (CNS)"
"630","948","Lorazepam Tablets IP 1mg","10's","10.32","Central Nervous System (CNS)"
"631","949","Lorazepam Tablets IP 2mg","10's","11.25","Central Nervous System (CNS)"
"632","951","Lycopene with Multivitamins and Multi Minerals Syrup","200 ml","50.63","Supplement/Vitamin/Mineral"
"633","954","Medroxyprogesterone Acetate Tablets IP 10mg","10's","24.38","Gynaecology"
"634","955","Mefenamic Acid 50mg and Paracetamol 125mg Suspension per 5ml","60 ml","10.32","Analgesic/Antipyretic/Anti-Inflammatory"
"635","956","Mefloquine Hydrochloride Tablets IP 250mg","4's","106.88","Anti-Malarial"
"636","957","Memantine Hydrochloride Tablets IP 10mg","10's","23.44","Central Nervous System (CNS)"
"637","960","Metformin Sustained Release Tablets IP 850mg","10's","18.57","Anti-Diabetic"
"638","965","Miconazole 2%w/w and Fluocinolone Acetonide 0.01%w/w Ointment","15 gm Tube","23.44","Dermatology/Topical/External"
"639","968","Mirtazapine Tablets IP 15mg","10's","28.13","Central Nervous System (CNS)"
"640","972","Mycophenolate Mofetil Tablets IP 500mg","10's","180","Immunosuppressant"
"641","974","Natural Micronised Progesterone Capsules 100mg","10's","62.82","Gynaecology"
"642","975","Nebivolol 5mg and Hydrochlorothiazide 12.5mg Tablets","10's","61.88","Cardiovascular System (CVS)"
"643","976","Nebivolol Tablets IP 2.5mg","10's","15","Cardiovascular System (CVS)"
"644","978","Nepafenac Eye Drop 0.1% W/V","5 ml","61.88","Opthalmic/Otic"
"645","986","Nitrazepam Tablets I.P 10mg","10's","8.44","Central Nervous System (CNS)"
"646","987","Nitrofurantoin Tablets I.P 100mg","10's","16.5","Urology"
"647","990","Olanzapine Tablets IP 10mg","10's","8.25","Central Nervous System (CNS)"
"648","991","Olanzapine Tablets IP 5mg","10's","6.19","Central Nervous System (CNS)"
"649","992","Olmesartan Medoxomil Tablets IP 20mg","10's","15.94","Cardiovascular System (CVS)"
"650","993","Ondansetron Oral Solution IP 2 mg per 5ml","30 ml","14.07","Anti-Emetic"
"651","994","Oxaliplatin Injections IP 50mg","Vial","445.32","Oncology"
"652","997","Paclitaxel Injection IP 100mg (6mg/ml)","Vial","506.25","Oncology"
"653","999","Paroxetine Prolonged Release Tablets IP 37.5mg","10's","60","Central Nervous System (CNS)"
"654","1003","Permethrin Cream 5% w/w","30 gm","22.5","Dermatology/Topical/External"
"655","1005","Phenobarbitone Tablets IP 30mg","30's","15.94","Central Nervous System (CNS)"
"656","1008","Phytomenadione Injection (Vitamin K1) IP 1mg per 0.5ml","0.5 ml Ampoule","10.32","Coagulants"
"657","1009","Pioglitazone Tablets IP 15 mg","10's","8.25","Anti-Diabetic"
"658","1011","Piracetam Syrup 500mg per 5ml","100 ml","60.94","Central Nervous System (CNS)"
"659","1012","Piracetam Tablets 400mg","10's","17.54","Central Nervous System (CNS)"
"660","1024","Promethazine Injection IP 25 mg per ml","2 ml","2.82","Anti-Emetic"
"661","1026","Propranolol Tablets IP 10mg","10's","5.16","Cardiovascular System (CVS)"
"662","1029","Pyrazinamide Tablets IP 1000mg","10's","0","Anti-T.B"
"663","1031","Quetiapine Fumarate Tablets IP 200mg","10's","60.94","Central Nervous System (CNS)"
"664","1032","Quetiapine Tablets IP 100mg","10's","34.04","Central Nervous System (CNS)"
"665","1037","Erythropoietin Injection IP 4000 IU","Vial","278.44","Erythropoiesis"
"666","1038","Erythropoietin Injection IP 2000 IU","Vial","215.63","Erythropoiesis"
"667","1041","Risperidone 4mg and Trihexiphenidyl 2mg Tablets","10's","13.41","Central Nervous System (CNS)"
"668","1042","Risperidone Tablets IP 4mg","10's","8.44","Central Nervous System (CNS)"
"669","1044","Rosuvastatin Tablets IP 5mg","10's","12.38","Cardiovascular System (CVS)"
"670","1049","Sertraline Tablets IP 50mg","10's","16.88","Central Nervous System (CNS)"
"671","1050","Sertraline Tablets IP 100mg","10's","20.63","Central Nervous System (CNS)"
"672","1051","Sertraline Tablets IP 25mg","10's","14.07","Central Nervous System (CNS)"
"673","1059","Sodium Valproate Enteric Coated Tablets IP 200mg","10's","15.94","Central Nervous System (CNS)"
"674","1060","Sodium Valproate Gastro-Resistant Tablets IP 300mg","10's","20.63","Central Nervous System (CNS)"
"675","1062","Sofosbuvir Tablets IP 400mg","28's in a bottle","4125","Hepato-Protective"
"676","1068","Sucralfate 1g and Oxetacaine 10mg Suspension per 10ml","100 ml","63.75","Gastrointestinal (GIT)"
"677","1072","Tamsulosin Hydrochloride Prolonged Release Capsules IP 0.4mg","10's","20.63","Urology"
"678","1073","Telmisartan 40mg and Metoprolol 25mg Tablets","10's","28.13","Cardiovascular System (CVS)"
"679","1074","Telmisartan 80mg and Hydrochlorothiazide 12.5mg Tablets IP","10's","21.57","Cardiovascular System (CVS)"
"680","1075","Teneligliptin Tablets IP 20mg","10's","18.75","Anti-Diabetic"
"681","1076","Tenofovir Disoproxil Fumarate Tablets IP 300 mg","10's","183.75","Anti-Retroviral"
"682","1081","Tizanidine Tablets I.P 2mg","10's","9.38","Analgesic/Antipyretic/Anti-Inflammatory"
"683","1087","Trihexyphenidyl Hydrochloride Tablets IP 2mg (Benzhexol Hydrochloride Tablets IP 2mg)","10's","6.19","Central Nervous System (CNS)"
"684","1088","Trimetazidine Hydrochloride Modified Release Tablets 35 mg","10's","20.63","Cardiovascular System (CVS)"
"685","1091","Vecuronium Bromide Injection I.P 4mg","Vial","45","Anaesthetics"
"686","1097","Vitamin A Capsule IP 25000 IU","30's","15","Supplement/Vitamin/Mineral"
"687","1098","Metformin Hydrochloride 500mg (Sustained Release) and Voglibose 0.2mg Tablets","10's","14.44","Anti-Diabetic"
"688","1099","Metformin Hydrochloride 500mg and Voglibose 0.3mg Tablets","10's","15.47","Anti-Diabetic"
"689","1104","Zoledronic Acid Injection IP 4mg per Vial","Vial","165","Ortho"
"690","1105","Zolpidem Tablets IP 10mg","10's","16.88","Central Nervous System (CNS)"
"691","1106","Metoprolol Succinate 50mg (Extended Release) and Telmisartan 40mg Tablets","10's","29.91","Cardiovascular System (CVS)"
"692","1108","Sildenafil Tablets IP 100 mg","4's","9.38","Urology"
"693","1110","Clobazam Tablet IP 5mg","10's","14.07","Central Nervous System (CNS)"
"694","1111","Gabapentin 400mg and Nortriptyline 10mg Tablets","10's","51.57","Central Nervous System (CNS)"
"695","1112","Cinnarizine Tablets IP 25mg","10's","7.22","Central Nervous System (CNS)"
"696","1114","Moxifloxacin Hydrochloride Eye Drops IP 0.5% w/v","5 ml","13.41","Opthalmic/Otic"
"697","1123","Clomipramine Hydrochloride Sustained release Tablets 75mg","10's","51.57","Central Nervous System (CNS)"
"698","1124","Fluvoxamine Maleate Tablets IP 100mg","10's","69.38","Central Nervous System (CNS)"
"699","1125","Aripiprazole Tablets IP 5mg","10's","13.13","Central Nervous System (CNS)"
"700","1129","Teneligliptin 20mg and Metformin Hydrochloride 500mg (Sustained Release) Tablets IP","10's","28.13","Anti-Diabetic"
"701","1130","Teneligliptin 20mg and Metformin Hydrochloride 1000mg (Sustained Release) Tablets IP","10's","37.5","Anti-Diabetic"
"702","1131","Natural Micronised Progesterone Capsules 200mg","10's","117.19","Gynaecology"
"703","1135","Diacerein 50mg and Glucosamine Sulphate 750mg Tablets","10's","46.88","Ortho"
"704","1149","Lisinopril Tablets IP 10mg","15's","21.57","Cardiovascular System (CVS)"
"705","1152","Carbamazepine Prolonged-release Tablets IP 200mg","10's","14.07","Central Nervous System (CNS)"
"706","1154","Diethylcarbamazine Citrate Tablets IP 100mg","30's","17","Anthelmintic"
"707","1156","Metoprolol Succinate 25mg (Extended Release) and Amlodipine Besilate 5mg Tablets IP","7's","12","Cardiovascular System (CVS)"
"708","1157","Doxylamine Succinate 20mg and Pyridoxine Hydrochloride 20mg Tablets","10's","14.07","Gynaecology"
"709","1162","Betamethasone Cream IP 0.1 % w/w","20 gm","9.29","Dermatology/Topical/External"
"710","1164","Nandrolone Decanoate Injection IP 50 mg per ml","2 ml","37.5","Steroids & Hormones"
"711","1166","Mefenamic Acid Tablets 250 mg","10's","9.38","Analgesic/Antipyretic/Anti-Inflammatory"
"712","1167","Mefenamic Acid Tablets 500 mg","10's","15.94","Analgesic/Antipyretic/Anti-Inflammatory"
"713","1168","Ketorolac Injection IP 30mg per ml","1 ml","11.25","Analgesic/Antipyretic/Anti-Inflammatory"
"714","1170","Acetylcysteine Injection 200 mg per ml","2 ml Ampoules","23.44","Respiratory"
"715","1178","5-Flurouracil Injection 500mg","10 ml","11.5","Oncology"
"716","1181","Carboplatin Injection IP 150mg","15 ml Vial","386.72","Oncology"
"717","1182","Carboplatin Injection IP 450mg","45 ml Vial","1600.32","Oncology"
"718","1183","Cyclophosphamide Injection IP 500 mg","VIAL","35","Oncology"
"719","1186","Cyclosporin Capulses IP 25mg","5's","72","Immunosuppressant"
"720","1187","Cyclosporine Capsules IP 100 mg","5's","230","Immunosuppressant"
"721","1191","Glycopyrrolate Injection IP 0.2mg","1 ml","6.57","Gastrointestinal (GIT)"
"722","1199","Hydroxyurea Capsules IP 500mg","10's","66","Oncology"
"723","1201","Ifosfamide Injection IP 1gm","VIAL","159.38","Oncology"
"724","1203","Protamine Sulphate Injection IP 10mg per ml","5 ml Vial/Ampoule","21","Anticoagulant"
"725","1211","Docetaxel Injection IP 80 mg","VIAL","1687.5","Oncology"
"726","1212","Docetaxel Injection IP 120 mg","VIAL","2531.25","Oncology"
"727","1213","Erlotinib Tablets IP 150 mg","10's Bottle","656.25","Oncology"
"728","1214","Gefitinib Tablets IP 250 mg","10's","412.5","Oncology"
"729","1215","Pemetrexed Injection IP 100 mg","VIAL","759.38","Oncology"
"730","1216","Pemetrexed Injection IP 500 mg","VIAL","2165.63","Oncology"
"731","1217","Temozolomide Capsules IP 100mg","5's in Bottle","1371.57","Oncology"
"732","1218","Temozolomide Capsules IP 250 mg","5's","2517.19","Oncology"
"733","1219","Amino Acid Solution for IV","200 ml Glass Bottle","247","Electrolytes"
"734","1220","Oseltamivir Capsules IP 75mg","10's","178.13","Anti-Viral"
"735","1221","Thyroxine Sodium Tablets IP 50mcg","100's in Bottle","51.57","Anti-Thyroid"
"736","1222","Artemether 80mg and Lumefantrine 480mg Tablets","6's","28.13","Anti-Malarial"
"737","1223","Carbonyl Iron 50mg, Folic Acid 0.5mg and Zinc 61.8mg Capsules","15's","20.63","Supplement/Vitamin/Mineral"
"738","1225","Orlistat Capsules 120 mg","10's","134.07","Weight management"
"739","1226","Triamcinolone Acetonide Injection IP 40mg per ml","1 ml Vial","46.88","Steroids & Hormones"
"740","1227","Triamcinolone Tablets IP 4mg","10's","32.82","Steroids & Hormones"
"741","1228","Gabapentin 300mg and Amitriptyline 10mg Tablets","10's","51.57","Respiratory"
"742","1231","Vitamin E Acetate 200mg and Levocarnitine 150mg Tablets","10's","0","Supplement/Vitamin/Mineral"
"743","1232","Noscapine Syrup 1.83mg per 5ml","50 ml","37.5","Respiratory"
"744","1236","Albendazole Tablets IP 400mg","1's","3.1","Anthelmintic"
"745","1238","Prazosin Hydrochloride Sustained Release Tablets 2.5 mg","30's","56.25","Cardiovascular System (CVS)"
"746","1240","Gliclazide 80mg and Metformin Hydrochloride 500mg Tablets","10's","26.82","Anti-Diabetic"
"747","1241","Cefaclor Dispersible Tablets 250 mg","10's","168.75","Antibiotics"
"748","1246","Fluconazole Tablets IP 150 mg","1's","5.16","Anti-Fungal"
"749","1248","Haematinic Syrup of Iron 32mg ,Folic Acid 0.5mg and Vitamin B12 7.5mcg","200 ml Bottle","39.38","Supplement/Vitamin/Mineral"
"750","1251","Vitamin B6 (Pyridoxine Hydrochloride) Tablets IP 100mg","10's","20.63","Supplement/Vitamin/Mineral"
"751","1252","Calcium Phosphate 82mg, Vitamin D3 200IU and Vitamin B12 2.5mcg Suspension","200 ml","33.75","Supplement/Vitamin/Mineral"
"752","1254","Diphenhydramine 13-15mg, Ammonium Chloride 135-150mg , Sodium Citrate 57-85mg, Menthol 0.9-2.6mg Cough Syrup","100 ml Bottle","16.88","Respiratory"
"753","1255","Acebrophylline 200mg (Sustained Release) and Montelukast 10mg Tablets","10's","51.57","Respiratory"
"754","1257","Allylestrenol Tablets 5 mg","10's","30.94","Gynaecology"
"755","1261","Amiloride 2.5mg and Hydrochlorothiazide 25mg Tablet IP","10's","14.07","Cardiovascular System (CVS)"
"756","1263","Ampicillin Capsules IP 500 mg","10's","37.5","Antibiotics"
"757","1281","Chlordiazepoxide Tablets IP 10 mg","10's","19.69","Central Nervous System (CNS)"
"758","1283","Chlorthalidone Tablets IP 6.25 mg","10's","9.38","Cardiovascular System (CVS)"
"759","1284","Cilnidipine 10mg and Telmisartan 40mg Tablets","10's","22.69","Cardiovascular System (CVS)"
"760","1285","Cinitapride Tablets 1 mg","10's","28.13","Gastrointestinal (GIT)"
"761","1297","Ranitidine 150mg and Domperidone 10mg Tablets","15's","14.07","Gastrointestinal (GIT)"
"762","1298","Donepezil Tablets IP 5 mg","10's","18.75","Central Nervous System (CNS)"
"763","1301","Drotaverine 80mg and Aceclofenac 100mg Tablets","10's","30.94","Analgesic/Antipyretic/Anti-Inflammatory"
"764","1302","Duloxetine Gastro-resistant Tablets IP 20 mg","10's","25.32","Central Nervous System (CNS)"
"765","1306","Escitalopram Oxalate 5mg and Clonazepam 0.5mg Tablets IP","10's","13.41","Central Nervous System (CNS)"
"766","1307","Ethinylestradiol 0.03mg and Desogestrel 0.15mg Tablets","21's","90","Gynaecology"
"767","1308","Ethinylestradiol 0.03mg and Levonorgestrel 0.15mg Tablets IP","21's","35","Gynaecology"
"768","1310","Faropenem Tablets 200mg","6's","281.25","Antibiotics"
"769","1311","Fenofibrate Tablets IP 145 mg","10's","20.63","Cardiovascular System (CVS)"
"770","1312","Flavoxate Tablets IP 200 mg","15's","56.25","Urology"
"771","1315","Fluticasone Furoate Nasal Spray 27.5mcg","120 MDI","129.38","Respiratory"
"772","1319","Gabapentin Tablets IP 100 mg","10's","14.44","Central Nervous System (CNS)"
"773","1328","Isoxsuprine Injection IP 5 mg","2 ml Vial","9.38","Gynaecology"
"774","1341","Mebendazole Tablets IP 100 mg","6's","8.44","Anthelmintic"
"775","1342","Mebeverine Hydrochloride Tablets IP 200mg","10's","52.5","Gastrointestinal (GIT)"
"776","1344","Meropenem 1000mg and Sulbactam 500mg Injection","Vial & Wfi","268.13","Antibiotics"
"777","1345","Meropenem Injection IP 500 mg","Vial & Wfi","154.69","Antibiotics"
"778","1348","Methylprednisolone Tablets IP 4mg","10's","15.47","Steroids & Hormones"
"779","1353","Mirtazapine Tablets IP 7.5mg","10's","12.19","Central Nervous System (CNS)"
"780","1354","Modafinil Tablets IP 200mg","10's","78.75","Central Nervous System (CNS)"
"781","1359","Naproxen Tablets IP 250 mg","15's","21.57","Analgesic/Antipyretic/Anti-Inflammatory"
"782","1367","Olmesartan 20mg, Amlodipine 5mg and Hydrochlorothiazide 12.5mg Tablets","10's","39.19","Cardiovascular System (CVS)"
"783","1368","Olmesartan Medoxomil 20mg and Hydrochlorothiazide 12.5mg Tablets IP","10's","25.32","Cardiovascular System (CVS)"
"784","1375","Phenobarbitone Tablets IP 60 mg","30's","26.25","Central Nervous System (CNS)"
"785","1382","Prasugrel Tablets IP 10 mg","10's","61.88","Cardiovascular System (CVS)"
"786","1383","Pregabalin 75mg and Nortriptyline 10mg Tablets","10's","31.97","Central Nervous System (CNS)"
"787","1384","Quetiapine Tablets IP 25 mg","10's","10.32","Central Nervous System (CNS)"
"788","1392","Aspirin Gastro Resistant 75mg and Rosuvastatin 10mg Capsules IP","10's","34.69","Cardiovascular System (CVS)"
"789","1393","Rosuvastatin 10mg and Clopidogrel 75mg Capsules","10's","39.38","Cardiovascular System (CVS)"
"790","1396","Sertaconazole Nitrate Cream IP 2%w/w","15 gm","56.25","Anti-Fungal"
"791","1409","Teicoplanin Injection IP 400mg","1 ml Vial","750","Antibiotics"
"792","1410","Telmisartan 40mg, Amlodipine 5mg and Hydrochlorothiazide 12.5mg Tablets","10's","19.6","Cardiovascular System (CVS)"
"793","1411","Telmisartan 40mg and Chlorthalidone 6.25mg Tablets","10's","18.75","Cardiovascular System (CVS)"
"794","1414","Terlipressin Injection 1000 mcg (1 mg/10ml)","10 ml Vial","210.94","Cardiovascular System (CVS)"
"795","1417","Thiocolchicoside Capsules IP 4mg","10's","42.19","Analgesic/Antipyretic/Anti-Inflammatory"
"796","1418","Tigecycline Injection IP 50 mg","5 ml Vial","618.75","Antibiotics"
"797","1427","Trypsin 48mg, Bromelain 90mg and Rutoside Trihydrate 100mg Tablets","10's","65.63","Analgesic/Antipyretic/Anti-Inflammatory"
"798","1431","Valethamate Injection 8 mg per ml (For IM/IV use)","1 ml Ampoule","9.29","Gynaecology"
"799","1432","Tobramycin Eye Drops 0.3%w/v","5 ml Vial","25","Opthalmic/Otic"
"800","1435","Capecitabine Tablets IP 500mg","10's","234.38","Oncology"
"801","1437","Cefpodoxime Proxetil Oral Suspension IP 50mg","30 ml","28.13","Antibiotics"
"802","1438","Metformin Hydrochloride 500mg (Sustained Release), Glimepiride 2mg and Voglibose 0.2mg Tablets","10's","29.91","Anti-Diabetic"
"803","1440","Janaushadhi Protein Powder 250g","1's Tin 250g","177.97","Nutraceuticals"
"804","1441","Janaushadhi Nirmal (Nicotine Polacrilex Chewing Gum 2 mg))","1 x 9's (mono carton pack)","42","Smoking Cessation"
"805","1442","Janaushadhi Urja (Glucose Powder (Orange Flavour) 300 g)","300 g Box","62.29","Nutraceuticals"
"806","1443","Janaushadhi Urja (Glucose Powder (Orange Flavour) 100 g)","100 gm Tetra pack","26.7","Nutraceuticals"
"807","1444","Janaushadhi Urja (Glucose Powder (Orange Flavour) 500g)","500g Screw-Cap jar with scoop","0","Nutraceuticals"
"808","1445","Jan Pudina Soft Gel Capsules","10's","15","Gastrointestinal (GIT)"
"809","1446","Janushadhi Madhurak (Stevia Natural Sweetener)","100 gm Plastic Jar","140","Nutraceuticals"
"810","1447","Janaushadhi Janani 250g","1's Tin 250g","200.22","Nutraceuticals"
"811","1448","Lamotrigine Dispersible Tablets IP 100mg","10's","37.5","Central Nervous System (CNS)"
"812","1449","Enzyme syrup mixed fruit flavour","200 ml","50.58","Enzyme Preparation"
"813","1450","Pyrantel Pamoate Oral Suspension IP 250mg per 5ml","10 ml","11.25","Anthelmintic"
"814","1451","Theophylline Prolonged-release Tablets IP 400 mg","10's","28.13","Respiratory"
"815","1452","Pyridoxine Hydrochloride Sustained release tablets 100mg","10's","32.82","Supplement/Vitamin/Mineral"
"816","1453","Levetiracetam Oral Solution IP 100mg","100 ml","79.69","Central Nervous System (CNS)"
"817","1454","Terbutaline 1.25mg, Ambroxol 15mg, Guaiphenesin 50mg per 5ml Syrup with Menthol base","100 ml","30","Respiratory"
"818","1455","L-Arginine Granules 3g","5 gm","15","Supplement/Vitamin/Mineral"
"819","1456","Itraconazole Capsules 200 mg","4's","33","Anti-Fungal"
"820","1457","Luliconazole Cream IP 1% w/w","10 gms tube","22.69","Anti-Fungal"
"821","1458","Sodium Chloride Injection IP 0.9%w/v","500 ml IV Fluid Plastic Container","28.13","Electrolytes"
"822","1459","Janaushadhi Poshan (Malt based food, 500gm)","1's Screw Cap Plastic Jar","160.17","Nutraceuticals"
"823","1460","Insulin Pen","1's","0","Anti-Diabetic"
"824","1461","Vildagliptin Tablets IP 50mg","15's","18.75","Anti-Diabetic"
"825","1462","Vildagliptin 50mg and Metformin Hydrochloride 500mg Tablets IP","15's","28.13","Anti-Diabetic"
"826","1463","Vildagliptin 50mg and Metformin Hydrochloride 1000mg Tablets IP","15's","32.82","Anti-Diabetic"
"827","1464","Janaushadhi Protein Bar (35 gm)","1's Bar","40.05","Nutraceuticals"
"828","1465","Janaushadhi Immunity Bar (10 gm)","1's Bar","8.9","Nutraceuticals"
"829","1466","Janaushadhi Protein Powder (Vanilla) 250 gm","1's Tin 250g","177.97","Nutraceuticals"
"830","1467","Janaushadhi Protein Powder (Kesar Pista) 250 gm","1's Tin 250g","177.97","Nutraceuticals"
"831","1471","Janaushadhi Poshan (Malt based food with Cocoa, 500gm)","1's Screw Cap Plastic Jar","164.62","Nutraceuticals"
"832","1472","Janaushadhi Janani (Vanilla) 250 gm","1's Tin 250g","200.22","Nutraceuticals"
"833","1473","Hand Sanitizer 100 ml (Each pack contains: Ethanol 70% v/v and Chlorhexidine Gluconate 0.5% w/v)","100 ml","40","Antiseptic/Disinfectants"
"834","1474","Hand Sanitizer 500 ml (Each pack contains: Ethanol 70% v/v and Chlorhexidine Gluconate 0.5% w/v)","500 ml","200","Antiseptic/Disinfectants"
"835","1475","Hand Sanitizer 250 ml (Each pack contains: Ethanol 70% v/v and Chlorhexidine Gluconate 0.5% w/v)","250 ml","100","Antiseptic/Disinfectants"
"836","1476","Hydroxychloroquine Tablet IP 400 mg","10's","76.88","Anti-Malarial"
"837","1479","Canagliflozin Tablets 100 mg","10's","174.38","Anti-Diabetic"
"838","1480","Metformin 500mg (Prolonged release) and Glimepiride 0.5mg Tablets IP","10's","16.5","Anti-Diabetic"
"839","1481","Metformin 1000mg (Prolonged release) and Glimepiride 1mg Tablets IP","10's","26.82","Anti-Diabetic"
"840","1482","Metformin 1000mg (Prolonged release) and Glimepiride 3mg Tablets IP","15's","39.19","Anti-Diabetic"
"841","1483","Metformin 1000mg (Prolonged release) and Glimepiride 4mg Tablets IP","15's","43.13","Anti-Diabetic"
"842","1485","Mesalazine Prolonged release Tablets IP 1200 mg","10's","129.38","Gastrointestinal (GIT)"
"843","1487","Selenium Sulphide Shampoo 2.5% w/v","120 ml","174.38","Derma Care"
"844","1488","Acarbose Tablets IP 25 mg","10's","37.5","Anti-Diabetic"
"845","1489","Acebrophylline 100mg and Acetylcysteine 600mg Tablets","10's","56.25","Respiratory"
"846","1490","Acebrophylline Sustained Release Tablets 200 mg","10's","28.13","Respiratory"
"847","1492","Aceclofenac 200mg (Sustained release) and Rabeprazole Sodium 20mg (Enteric-coated) Capsules","10's","28.13","Analgesic/Antipyretic/Anti-Inflammatory"
"848","1493","Aceclofenac 100mg, Paracetamol 325mg and Thiocolchicoside 4mg Tablets","10's","51.57","Analgesic/Antipyretic/Anti-Inflammatory"
"849","1495","Aceclofenac 100mg, Paracetamol 325mg and Tizanidine 2mg Tablets","10's","18.75","Analgesic/Antipyretic/Anti-Inflammatory"
"850","1496","Aciclovir Dispersible Tablets IP 400 mg","5's","28.13","Anti-Viral"
"851","1497","Acitretin Capsules IP 25 mg","10's","234.38","Derma Care"
"852","1498","Acotiamide Tablets 100mg","10's","68.44","Gastrointestinal (GIT)"
"853","1501","Amantadine Hydrochloride Capsules IP 100 mg","10's","46.88","Central Nervous System (CNS)"
"854","1502","Amiodarone Tablets IP 100 mg","10's","29.07","Cardiovascular System (CVS)"
"855","1503","Amlodipine Besilate 5mg and Bisoprolol Fumarate 5mg Tablets","10's","18.57","Cardiovascular System (CVS)"
"856","1504","Amorolfine Cream 0.25% w/w","30 g","51.57","Anti-Fungal"
"857","1505","Amoxycillin 400mg and Potassium Clavulanate 57mg Oral Suspension IP","30 ml","46.88","Antibiotics"
"858","1506","Amoxycillin 80mg and Potassium Clavulanate 11.4mg Oral Suspension IP","10 ml","32.82","Antibiotics"
"859","1507","Amoxycillin 250mg, Dicloxacillin 250mg and Lactic Acid Bacillus 2.5 billion Capsules","10's","45","Antibiotics"
"860","1508","Ampicillin 250mg and Cloxacillin 250mg Capsules","10's","28.13","Antibiotics"
"861","1509","Ampicillin 250mg and Di-Cloxacillin 250mg Capsules","10's","42.19","Antibiotics"
"862","1510","Anti-D (Rho) Immunoglobulin (Monoclonal) 300 mcg","1 ml Vial","0","Gynaecology"
"863","1511","Antioxidant Capsules","30's","60.94","Supplement/Vitamin/Mineral"
"864","1512","Apremilast Tablets IP 10mg","10's","75","Derma Care"
"865","1513","Apremilast Tablets IP 20mg","10's","93.75","Derma Care"
"866","1514","Apremilast Tablets IP 30mg","10's","129.38","Derma Care"
"867","1515","Atorvastatin 10mg and Aspirin 150mg Capsules","15's","24.38","Cardiovascular System (CVS)"
"868","1516","Atorvastatin 20mg and Clopidogrel 75mg Capsules","10's","36.1","Cardiovascular System (CVS)"
"869","1517","Atorvastatin 20mg, Clopidogrel 75mg and Aspirin 75mg Capsules","10's","41.25","Cardiovascular System (CVS)"
"870","1518","Azilsartan 40mg and Chlorthalidone 6.25mg Tablet","10's","60.94","Cardiovascular System (CVS)"
"871","1519","Azilsartan Medoxomil 40mg and Chlorthalidone 12.5mg Tablets","10's","68.44","Cardiovascular System (CVS)"
"872","1520","Azilsartan Medoxomil Tablets IP 40mg","10's","60","Cardiovascular System (CVS)"
"873","1521","Azithromycin Oral Suspension IP 200 mg","15 ml","20.63","Antibiotics"
"874","1522","Beclomethasone 0.025%w/w and Clotrimazole 1%w/w Cream","20 g","23.44","Dermatology/Topical/External"
"875","1523","Beclomethasone 0.025%w/v and Clotrimazole 1%w/v Lotion","30 ml","28.13","Dermatology/Topical/External"
"876","1524","Bepotastine Besilate Tablets 10mg","10's","60.94","Anti-Histaminic"
"877","1525","Betahistine Tablets IP 16 mg","15's","15","Central Nervous System (CNS)"
"878","1526","Betahistine Tablets IP 24 mg","15's","22.5","Central Nervous System (CNS)"
"879","1527","Betamethasone Valerate 0.12%w/w, Gentamicin 0.1%w/w and Miconazole Nitrate 2%w/w Cream","20 g","15","Dermatology/Topical/External"
"880","1528","Bilastine Tablets 20 mg","10's","32.82","Anti-Histaminic"
"881","1529","Bimatoprost Ophthalmic Solution 0.01% w/v","3 ml","0","Opthalmic/Otic"
"882","1530","Bimatoprost Ophthalmic Solution 0.03% w/v","3 ml","159.38","Opthalmic/Otic"
"883","1531","Bisoprolol Fumarate Tablets 2.5 mg","10's","10.32","Cardiovascular System (CVS)"
"884","1533","Brimonidine Tartrate 0.2%w/v and Timolol Maleate 0.5%w/v Ophthalmic Solution","5 ml","46.88","Opthalmic/Otic"
"885","1534","Brimonidine Tartrate Eye drops IP 0.1% w/v","5 ml","18.75","Opthalmic/Otic"
"886","1536","Calcitriol 0.25mcg and Calcium 200mg Capsules","15's","32.82","Supplement/Vitamin/Mineral"
"887","1537","Calcium and Vitamin D3 Capsules","10's","30.94","Supplement/Vitamin/Mineral"
"888","1538","Calcium Citrate Malate 250mg, Calcitriol 0.25mcg and Vitamin K2-7 50mcg Tablets","10's","37.5","Supplement/Vitamin/Mineral"
"889","1540","Calcium (from Coral Grains) 500mg and Vitamin D-3 500IU Tablets","10's","28.13","Supplement/Vitamin/Mineral"
"890","1541","Calcium 1250mg, Calcitriol 0.25mcg and Vitamin K2-7 45mcg Capsules","10's","46.88","Supplement/Vitamin/Mineral"
"891","1542","Calcium, Magnesium, zinc and Vitamin D-3 Oral Suspension","200 ml","35.63","Supplement/Vitamin/Mineral"
"892","1543","Camylofin Dihydrochloride 25mg and Paracetamol 300mg Tablets","10's","18.75","Analgesic/Antipyretic/Anti-Inflammatory"
"893","1544","Coenzyme Q10 100mg, Lycopene 4000mcg, Selenium 70mcg and Omega-3 Fatty Acids (EPA 90mg and DHA 60mg) Capsules","10's","140.63","Supplement/Vitamin/Mineral"
"894","1545","Carboxymethlycellulose Eye drops IP 1% w/v","10 ml","28.13","Opthalmic/Otic"
"895","1548","Cefixime Oral Suspension IP 100 mg per 5ml","30 ml","30","Antibiotics"
"896","1549","Cefixime Oral Suspension IP 25 mg per ml","10 ml","20.63","Antibiotics"
"897","1551","Cefoperazone 1g and Sulbactam 500mg Injection","1 Vial","60.94","Antibiotics"
"898","1552","Cefoperazone 2g and Sulbactam 1g Injection","1 Vial","107.82","Antibiotics"
"899","1553","Cefpodoxime Oral Suspension IP 100mg","30 ml","37.5","Antibiotics"
"900","1554","Ceftriaxone 250mg and Tazobactam 31.25mg Injection","1 Vial & wfi","22.5","Antibiotics"
"901","1555","Ceftriaxone Injection IP 2 g","1 Vial & wfi","56.25","Antibiotics"
"902","1556","Cephalexin Extended Release Tablets 750mg","10's","107.82","Antibiotics"
"903","1557","Cerebroprotein Hydrolysate Injection 30mg","1 vial","187.5","Central Nervous System (CNS)"
"904","1559","Chloramphenicol Capsules IP 250 mg","10's","37.5","Antibiotics"
"905","1560","Chloramphenicol Capsules IP 500 mg","10's","60.94","Antibiotics"
"906","1562","Chlordiazepoxide 5mg and Amitriptyline Hydrochloride 12.5mg Tablets","10's","8.44","Central Nervous System (CNS)"
"907","1564","Cholecalciferol Chewable Tablets 60000 IU","4'S","15.47","Supplement/Vitamin/Mineral"
"908","1565","Cilnidipine Tablets IP 10 mg","10's","15.47","Cardiovascular System (CVS)"
"909","1566","Cilnidipine Tablets IP 5 mg","10's","10.32","Cardiovascular System (CVS)"
"910","1567","Pantoprazole Gastro-resistant 40mg and Cinitapride Sustained release 3mg Capsules","10's","51.57","Gastrointestinal (GIT)"
"911","1568","Cinnarizine Tablets IP 75mg","10's","14.07","Central Nervous System (CNS)"
"912","1569","Ciprofloxacin 0.3% w/v and Dexamethasone 0.1% w/v Eye/Ear Drops","10 ml","10.32","Antibiotics"
"913","1570","Citicoline 500mg and Piracetam 800mg Tablets","10's","206.25","Central Nervous System (CNS)"
"914","1571","Clidinium Bromide 2.5mg, Chlordiazepoxide 5mg and Dicyclomine Hydrochloride 10mg Tablets","10's","13.13","Gastrointestinal (GIT)"
"915","1572","Clindamycin 1%w/w and Nicotinamide 4%w/w Gel","15 g","18.75","Dermatology/Topical/External"
"916","1574","Clobazam Tablets IP 10 mg","15's","30","Central Nervous System (CNS)"
"917","1575","Clobetasol Propionate 0.05%w/w and Gentamicin 0.1%w/w Cream","25 g","12.19","Dermatology/Topical/External"
"918","1576","Clobetasol Propionate 0.05%w/w and Miconazole Nitrate 2%w/w Cream","15 g","26.25","Dermatology/Topical/External"
"919","1577","Clobetasol Propionate 0.05%w/w and Neomycin Sulphate 0.5%w/w Cream","10 g","14.07","Dermatology/Topical/External"
"920","1578","Clobetasol Propionate 0.05%w/w and Salicylic Acid 3%w/w Ointment","20g","28.13","Dermatology/Topical/External"
"921","1579","Clobetasol Propionate 0.05%w/w and Salicylic Acid 6%w/w Ointment","20g","32.82","Dermatology/Topical/External"
"922","1580","Clobetasol Propionate 0.05%w/w, Gentamicin 0.1%w/w and Miconazole Nitrate 2%w/w Cream","15 g","20.63","Dermatology/Topical/External"
"923","1581","Clopidogrel 75mg and Aspirin 150mg Capsules","15's","58.13","Cardiovascular System (CVS)"
"924","1582","Clotrimazole 1% w/v and Selenium Sulfide 2.5% w/v Suspension","75 ml","112.5","Dermatology/Topical/External"
"925","1583","Clotrimazole Mouth Paint 1% w/v","25 ml","18.75","Stomatologicals"
"926","1584","Coenzyme Q10 (Ubidecarenone) and L-Carnitine Tablets","10's","93.75","Supplement/Vitamin/Mineral"
"927","1585","Colistimethate Sodium for Injection IP 1 Million IU","Vial (10 ml)","168.75","Antibiotics"
"928","1586","Colistimethate Sodium for Injection IP 4.5 Million IU","Vial (10 ml)","421.88","Antibiotics"
"929","1587","Colistin Sulphate Oral Suspension IP 12.5 mg per 5ml","30 ml","27.19","Antibiotics"
"930","1588","Collagen Peptide(Type I) 40mg, Sodium Hyaluronate 30mg, Chondroitin Sulfate 200mg and Vitamin C 35mg Tablets","10's","0","Supplement/Vitamin/Mineral"
"931","1590","Dabigatran Etexilate Mesilate Capsules 110 mg","10's","128.91","Anticoagulant"
"932","1591","Dabigatran Etexilate Mesilate Capsules 150 mg","10's","165","Anticoagulant"
"933","1592","Dapagliflozin Tablets 10 mg","10's","30","Anti-Diabetic"
"934","1593","Desloratadine 5mg and Montelukast 10mg Tablets","10's","23.44","Anti-Histaminic"
"935","1594","Diclofenac Diethylamine 1.16% w/w, Thiocholchicoside 0.125% w/w, Linseed Oil 3% w/w, Methylsalicylate 10% w/w and Menthol 5% w/w Gel","30 gm","46.88","Analgesic/Antipyretic/Anti-Inflammatory"
"936","1596","Diclofenac Potassium 50mg and Metaxalone 400mg Tablets","10's","46.88","Analgesic/Antipyretic/Anti-Inflammatory"
"937","1597","Diclofenac Prolonged release Tablets IP 75 mg","10's","9.38","Analgesic/Antipyretic/Anti-Inflammatory"
"938","1598","Pancreatin 170 mg (containing 15000 units of Amylase activity, 4000 units of Lipase activity, 15000 units of Protease activity) and Sodium Tauroglycocholate 65mg Digestive Enzyme Tablets","10's","70.32","Enzyme Preparation"
"939","1599","Diltiazem Hydrochloride Extended Release Capsules 120 mg","10's","32.82","Cardiovascular System (CVS)"
"940","1601","Diphenoxylate Hydrochloride 2.5mg and Atropine sulphate 0.025mg Tablet","10's","5.63","Gastrointestinal (GIT)"
"941","1602","Divalproex Tablets IP 500 mg","10's","32.82","Central Nervous System (CNS)"
"942","1603","Dorzolamide 2% w/v and Timolol 0.5% w/v Eye Drops IP","5 ml","150","Opthalmic/Otic"
"943","1604","Dorzolamide Eye Drops IP 2% w/v","5 ml","103.13","Opthalmic/Otic"
"944","1605","Dosulepin (or Dothiepin) Tablets 25 mg","10's","16.5","Central Nervous System (CNS)"
"945","1606","Dosulepine (or Dothiepin) Tablets IP 75mg","10's","67.5","Central Nervous System (CNS)"
"946","1607","Drotaverine Hydrochloride Tablets IP 80 mg","15's","18.75","Gastrointestinal (GIT)"
"947","1608","Efavirenz 600mg, Emtricitabine 200mg and Tenofovir Disoproxil Fumarate 300mg Tablets IP","30's","1031.25","Anti-Retroviral"
"948","1609","Empagliflozin Tablets 10 mg","10's","37.5","Anti-Diabetic"
"949","1610","Empagliflozin Tablets 25 mg","10's","61.88","Anti-Diabetic"
"950","1611","Emtricitabine 200mg and Tenofovir Disoproxil Fumarate 300mg Tablets IP","30's","984.38","Anti-Retroviral"
"951","1612","Entecavir Tablets IP 0.5 mg","10's","93.75","Hepato-Protective"
"952","1613","Eplerenone Tablets IP 25 mg","10's","121.88","Cardiovascular System (CVS)"
"953","1615","Erythromycin Stearate Tablets IP 500mg","10's","53.44","Antibiotics"
"954","1617","Etoricoxib 60mg and Paracetamol 325mg Tablets","10's","25.32","Analgesic/Antipyretic/Anti-Inflammatory"
"955","1618","Etoricoxib 60mg and Thiocolchicoside 4mg Tablets","10's","56.25","Analgesic/Antipyretic/Anti-Inflammatory"
"956","1620","Evening Primrose Oil 1000 mg","15's","79.69","Supplement/Vitamin/Mineral"
"957","1621","Evening Primrose Oil 500 mg","15's","51.57","Supplement/Vitamin/Mineral"
"958","1622","Ferrous Ascorbate 100mg, Folic Acid 1.5mg and Zinc Sulphate 22.5mg Tablets","10's","30.94","Supplement/Vitamin/Mineral"
"959","1623","Fexofenadine Hydrochloride Suspension (30mg/5ml)","100 ml","28.13","Anti-Histaminic"
"960","1624","Flupentixol 0.5mg and Melitracen 10mg Tablets","10's","18.75","Central Nervous System (CNS)"
"961","1625","Fluticasone Propionate Cream IP 0.05%","10 g","18.75","Dermatology/Topical/External"
"962","1626","Formoterol Fumarate 6mcg and Budesonide 200mcg Inhaler","120 MD","154.69","Respiratory"
"963","1627","Formoterol Fumarate 6mcg and Budesonide 400mcg Inhaler","120 MD","164.07","Respiratory"
"964","1628","Formoterol Fumarate 12mcg and Budesonide 400mcg Powder for Inhalation IP","30's","93.75","Respiratory"
"965","1630","Formoterol Fumarate 6mcg and Budesonide 400mcg Powder for Inhalation IP","30's","79.69","Respiratory"
"966","1631","Formoterol Fumarate 20mcg and Budesonide 0.5mg Respirator Suspension","2 ml","14.07","Respiratory"
"967","1632","Formoterol Fumarate 20mcg and Budesonide 1mg Respirator Suspension","2 ml","18.75","Respiratory"
"968","1633","Formoterol Fumarate 6mcg and Fluticasone Propionate 250mcg Powder for Inhalation","30's","103.13","Respiratory"
"969","1635","Framycetin Skin Cream 1 %","30 g","0","Dermatology/Topical/External"
"970","1636","Fungal Diastase with Carminatives Syrup","200 ml","42.19","Enzyme Preparation"
"971","1637","Fungal Diastase 180mg, Papain 60mg and Activated Charcoal 75mg Tablets","10's","0","Enzyme Preparation"
"972","1638","Fusidic Acid 2% w/w and Betamethasone Valerate 0.1% w/w Cream","15 g","33.75","Dermatology/Topical/External"
"973","1639","Gabapentin 100 mg and Nortryptyline 10 mg Tablet","15's","23.44","Central Nervous System (CNS)"
"974","1640","Gabapentin 300mg and Methylcobalamin 500mcg Tablet","10's","37.5","Central Nervous System (CNS)"
"975","1643","Glargine 100 IU Pre-filled Disposable Pen","3ml Pre-filled Pen","415","Anti-Diabetic"
"976","1644","Glibenclamide 5 mg, Metformin 500 mg and Pioglitazone 15 mg Tablet","10's","25.79","Anti-Diabetic"
"977","1645","Gliclazide 60mg (Modified Release) and Metformin 500mg (Extended Release) Tablets","10's","28.13","Anti-Diabetic"
"978","1646","Metformin 500mg (Sustained Release), Glimepiride 2mg and Pioglitazone 15mg Tablets","10's","22.69","Anti-Diabetic"
"979","1647","Metformin 850mg (Prolonged release) and Glimepiride 3mg IP Tablets","10's","23.44","Anti-Diabetic"
"980","1650","Glucosamine 750mg and Chondroitin 100mg Tablets","10's","173.44","Ortho"
"981","1657","Guaifenesin 50mg, Terbutaline 1.25 mg and Bromhexine 2 mg Expectorant","100 ml","23.44","Respiratory"
"982","1659","Human Normal Immunoglobulin for Intravenous use IP 5%","100 ml","10000","Vaccines"
"983","1660","Human Normal Immunoglobulin IP 16.5% (For IM use)","2 ml vial","0","Vaccines"
"984","1661","Hydroxypropylmethylcellulose Eye Drop 0.3% w/v","10 ml","28.13","Opthalmic/Otic"
"985","1662","Hydroxyzine Tablets IP 25mg","15's","11.25","Anti-Histaminic"
"986","1663","Hyoscine Butylbromide 10mg and Mefenamic Acid 250mg Tablets","10's","46.88","Gastrointestinal (GIT)"
"987","1664","Ibuprofen 100mg and Paracetamol/Acetaminophen 162.5mg Oral Suspension","100 ml","21.57","Analgesic/Antipyretic/Anti-Inflammatory"
"988","1665","Indacaterol 110mcg and Glycopyrronium 50mcg powder for Inhalation","30 capsules and 1 inhaler","686.25","Respiratory"
"989","1668","Carbonyl Iron 100mg, Folic Acid 1.5mg and Vitamin B12 15mcg with Zinc Capsules","10's","14.07","Supplement/Vitamin/Mineral"
"990","1669","Isosorbide 20mg and Hydralazine 37.5mg Tablets","10's","0","Cardiovascular System (CVS)"
"991","1670","Isotretinoin Capsules IP 20mg","10's","46.88","Derma Care"
"992","1671","Ivabradine Tablets 5mg","15's","84.38","Cardiovascular System (CVS)"
"993","1672","Ketoconazole Soap 2%","75 gm Pack","44.05","Derma Care"
"994","1673","L-Methylfolate Calcium 2.8mg, Pyridoxal-5-Phosphate 25mg and Mecobalamin 2mg Tablets","10's","56.25","Supplement/Vitamin/Mineral"
"995","1674","L-Methylfolate 1mg, Pyridoxal-5 Phosphate 0.5mg & Methylcobalamin 1500mcg Tablets","10's","37.5","Supplement/Vitamin/Mineral"
"996","1675","L- Ornithine L-Aspartate Infusion 5gm per 10ml","10 ml","93.75","Supplement/Vitamin/Mineral"
"997","1676","Lactitol 10 gm and Ispaghula 3.5 gm Granules","180 gm","187.5","Gastrointestinal (GIT)"
"998","1678","L-carnitine 340mg, Ubidecarenone 50mg, Zinc 5mg, Lycopene 2.5mg and Astaxanthin 8mg Tablets","10's","0","Supplement/Vitamin/Mineral"
"999","1679","Lecithin Capsules 1000mg","10's","56.25","Hepato-Protective"
"1000","1680","Levetiracetam Tablets IP 1000 mg","10's","112.5","Central Nervous System (CNS)"
"1001","1681","Levetiracetam Tablets IP 250 mg","10's","28.13","Central Nervous System (CNS)"
"1002","1682","Levetiracetam Tablets IP 750 mg","10's","84.38","Central Nervous System (CNS)"
"1003","1683","Levocetirizine Dihydrochloride Tablets IP 10mg","15's","13.13","Anti-Histaminic"
"1004","1684","Levodopa 100mg and Carbidopa 25mg Tablets IP","10's","0","Central Nervous System (CNS)"
"1005","1685","Levodropropizine 30mg and Chlorpheniramine Maleate 2mg Syrup","120 ml","38.44","Respiratory"
"1006","1686","Levosalbutamol 100mcg and Beclomethasone 100mcg Rotacaps","60 s in container","58.13","Respiratory"
"1007","1687","Levosalbutamol 100mcg and Beclomethasone 50mcg Rotacaps","200 MDI","0","Respiratory"
"1008","1688","Levosalbutamol 100mcg and Beclomethasone 200mcg Rotacaps","30's","53.63","Respiratory"
"1009","1689","Levosalbutamol 1.25mg and Budesonide 0.5mg respules","2ml respules","25.32","Respiratory"
"1010","1690","Levosalbutamol 100mcg and Ipratropium 40mcg Rotacap","60 s in container","70.32","Respiratory"
"1011","1692","Levosalbutamol Respules 0.63mg per 2.5ml","2.5 ml","5.35","Respiratory"
"1012","1694","Linagliptin 2.5mg and Metformin 1000mg Tablets","10's","36.57","Anti-Diabetic"
"1013","1695","Linagliptin 2.5mg and Metformin 500mg Tablets","10's","32.82","Anti-Diabetic"
"1014","1696","Linagliptin Tablets 5mg","10's","35.63","Anti-Diabetic"
"1015","1701","Megaldrate 540mg, Simethicone 50mg and Oxetacaine 10mg Oral Suspension","170 ml","39.38","Gastrointestinal (GIT)"
"1016","1703","Metadoxine 500mg, Silymarin 140mg, L- Ornithin L- Aspartate 150mg Tablets","10's","0","Hepato-Protective"
"1017","1704","Methylcobalamin 1500mcg with Alpha Lipoic Acid 100mg and B- Complex (Thiamine Mononitrate 10mg, Pyridoxine 3mg, Folic acid 1.5mg) Capsules","10's","61.88","Supplement/Vitamin/Mineral"
"1018","1706","Metoprolol 50mg (Extended Release) and Ramipril 5mg Tablet","10's","84.38","Cardiovascular System (CVS)"
"1019","1707","Metoprolol Succinate extended release capsules IP 50mg","10's","0","Cardiovascular System (CVS)"
"1020","1708","Metoprolol Succinate Prolonged release tablets IP 25mg","15's","15.47","Cardiovascular System (CVS)"
"1021","1709","Minoxidil Solution 5%","60 ml","150","Derma Care"
"1022","1710","Minoxidil 5% and Finasteride 0.1% Topical Solution","60 ml","215.63","Derma Care"
"1023","1711","Montelukast 4mg and Levocetirizine 2.5mg Syrup","60 ml","18.75","Respiratory"
"1024","1712","Janaushadhi Mosquito Repellent Cream (N, N-Diethyl Benzamide 12% w/w Mosquito Repellent Cream)","50 gm","30","Mosquito Repellent"
"1025","1714","Naproxen 250 mg and Domperidone 10 mg Tablet","10's","28.13","Analgesic/Antipyretic/Anti-Inflammatory"
"1026","1715","Naproxen 500 mg and Domperidone 10 mg Tablet","10's","48.75","Analgesic/Antipyretic/Anti-Inflammatory"
"1027","1716","Nebivolol 5 mg and S- Amlodipine 2.5 mg Tablet","10's","23.44","Cardiovascular System (CVS)"
"1028","1717","Neomycin 3400IU, Polymyxin B Sulfates 5000IU and Bacitracin Zinc 400IU Ophthalmic Ointment","5 g","17.54","Dermatology/Topical/External"
"1029","1718","Nicorandil Tablet IP 10mg","10's","46.88","Cardiovascular System (CVS)"
"1030","1719","Nicorandil Tablet IP 5mg","10's","37.5","Cardiovascular System (CVS)"
"1031","1720","Nicoumalone/Acenocoumarol Tablets IP 1 mg","10's","37.5","Cardiovascular System (CVS)"
"1032","1721","Nicoumalone/Acenocoumarol Tablets IP 3 mg","10's","60.94","Cardiovascular System (CVS)"
"1033","1722","Nicoumalone/Acenocoumarol Tablets IP 4 mg","30's","46.88","Cardiovascular System (CVS)"
"1034","1723","Nifedipine Sustained Release Tablets IP 10mg","15's","11.25","Cardiovascular System (CVS)"
"1035","1725","Nimesulide 100 mg, Paracetamol 325 mg and Serratiopeptidase 15 mg Tablet","10's","23.44","Analgesic/Antipyretic/Anti-Inflammatory"
"1036","1729","Ofloxaxin 200mg and Flavoxate 200 mg Tablet","10's","60.94","Urology"
"1037","1730","Olmesartan 40mg, Amlodipine 5mg and Hydrochlorothiazide 12.5mg Tablets","10's","42.19","Cardiovascular System (CVS)"
"1038","1731","Olmesartan Medoxomil 20mg and Chlorthalidone 12.5mg Tablets","10's","28.13","Cardiovascular System (CVS)"
"1039","1732","Olmesartan Medoxomil 40mg and Chlorthalidone 12.5mg Tablets","10's","42.19","Cardiovascular System (CVS)"
"1040","1733","Omeprazole Gastro-resistant 20mg and Domperidone Sustained Release 30mg Capsules","15's","25.79","Gastrointestinal (GIT)"
"1041","1737","Oxaceprol Capsules 200mg","10's","93.75","Ortho"
"1042","1738","L-Ornithine L-Aspartate 150mg and Pancreatin 100mg Tablets","10's","18.75","Enzyme Preparation"
"1043","1739","Pancreatin Capsules 10000","10's","84.38","Enzyme Preparation"
"1044","1740","Pancreatin Capsules 25000","10's","196.88","Enzyme Preparation"
"1045","1741","Pantoprazole 20mg (Gastro-resistant) and Domperidone 10mg (Prolonged Release) Capsules IP","10's","18.75","Gastrointestinal (GIT)"
"1046","1742","Paracetamol Infusion IP 1 gm per 100 ml","100 ml","46.88","Analgesic/Antipyretic/Anti-Inflammatory"
"1047","1743","Paracetamol Drops 100 mg per ml","15 ml","12.19","Analgesic/Antipyretic/Anti-Inflammatory"
"1048","1744","Paracetamol 125 mg, Phenylephrine 2.5 mg and Chlorpheniramine 1 mg Drops","15 ml","18.75","Respiratory"
"1049","1745","Paracetamol 125 mg, Phenylephrine 5 mg and Chlorpheniramine 1 mg Suspension","60 ML","20.63","Respiratory"
"1050","1747","Paracetamol 162.5 mg and Tramadol 18.75 mg Tablet","10's","9.38","Analgesic/Antipyretic/Anti-Inflammatory"
"1051","1749","Paracetamol 250 mg, Phenylephrine 5 mg and Chlorpheniramine 2 mg Suspension","60 ML","23.44","Respiratory"
"1052","1751","Paracetamol 500mg and Caffeine 25mg Tablet IP","10's","11.25","Analgesic/Antipyretic/Anti-Inflammatory"
"1053","1752","Paracetamol 500mg and Chlorzoxazone 250mg Tablet","10's","15","Analgesic/Antipyretic/Anti-Inflammatory"
"1054","1753","Paracetamol 500 mg, Phenylephrine 10 mg and Chlorpheniramine 2 mg Tablet","10's","13.13","Analgesic/Antipyretic/Anti-Inflammatory"
"1055","1755","Paracetamol Suspension IP 120 mg","60 ml","12.19","Analgesic/Antipyretic/Anti-Inflammatory"
"1056","1758","Phenylephrine 5 mg,Chlorpheniramine 2 mg and Dextromethorphan 10 mg Syrup","100 ml","23.44","Respiratory"
"1057","1759","Phenylephrine 5 mg, Chlorpheniramine 2 mg and Dextromethorphan 15 mg Syrup","100 ml","28.13","Respiratory"
"1058","1760","Piracetam Tablet 800 mg","10's","31.88","Central Nervous System (CNS)"
"1059","1761","Pirfenidone Tablets IP 200mg","10's","0","Respiratory"
"1060","1762","Calcium Polystyrene Sulphonate Powder 15g per sachet","15 gm","41.25","Supplement/Vitamin/Mineral"
"1061","1763","Prazosin Extended Release Tablets 5mg","10's","26.25","Cardiovascular System (CVS)"
"1062","1764","Pregabalin 75 mg and Methylcobalamin 1500 mcg and Nortriptyline 10 mg Tablets","10's","42.19","Central Nervous System (CNS)"
"1063","1765","Pregabalin 75mg and Methylcobalamin 750mcg Capsule IP","10's","36.1","Central Nervous System (CNS)"
"1064","1767","Probiotic Microbes Capsules 5mg","10's","26.25","Gastrointestinal (GIT)"
"1065","1769","Prucalopride Tablet 2 mg","10's","112.5","Gastrointestinal (GIT)"
"1066","1770","Prucalopride Tablets 1mg","10's","84.38","Gastrointestinal (GIT)"
"1067","1774","Racecadotril Capsule IP 100 mg","15's","103.13","Gastrointestinal (GIT)"
"1068","1775","Metoprolol Succinate 25mg (Extended release) and Ramipril 2.5mg Tablets","10's","23.44","Cardiovascular System (CVS)"
"1069","1777","Ranitidine Syrup IP 75 mg per 5ml","100 ml","23.44","Gastrointestinal (GIT)"
"1070","1778","Ranolazine Extended Release Tablets 500mg","10's","51.57","Cardiovascular System (CVS)"
"1071","1780","Rivaroxaban Tablets 10mg","30's","196.88","Cardiovascular System (CVS)"
"1072","1781","Rivaroxaban Tablets 20mg","14's","140.63","Cardiovascular System (CVS)"
"1073","1782","Rosehip Extract 275mg, Devil's Claw Extract (20%) 100mg and Boswellia serrata Extract (65%) 307.5mg Capsules","10's","84.38","Ortho"
"1074","1783","Rosuvastatin 20mg and Fenofibrate 160mg Tablets IP","10's","37.5","Cardiovascular System (CVS)"
"1075","1784","Rosuvastatin Tablets IP 40mg","10's","41.25","Cardiovascular System (CVS)"
"1076","1785","Rosuvastatin 10mg, Aspirin 75mg and Clopidogrel 75mg Capsules","10's","46.41","Cardiovascular System (CVS)"
"1077","1786","Rosuvastatin 20mg, Aspirin 75mg and Clopidogrel 75mg Capsules","10's","51.57","Cardiovascular System (CVS)"
"1078","1787","S (-) Amlodipine Tablets IP 5mg","15's","9.38","Cardiovascular System (CVS)"
"1079","1789","S(-) Amlodipine 2.5mg and Atenolol 50mg Tablets","10's","14.07","Cardiovascular System (CVS)"
"1080","1790","Saccharomyces Boulardii Capsule 250mg","5's","61.88","Gastrointestinal (GIT)"
"1081","1791","Saccharomyces Boulardii Powder 250mg","1’s Sachet","14.07","Gastrointestinal (GIT)"
"1082","1792","Sacubitril 24mg and Valsartan 26mg Tablets","10's","67.5","Cardiovascular System (CVS)"
"1083","1793","Sacubitril 49mg and Valsartan 51mg Tablets","10's","131.25","Cardiovascular System (CVS)"
"1084","1794","Salbutamol Rotacaps 200mcg","60 s in Container","22.5","Respiratory"
"1085","1795","Salicylic acid 1.15%w/w, Dithranol 1.15%w/w and Coal Tar 5.3%w/w Ointment","30 gm","42.19","Dermatology/Topical/External"
"1086","1796","Salmeterol 50mcg and Fluticasone Propionate 100mcg Powder for Inhalation IP","30's","70.32","Respiratory"
"1087","1797","Saroglitazar Tablets 4mg","10's","0","Cardiovascular System (CVS)"
"1088","1799","Saxagliptin Tablets 5mg","10's","87.19","Anti-Diabetic"
"1089","1801","Sitagliptin Phosphate 50mg & Metformin Hydrochloride 1000mg Tablets","10's","56.25","Anti-Diabetic"
"1090","1802","Sitagliptin Phosphate 50mg & Metformin Hydrochloride 500mg Tablets","10's","51.57","Anti-Diabetic"
"1091","1803","Sitagliptin Phosphate Tablets IP 100mg","10's","75","Anti-Diabetic"
"1092","1804","Sitagliptin Phosphate Tablets IP 50mg","10's","40.32","Anti-Diabetic"
"1093","1805","Sodium Valproate Oral solution IP 200mg per 5ml","200 ml Plastic Bottle","51.57","Central Nervous System (CNS)"
"1094","1806","Sodium Valproate 200mg and Valproic acid 87mg Controlled Release Tablets","10's","23.44","Central Nervous System (CNS)"
"1095","1807","Sodium Valproate 333mg and Valproic acid 145mg Controlled Release Tablets","10's","39.38","Central Nervous System (CNS)"
"1096","1810","Tacrolimus Ointment 0.1% w/w","10 gm tube","93.75","Dermatology/Topical/External"
"1097","1811","Telmisartan 80mg and Amlodipine 5mg Tablets IP","10's","28.13","Cardiovascular System (CVS)"
"1098","1812","Telmisartan 80mg and Cilnidipine 10mg Tablets","10's","32.82","Cardiovascular System (CVS)"
"1099","1813","Telmisartan Tablets IP 80mg","10's","22.69","Cardiovascular System (CVS)"
"1100","1814","Telmisartan 40mg, Chlorthalidone 12.5mg and Amlodipine 5mg Tablets","10's","22.5","Cardiovascular System (CVS)"
"1101","1815","Telmisartan 40mg, Chlorthalidone 6.25mg and Amlodipine 5mg Tablets","10's","18.75","Cardiovascular System (CVS)"
"1102","1816","Telmisartan 40mg, Cilnidipine 10mg and Chlorthalidone 6.25mg Tablets","10's","28.13","Cardiovascular System (CVS)"
"1103","1817","Terbinafine Hydrochloride Cream IP 1% w/w","10 gm","23.44","Dermatology/Topical/External"
"1104","1818","Tetrabenazine Tablets 25mg","10's","178.13","Central Nervous System (CNS)"
"1105","1819","Ticagrelor Tablets IP 90 mg","10's","121.88","Cardiovascular System (CVS)"
"1106","1821","Tiotropium Bromide Inhalation 9mcg per actuation","200 mdi","206.25","Respiratory"
"1107","1822","Tiotropium Powder for Inhalation IP 18mcg Rotacaps","15's in Monocarton","65.63","Respiratory"
"1108","1824","Tolvaptan Tablets 15mg","10's","196.88","Diuretic"
"1109","1825","Torsemide 10mg and Spironolactone 50mg Tablets","15's","30","Diuretic"
"1110","1827","Torsemide Tablets IP 40mg","15's","46.88","Urology"
"1111","1828","Torsemide Tablets IP 5mg","15's","9.38","Urology"
"1112","1829","Travoprost Ophthalmic Solution IP 0.004%w/v","2.5 ml","159.38","Opthalmic/Otic"
"1113","1830","Trimetazidine Hydrochloride Controlled Release Capsules 60mg","10's","41.25","Cardiovascular System (CVS)"
"1114","1831","Trypsin 48mg, Bromelain 90mg, Rutoside Trihydrate 100mg and Diclofenac Sodium 50mg Tablets","10's","46.88","Analgesic/Antipyretic/Anti-Inflammatory"
"1115","1833","Ursodeoxycholic Acid Tablets IP 150mg","15's","100","Hepato-Protective"
"1116","1834","Valacyclovir Tablets 1000mg","3's","103.13","Anti-Viral"
"1117","1837","Vildagliptin 50mg and Metformin Hydrochloride 850mg Tablets IP","15's","30","Anti-Diabetic"
"1118","1841","Vitamin D3 Oral Solution 60000 IU","5 ml","23.44","Supplement/Vitamin/Mineral"
"1119","1842","Vitamine B Complex injection (IM/IV) Use","2 ml","0","Supplement/Vitamin/Mineral"
"1120","1843","Voglibose 0.2mg, Glimepiride 1mg and Metformin Hydrochloride 500mg (Sustained Release) Tablets","10's","28.13","Anti-Diabetic"
"1121","1844","Voglibose 0.2mg, Glimepiride 2mg and Metformin Hydrochloride 1000mg (Sustained Release) Tablets","10's","23.44","Anti-Diabetic"
"1122","1845","Voglibose 0.3mg, Glimepiride 2mg and Metformin Hydrochloride 1000mg (Sustained Release) Tablets","10's","33.75","Anti-Diabetic"
"1123","1846","Zoledronic Acid Injection IP 4 mg per vial","4mg/vial","200","Ortho"
"1124","1848","Etophyllin 84.7mg and Theophylline 25.3mg Injection per ml","2 ml","3.75","Respiratory"
"1125","1849","Vitamin-C Chewable Tablets 500mg","10's","14.07","Supplement/Vitamin/Mineral"
"1126","1850","Thyroxine Sodium Tablets IP 12.5mcg","100's Bottle","60.94","Anti-Thyroid"
"1127","1851","Thyroxine Sodium Tablets IP 25mcg","100's Bottle","42.19","Anti-Thyroid"
"1128","1852","Thyroxine Sodium Tablets IP 75mcg","100's Bottle","56.25","Anti-Thyroid"
"1129","1853","Thyroxine Sodium Tablets IP 125mcg","100's Bottle","71.25","Anti-Thyroid"
"1130","1854","Alfuzosin Prolonged-release Tablets IP 10mg","10's","42.19","Urology"
"1131","1855","Alfuzosin 10mg and Dutasteride 0.5mg Tablets","10's","56.25","Urology"
"1132","1856","Disodium Hydrogen Citrate Syrup 1.53gm per 5ml","100ml Bottle","28.13","Urology"
"1133","1857","Citric Acid 334mg and Potassium Citrate 1100mg Syrup per 5ml","200ml Bottle","46.88","Urology"
"1134","1858","Darifenacin Prolonged Release Tablets IP 7.5mg","10's","89.07","Urology"
"1135","1859","Disodium Hydrogen Citrate Syrup 1.37gm per 5ml","100ml Bottle","42.19","Urology"
"1136","1860","Dutasteride Capsule IP 0.5 mg","10's","46.88","Urology"
"1137","1861","Finasteride Tablets IP 1mg","10's","14.07","Urology"
"1138","1862","Mirabegron Extended-release Tablets 25 mg","10's","93.75","Urology"
"1139","1863","Mirabegron Extended-release Tablets 50 mg","10's","135.94","Urology"
"1140","1864","Potassium Citrate 1100mg and Magnesium Citrate 375mg Oral Solution","200ml Bottle","51.57","Nephrology"
"1141","1865","Silodosin Capsules 4 mg","10's","46.88","Urology"
"1142","1866","Silodosin Capsules 8 mg","10's","70.32","Urology"
"1143","1867","Silodosin 4mg and Dutasteride 0.5mg Capsules","10's","93.75","Urology"
"1144","1868","Silodosin 8mg and Dutasteride 0.5mg Capsules","10's","131.25","Urology"
"1145","1869","Solifenacin Succinate Tablets IP 5 mg","10's","60.94","Urology"
"1146","1870","Solifenacin Succinate Tablets IP 10 mg","10's","75","Urology"
"1147","1871","Tamsulosin Hydrochloride 0.4mg and Tolterodine Tartrate 2mg Extended Release Capsules","10's","56.25","Urology"
"1148","1872","Tamsulosin Hydrochloride 0.4mg and Tolterodine Tartrate 4mg Extended Release Capsules","10's","75","Urology"
"1149","1873","Tolterodine Tartrate Extended Release Capsules 2mg","10's","46.88","Urology"
"1150","1874","Tolterodine Tartrate Extended Release Capsules 4 mg","10's","65.63","Urology"
"1151","1875","Azithromycin Eye Drops 1% w/v","3ml Drops","28.13","Opthalmic/Otic"
"1152","1876","Betaxolol Eye Drops IP 0.5% w/v","5ml Drops","18.75","Opthalmic/Otic"
"1153","1877","Brinzolamide Ophthalmic Suspension IP 1% w/v","5ml Drops","37.5","Opthalmic/Otic"
"1154","1878","Bromfenac 0.09% w/v and Moxifloxacin 0.5% w/v Eye Drops","5ml Drops","42.19","Opthalmic/Otic"
"1155","1879","Chloramphenicol 0.5% w/v and Dexamethasone 0.1% w/v Eye/Ear Drops","5ml Drops","14.07","Opthalmic/Otic"
"1156","1880","Epalrestat Sustained Release Tablets 150 mg","10's","79.69","Central Nervous System (CNS)"
"1157","1881","Gatifloxacin 0.3% w/v and Dexamethasone 0.1% w/v Eye Drops","5ml Drops","18.75","Opthalmic/Otic"
"1158","1882","Gatifloxacin 0.3 % w/v and Prednisolone 1% w/v Eye Drops","10ml Drops","23.44","Opthalmic/Otic"
"1159","1883","Gentamicin 0.3% w/v and Dexamethasone 0.1% w/v Eye Drops","10ml Drops","0","Opthalmic/Otic"
"1160","1884","Homatropine Hydrobromide Eye Drops IP 2% w/v","5ml Drops","26","Opthalmic/Otic"
"1161","1886","Levofloxacin Eye Drops 0.5 % w/v","5ml Drops","23.44","Opthalmic/Otic"
"1162","1887","Moxifloxacin 0.5% w/v and Dexamethasone 0.1% w/v Eye Drops","5ml Drops","18.75","Opthalmic/Otic"
"1163","1888","Natamycin Ophthalmic Suspension IP 5% w/v","5ml Drops","52.5","Opthalmic/Otic"
"1164","1889","Artesunate Injection IP 120mg","Vial with Diluent","46.88","Anti-Malarial"
"1165","1890","Arteether Injection 75mg per ml","1ml Ampoule","9.38","Anti-Malarial"
"1166","1892","Artesunate 200mg Tablets, Sulfadoxine 500mg and Pyrimethamine 25mg Tablets IP Combi kit","KIT","42.19","Anti-Malarial"
"1167","1893","Primaquine Phosphate Tablets IP 7.5 mg","10's","12.19","Anti-Malarial"
"1168","1894","Primaquine Phosphate Tablets IP 2.5 mg","10's","9.38","Anti-Malarial"
"1169","1897","Quinine Sulphate Tablets IP 600 mg","10's","50","Anti-Malarial"
"1170","1898","Agomelatine Tablets 25 mg","10's","61.88","Central Nervous System (CNS)"
"1171","1899","Alprazolam 0.25mg and Propranolol Hydrochloride 20mg Tablets","10's","15","Central Nervous System (CNS)"
"1172","1900","Alprazolam 0.25mg and Propranolol Hydrochloride 10mg Tablets","10's","14.07","Central Nervous System (CNS)"
"1173","1901","Alprazolam 0.5mg and Sertraline Hydrochloride 25mg Tablets","10's","23.44","Central Nervous System (CNS)"
"1174","1902","Alprazolam 0.5mg and Sertraline Hydrochloride 50mg Tablets","10's","32.82","Central Nervous System (CNS)"
"1175","1903","Amisulpride Tablets IP 100 mg","10's","37.5","Central Nervous System (CNS)"
"1176","1904","Amisulpride Tablets IP 200 mg","10's","65.63","Central Nervous System (CNS)"
"1177","1905","Amitriptyline Hydrochloride Tablets IP 75 mg","10's","18.75","Central Nervous System (CNS)"
"1178","1906","Amitriptyline Hydrochloride Tablets IP 50 mg","10's","14.07","Central Nervous System (CNS)"
"1179","1907","Amitriptyline Hydrochloride Tablets IP 5 mg","10's","0","Central Nervous System (CNS)"
"1180","1908","Amitriptyline Hydrochloride 25mg Chlordiazepoxide 10mg Tablets","10's","9.38","Central Nervous System (CNS)"
"1181","1909","Amoxapine Tablets IP 50mg","10's","48.29","Central Nervous System (CNS)"
"1182","1910","Amoxapine Tablets IP 100mg","10's","69.38","Central Nervous System (CNS)"
"1183","1911","Aripiprazole Tablets IP 2.5 mg","10's","9.38","Central Nervous System (CNS)"
"1184","1912","Aripiprazole Tablets IP 10 mg","10's","23.44","Central Nervous System (CNS)"
"1185","1913","Aripiprazole Tablets IP 15 mg","10's","32.82","Central Nervous System (CNS)"
"1186","1914","Aripiprazole Tablets IP 20 mg","10's","42.19","Central Nervous System (CNS)"
"1187","1915","Aripiprazole Tablets IP 7.5 mg","10's","21.57","Central Nervous System (CNS)"
"1188","1916","Aripiprazole Tablets IP 30 mg","10's","28.13","Central Nervous System (CNS)"
"1189","1919","Bromocriptine Mesylate Tablets IP 1.25 mg","10's","32.82","Central Nervous System (CNS)"
"1190","1920","Bupropion Prolonged-release Tablets IP 150 mg","10's","42.19","Central Nervous System (CNS)"
"1191","1921","Chlordiazepoxide Tablets IP 25 mg","10's","23.44","Central Nervous System (CNS)"
"1192","1922","Chlorpromazine Tablets IP 100 mg","10's","6.19","Central Nervous System (CNS)"
"1193","1923","Chlorpromazine Tablets IP 50 mg","10's","5.16","Central Nervous System (CNS)"
"1194","1924","Chlorpromazine Tablets IP 25 mg","10's","3.38","Central Nervous System (CNS)"
"1195","1927","Cinnarizine 20mg and Dimenhydrinate 40mg Tablets","10's","18.75","Central Nervous System (CNS)"
"1196","1928","Citalopram Tablets IP 20mg","10's","18.75","Central Nervous System (CNS)"
"1197","1930","Citicoline Injection IP 250mg per ml","2ml Ampoule","37.5","Central Nervous System (CNS)"
"1198","1931","Clonazepam Mouth Dissolving Tablets 0.25 mg","10's","9.38","Central Nervous System (CNS)"
"1199","1932","Clomipramine Hydrochloride Tablets 10mg","10's","11.25","Central Nervous System (CNS)"
"1200","1933","Clomipramine Hydrochloride Tablets 25mg","10's","18.75","Central Nervous System (CNS)"
"1201","1934","Clomipramine Hydrochloride Tablets 50mg","10's","32.82","Central Nervous System (CNS)"
"1202","1935","Clozapine Tablets IP 25 mg","10's","14.07","Central Nervous System (CNS)"
"1203","1936","Clozapine Tablets IP 50 mg","10's","23.44","Central Nervous System (CNS)"
"1204","1937","Clozapine Tablets IP 100 mg","10's","37.5","Central Nervous System (CNS)"
"1205","1938","Diazepam Tablets IP 2 mg","10's","6.57","Central Nervous System (CNS)"
"1206","1939","Diazepam Tablets IP 10 mg","10's","18.75","Central Nervous System (CNS)"
"1207","1940","Doxepin Capsules IP 10mg","10's","14.07","Central Nervous System (CNS)"
"1208","1941","Doxepin Capsules IP 25mg","10's","37.5","Central Nervous System (CNS)"
"1209","1942","Doxepin Capsules IP 75mg","10's","56.25","Central Nervous System (CNS)"
"1210","1943","Duloxetine Gastro Resistant Tablets IP 30mg","10's","28.13","Central Nervous System (CNS)"
"1211","1944","Escitalopram Tablets IP 5 mg","10's","7.5","Central Nervous System (CNS)"
"1212","1945","Etizolam Tablets IP 0.25mg","10's","6.57","Central Nervous System (CNS)"
"1213","1946","Lamotrigine Dispersible Tablets IP 25mg","10's","14.07","Central Nervous System (CNS)"
"1214","1947","Lamotrigine Dispersible Tablets IP 50mg","10's","18.75","Central Nervous System (CNS)"
"1215","1948","Levosulpiride Tablets 50 mg","10's","20.63","Gastrointestinal (GIT)"
"1216","1949","Levosulpiride Tablets 75 mg","10's","30.94","Gastrointestinal (GIT)"
"1217","1950","Mirtazapine Tablets IP 30 mg","10's","42.19","Central Nervous System (CNS)"
"1218","1951","Rifaximin Tablets 200 mg","10's","65.63","Antibiotics"
"1219","1952","Rifaximin Tablets 550 mg","10's","159.38","Antibiotics"
"1220","1953","Olanzapine 5mg and Fluoxetine 20mg Tablets IP","10's","18.75","Central Nervous System (CNS)"
"1221","1954","Phenytoin Injection IP 100mg per 2 ml","2ml Ampoule","7.5","Central Nervous System (CNS)"
"1222","1955","Paroxetine Extended Release 12.5mg and Clonazepam 0.25mg Tablets","10's","37.5","Central Nervous System (CNS)"
"1223","1957","Risperidone Tablets IP 1mg","10's","7.5","Central Nervous System (CNS)"
"1224","1958","Risperidone Tablets IP 2 mg","10's","9.38","Central Nervous System (CNS)"
"1225","1959","Eicosapentaenoic Acid 180mg and Docosahexaenoic Acid 120mg Soft Gelatin Capsule","30's Bottle","112.5","Supplement/Vitamin/Mineral"
"1226","1960","Aloe Vera 10% W/W and Vitamin E 1% W/W Moisturising Cream","60 gm Tube","50","Derma Care"
"1227","1961","Methylcobalamin Tablet 1500mcg","10's","23.44","Supplement/Vitamin/Mineral"
"1228","1962","Methylcobalamin Tablet 500mcg","10's","14.07","Supplement/Vitamin/Mineral"
"1229","1963","N-Acetylcysteine 150Mg And Taurine 500Mg Tablets","10's","28.13","Nephrology"
"1230","1964","Biphasic Insulin Lispro Injection IP 100IU per ml (25:75)","3ml Pre-Filled Cartridge","0","Anti-Diabetic"
"1231","1965","Insulin Aspart Injection IP 100IU per ml","10ml Vial","0","Anti-Diabetic"
"1232","1966","Repaglinide Tablet IP 0.5mg","10's","14.07","Anti-Diabetic"
"1233","1967","Repaglinide Tablet IP 1mg","10's","23.44","Anti-Diabetic"
"1234","1968","Repaglinide Tablet IP 2mg","10's","32.82","Anti-Diabetic"
"1235","1969","Repaglinide 1mg and Metformin Hydrochloride (Sustained-release) 500mg Tablets IP","10's","28.13","Anti-Diabetic"
"1236","1970","Repaglinide 2mg and Metformin Hydrochloride (Sustained-release) 500mg Tablets IP","10's","32.82","Anti-Diabetic"
"1237","1971","Amoxycillin 200Mg , Clavulanic Acid 28.5Mg And Lactic Acid Bacillus 60 Million Spore Dry syrup","30 ml Bottle","30","Antibiotics"
"1238","1972","Amoxycillin 500mg, Clavulanic Acid 125mg and Lactic Acid Bacillus 60 Million Spores Tablets","10's","93.75","Antibiotics"
"1239","1973","Amoxycillin 200Mg , Clavulanic Acid 28.5Mg And Lactic Acid Bacillus 30 Million Spore Dry syrup","30 ml Bottle","0","Antibiotics"
"1240","1974","Amoxycillin 250mg, Cloxacillin 250mg And Lactic Acid Bacillus 100 Million Spore Capsules","6's","0","Antibiotics"
"1241","1975","Amoxycillin 125Mg , Cloxacillin 125Mg And Lactic Acid Bacillus 60 Million Spore Tablets","10's","0","Antibiotics"
"1242","1976","Amoxycillin 250Mg, Dicloxacillin 250Mg And Lactic Acid Bacillus 60 Million Spore Capsule","10's","32.82","Antibiotics"
"1243","1978","Cefdinir Capsule IP 300mg","10's","140.63","Antibiotics"
"1244","1979","Cefdinir Oral Suspension IP 125mg per 5ml","30ml with Water for Reconstitution","58.13","Antibiotics"
"1245","1980","Tolperisone Tablet 150mg","10's","14.07","Central Nervous System (CNS)"
"1246","1981","Cefixime 50Mg  And  Clavulanic Acid  31.25 Mg Dry syrup","30ml with Water for Reconstitution","37.5","Antibiotics"
"1247","1982","Cefixime 100Mg And Clavulanic Acid 62.5 Mg Tablets","10's","65.63","Antibiotics"
"1248","1984","Cefprozil Oral Suspension 125mg per 5ml","30ml","51.57","Antibiotics"
"1249","1985","Cefprozil Oral Suspension 250mg per 5ml","30ml","93.75","Antibiotics"
"1250","1986","Cefprozil Tablet 500 mg","6's","168.75","Antibiotics"
"1251","1987","Cefprozil Tablet 250 mg","10's","140.63","Antibiotics"
"1252","1989","Ceftazidime 250mg And Tazobactum 31.25mg Injection","Vial & Wfi","32.82","Antibiotics"
"1253","1990","Ceftazidime 1000 mg And Tazobactum 125 mg Injection","Vial with WFI","84.38","Antibiotics"
"1254","1991","Moxifloxacin 400mg and Cefixime 400mg Tablet","10's","159.38","Antibiotics"
"1255","1992","Bacitracin 400 IU, Neomycin 3400 IU and Polymyxin B 5000 IU Opthalmic Ointment","10 gm Tube","48.75","Opthalmic/Otic"
"1256","1993","Glycolic Acid 1% w/w and Aloe Vera 5% w/w Face Wash","100gm Tube","56.25","Derma Care"
"1257","1994","Glycolic Acid 1% w/w, Aloe Vera 5% w/w and Salicylic Acid 2% w/w Facewash","60ml Flip top Lemitube","0","Derma Care"
"1258","1995","Selenium Sulphide Shampoo 1% w/w","60ml Flip top Jar","89.07","Derma Care"
"1259","1996","Aceclofenac 100Mg, Paracetamol 325Mg And Trypsin-Chymotrypsin 150000Au Tablets","10's","37.5","Analgesic/Antipyretic/Anti-Inflammatory"
"1260","1999","Carboprost Injection 125mcg","0.5ml Ampoule","45.94","Gynaecology"
"1261","2000","Dinoprostone Gel 0.5 mg (Pre-filled syringe)","3gm Pre-filled Syringe","113.44","Gynaecology"
"1262","2002","Ethinylestradiol 0.035 Mg And Cyproterone 2 Mg Tablet","21's Monopack","90","Gynaecology"
"1263","2003","Calcium 500mg and Vitamin D3 500IU Tablets IP","10's","7.5","Supplement/Vitamin/Mineral"
"1264","2004","Ranolazine Extended Release Tablets 1000mg","10's","70.32","Cardiovascular System (CVS)"
"1265","2005","Potassium Nitrate Toothpaste 5% w/w","100gm","42.19","STOMATOLOGICALS"
"1266","2006","Sodium Bicarbonate Tablet 500 mg","10's","9.38","Gastrointestinal (GIT)"
"1267","2007","Sodium Bicarbonate Tablet 1000 mg","10's","14.07","Gastrointestinal (GIT)"
"1268","2008","Simethicone 40Mg , Dill Oil 0.005Ml And Fennel Oil 0.0007Ml Drops","30ml Oral Drops","18.75","Enzyme Preparation"
"1269","2009","Silymarin Tablet 140 mg","10's","28.13","Hepato-Protective"
"1270","2010","Racecadotril Sachet IP 10mg","1gm Sachet","4.69","Gastrointestinal (GIT)"
"1271","2011","Racecadotril Sachet IP 15mg","1gm Sachet","5.16","Gastrointestinal (GIT)"
"1272","2012","Racecadotril Sachet IP 30mg","3gm Sachet","5.63","Gastrointestinal (GIT)"
"1273","2014","Daclatasvir Tablets 60 mg","28's Bottle","871.88","Hepato-Protective"
"1274","2015","Nebivolol 5mg and Telmisartan 40mg Tablets","10's","46.88","Cardiovascular System (CVS)"
"1275","2016","Minoxidil Tablets IP 10mg","10's","18.75","Cardiovascular System (CVS)"
"1276","2017","Ulipristal Acetate Tablets 5mg","10's","445.32","Gynaecology"
"1277","2018","Mesalazine Prolonged release Tablets IP 500mg","10's","70.32","Gastrointestinal (GIT)"
"1278","2020","Desmopressin Tablets 0.1 mg","15's in bottle","0","Urology"
"1279","2022","Ropinirole Tablets IP 1 mg","10's","18.75","Central Nervous System (CNS)"
"1280","2023","Ropinirole Tablets IP 2 mg","10's","28.13","Central Nervous System (CNS)"
"1281","2024","Ropinirole Tablets IP 4 mg","10's","0","Central Nervous System (CNS)"
"1282","2025","Bimatoprost 0.03% w/v and Timolol 0.5% w/v Ophthalmic Solution","5ml Drops","159.38","Opthalmic/Otic"
"1283","2026","Etoposide Capsules IP 50 mg","8's","202.5","Oncology"
"1284","2027","Mesalazine Delayed release Tablets 800 mg","10's","91.41","Gastrointestinal (GIT)"
"1285","2028","Tacrolimus Capsule IP 2 mg","10's","178.13","Immunosuppressant"
"1286","2029","Tacrolimus Capsule IP 1 mg","10's","103.13","Immunosuppressant"
"1287","2030","Tacrolimus Capsule IP 0.25 mg","10's","42.19","Immunosuppressant"
"1288","2031","Sofosbuvir 400mg and Velpatasvir 100mg Tablets","28's Bottle","0","Hepato-Protective"
"1289","2032","Atazanavir 300mg and Ritonavir 100mg Tablets IP","30's Bottle","768.75","Anti-Retroviral"
"1290","2033","Sodium Hyaluronate Eye Drops 0.1% w/v","10ml Drops","46.88","Opthalmic/Otic"
"1291","2034","Voriconazole Tablets IP 200mg","4's","328.13","Anti-Fungal"
"1292","2035","Potassium Citrate 1100 mg and Magnesium Citrate 375 mg and Pyridoxine Hydrochloride 20mg Syrup per 5ml","200ml","60.94","Nephrology"
"1293","2037","Esomeprazole Gastro-Resistance Tablets IP 20mg","10's","9.38","Gastrointestinal (GIT)"
"1294","2038","Pantoprazole Gastro-Resistance Tablets IP 20mg","10's","6.57","Gastrointestinal (GIT)"
"1295","2040","L-Ornithine L-Aspartate 150mg and Pancreatin 100mg Tablets","10's","28.13","Enzyme Preparation"
"1296","2041","Tadalafil 10Mg And Dapoxetine 30 Mg Tablets","4's","65.63","Urology"
"1297","2043","Domperidone 10mg and Paracetamol 325mg Tablets","10's","0","Gastrointestinal (GIT)"
"1298","2044","Levonorgestrel Tablet IP 1.5 mg","1's in Monopack","20","Gynaecology"
"1299","2045","Ferrous Asparto Glycinate 100 mg, L-Methylfolate Calcium 300mcg, Methylcobalamin 500mcg Tablet","10's","37.5","Supplement/Vitamin/Mineral"
"1300","2046","Riboflavin 10Mg,Folic Acid 1.5Mg, Niacinamide 100Mg & Lactic Acid Bacillus 60 Million Spores Tablets","10's","22.5","Supplement/Vitamin/Mineral"
"1301","2047","Cholecalciferol Soft Gelatin Capsule 60000 IU","4's","18.75","Supplement/Vitamin/Mineral"
"1302","2048","Methotrexate Tablets IP 2.5mg","10's","15","Oncology"
"1303","2049","Divalproex Prolonged release Tablets IP 500mg","10's","60.94","Central Nervous System (CNS)"
"1304","2050","Amlodipine Tablet IP 10mg","10's","9.38","Cardiovascular System (CVS)"
"1305","2051","L-Carnitine-L-Tartrate 1000Mg, Co-Enzyme Q10 60Mg, Zinc Oxide (As Elemental Zinc) 12.5Mg, Lycopene 2500Mcg Tablets","10's","194.07","Supplement/Vitamin/Mineral"
"1306","2052","Atorvastatin 10mg And Cholecalciferol 1000 IU Tablet","10's","18.75","Cardiovascular System (CVS)"
"1307","2053","Telmisartan 40mg and Atorvastatin 10mg Tablet","10's","14.07","Cardiovascular System (CVS)"
"1308","2054","Mecobalamin 1500 mcg, Alpha Lipoic Acid 100mg, Inositol 100mg, Folic Acid 1.5mg, Chromium Picolinate 200mcg, Selenium Dioxide 55mcg and Benfotiamine 150 mg Soft gel Capsule","10's","56.25","Supplement/Vitamin/Mineral"
"1309","2055","Halobetasol Propionate Ointment 0.05% w/w","15gm Lemi Tube","28.13","Dermatology/Topical/External"
"1310","2056","Chlorhexidine Gluconate 1% w/w, Metronidazole 1% w/w and Lidocaine 2% w/w dental Gel","15 gm Lami Tube","18.75","Dermatology/Topical/External"
"1311","2058","Ofloxacin 0.3% w/v, Dexamethasone 0.1% w/v, Benzalkonium Chloride (As Preservative) 0.005% w/v Eye Drops","5ml Drops","9.38","Opthalmic/Otic"
"1312","2059","Povidone Iodine Gargle 2% w/v","100ml Bottle","37.5","Antiseptic/Disinfectants"
"1313","2060","Paracetamol Tablets IP 1000 Mg","10's","15","Analgesic/Antipyretic/Anti-Inflammatory"
"1314","2061","Ketorolac Tromethamine Dispersible Tablet 10 mg","10's","9.38","Analgesic/Antipyretic/Anti-Inflammatory"
"1315","2065","Lopinavir and Ritonavir Tablets IP (200mg + 50mg)","60's in Bottle","890.63","Anti-Retroviral"
"1316","2066","Lignocaine Hydrochloride Injection IP (20ml)","30 ml Vial","16.38","Anaesthetics"
"1317","2072","Atorvastatin 10mg, Aspirin 75mg and Clopidogrel 75mg Capsules","10's","35.63","Cardiovascular System (CVS)"
"1318","2073","Atorvastatin 20mg and Aspirin 150mg Capsules IP","10's","18.75","Cardiovascular System (CVS)"
"1319","2074","Atorvastatin 20mg and Aspirin 75mg Capsules IP","10's","17.35","Cardiovascular System (CVS)"
"1320","2076","Atorvastatin Tablets IP 5mg","10's","9.38","Cardiovascular System (CVS)"
"1321","2077","Benzoyl Peroxide Gel IP 2.5% w/w","20gm Tube","20.63","Derma Care"
"1322","2078","Bifonazole IP 1% w/w Cream","30gm Lami Tube","37.5","Dermatology/Topical/External"
"1323","2079","Bisacodyl Suppositories IP 10mg","5's","23.44","Gastrointestinal (GIT)"
"1324","2080","Bisoprolol 5mg and Hydrochlorothiazide 12.5mg Tablets","10's","18.75","Cardiovascular System (CVS)"
"1325","2081","Calcipotriol 0.005% and Clobetasol Propionate 0.05 % Ointment","15gm Lami-tube","170.63","Dermatology/Topical/External"
"1326","2082","Calcium Dobesilate Monohydrate Capsules 500mg","10's","37.5","Ortho"
"1327","2083","Calcium Citrate Malate 250mg , Vitamin D3 100IU and Folic Acid 50mcg Tablets","10's","18.75","Supplement/Vitamin/Mineral"
"1328","2084","Carbamazepine Prolonged release Tablets IP 400mg","10's","24.47","Central Nervous System (CNS)"
"1329","2085","Carbidopa 10mg and Levodopa 100mg Tablets IP","10's","0","Central Nervous System (CNS)"
"1330","2086","Carica papaya leaf Extract 1100mg, Goat Milk 250mg and Tinospora Cordifolia 250mg Extract Tablets","10's","0","Supplement/Vitamin/Mineral"
"1331","2087","Papaya Leaf Extract 1100mg Tablets","15's","0","Gastrointestinal (GIT)"
"1332","2088","Carvedilol Phosphate Extended Release Tablets 10mg","10's","15.94","Cardiovascular System (CVS)"
"1333","2089","Carvedilol Phosphate Extended Release Tablets 20mg","10's","23.44","Cardiovascular System (CVS)"
"1334","2090","Carvedilol Tablets IP 12.5 mg","10's","14.07","Cardiovascular System (CVS)"
"1335","2091","Cilnidipine 10mg and Chlorthalidone 12.5mg Tablets","10's","18.75","Cardiovascular System (CVS)"
"1336","2092","Metoprolol Succinate (extended release) 25mg and Cilnidipine 10mg Tablets","10's","18.75","Cardiovascular System (CVS)"
"1337","2093","Metoprolol Succinate (extended release) 50mg and Cilnidipine 10mg Tablets","10's","21.57","Cardiovascular System (CVS)"
"1338","2094","Cinnarizine 20mg and Domperidone 15mg Tablet","10's","9.38","Anti-Emetic"
"1339","2095","Clotrimazole 1% w/v and Lignocaine Hydrochloride 2% w/v Ear Drops","10ml Drops","14.07","Opthalmic/Otic"
"1340","2096","Cod liver oil 300MG, Evening primrose oil 300MG, Omega-3 fatty acid 90MG and Vitamin E 10MG Soft Gelatin Capsules","10's","42.19","Cardiovascular System (CVS)"
"1341","2097","Combipack of Clarithromycin 500mg Tablets IP, Esomeprazole 40mg Tablets IP (Gastro resistant) and Amoxycillin 750mg Tablets IP","Combipack of 6 Tablets in Mono Carton","79.69","Gastrointestinal (GIT)"
"1342","2098","Dabigatran Etexilate Mesilate Capsules 75 mg","10's","122.82","Anticoagulant"
"1343","2099","Dapagliflozin 10mg and Metformin Hydrochloride (Extended Release) 1000mg Tablets","10's","51.57","Anti-Diabetic"
"1344","2100","Dapagliflozin 10mg and Metformin Hydrochloride (Extended Release) 500mg Tablets","10's","47.82","Anti-Diabetic"
"1345","2101","Dapagliflozin Tablets 5mg","10's","23.44","Anti-Diabetic"
"1346","2102","Desloratadine Tablets 5mg","10's","14.07","Anti-Histaminic"
"1347","2103","Diclofenac Sodium Suppositories 100mg","5's","0","Analgesic/Antipyretic/Anti-Inflammatory"
"1348","2104","Divalproex Sodium Extended Release Tablets IP 250 mg","10's","23.44","Central Nervous System (CNS)"
"1349","2105","Dosulepin (Dothiepin) Tablets IP 50mg","10's","28.13","Central Nervous System (CNS)"
"1350","2106","Doxofylline (Sustained-release) 400mg and Montelukast 10mg Tablets","10's","60.94","Respiratory"
"1351","2107","Etizolam 0.5mg and Propranolol Hydrochloride 20mg Tablets","10's","18.75","Central Nervous System (CNS)"
"1352","2108","Frusemide 20mg and Spironolactone 25mg Tablets","10's","0","Diuretic"
"1353","2109","Glucosamine Tablets USP 500mg","30's in Bottle","75","Ortho"
"1354","2110","Isosorbide Mononitrate Sustained release Tablets 50mg","10's","0","Cardiovascular System (CVS)"
"1355","2111","Isotretinoin Capsules IP 10mg","10's","28.13","Derma Care"
"1356","2112","Ketorolac Tromethamine Ophthalmic Solution 0.4% w/v","5ml Drops","0","Analgesic/Antipyretic/Anti-Inflammatory"
"1357","2113","Lacosamide Tablets 100mg","10's","52.5","Central Nervous System (CNS)"
"1358","2114","Methotrexate Tablets IP 10mg","10's","30","Oncology"
"1359","2115","Methotrexate Tablets IP 5mg","10's","20","Oncology"
"1360","2116","Methylprednisolone Tablets IP 16mg","10's","37.5","Steroids & Hormones"
"1361","2117","Metoprolol Succinate (Extended-relase) 50mg, Telmisartan 40mg and Chlorthalidone 12.5mg Tablets","10's","23.44","Cardiovascular System (CVS)"
"1362","2118","Metoprolol Succinate Extended Release Tablets IP 12.5mg","10's","9.38","Cardiovascular System (CVS)"
"1363","2119","Miconazole Nitrate Cream IP 2% w/w","15gm Tube","11.25","Dermatology/Topical/External"
"1364","2120","Mometasone Aqueous Nasal Spray IP 0.05%w/v (nasal suspension in a pressurise container)","120 MDI","95.63","Respiratory"
"1365","2122","Mycophenolate Sodium Gastro-resistant Tablets 360mg","10's","145","Immunosuppressant"
"1366","2123","Metformin Hydrochloride (sustained-relase) 500mg and Myo-Inositol 600mg Tablets","10's","82.5","Polycystic ovary/ovarian Syndrome"
"1367","2124","Nitroglycerin Controlled Release Tablets 6.4 mg","30's in Bottle","51.57","Cardiovascular System (CVS)"
"1368","2125","Nortriptyline Tablets IP 10mg","10's","9.38","Central Nervous System (CNS)"
"1369","2126","Ondansetron Orally disintegrating Tablets IP 8mg","10's","10.32","Anti-Emetic"
"1370","2127","Oxcarbazepine Tablets IP 150mg","10's","36.1","Central Nervous System (CNS)"
"1371","2128","Paracetamol 650mg and Caffeine 50mg Tablets IP","10's","17.82","Analgesic/Antipyretic/Anti-Inflammatory"
"1372","2129","Pirfenidone Tablets IP 400mg","10's","159.38","Respiratory"
"1373","2130","Potassium Magnesium Citrate 978mg, D-Mannose 300mg with Cranberry extract 200mg Sachet","5gm Sachet","0","Urology"
"1374","2131","Prednisolone Sodium Phosphate Eye Drops IP 1%w/v","10ml Drops","14.07","Opthalmic/Otic"
"1375","2132","Pregabalin (Sustained release) 75mg and Methylcobalamin 1500mcg Tablets","10's","46.88","Central Nervous System (CNS)"
"1376","2133","Pregabalin Tablets IP 150mg","10's","28.13","Central Nervous System (CNS)"
"1377","2134","Ribavirin Capsules USP 200mg","4's","50","Hepato-protective"
"1378","2135","Spironolactone 50mg and Torasemide 20mg Tablets","10's","39.38","Diuretic"
"1379","2136","Sumatriptan 85mg and Naproxen 500mg Tablets","2's","46.88","Analgesic/Antipyretic/Anti-Inflammatory"
"1380","2137","Telmisartan 40mg, Cilnidipine 10mg and Chlorthalidone 12.5mg Tablets","10's","28.13","Cardiovascular System (CVS)"
"1381","2138","Torsemide Tablets IP 100mg","10's","46.88","Diuretic"
"1382","2139","Valsartan Tablets IP 40 mg","10's","18.75","Cardiovascular System (CVS)"
"1383","2140","Verapamil Tablets IP 40mg","10's","4.22","Cardiovascular System (CVS)"
"1384","2141","Warfarin Tablets IP 1mg","10's","14.07","Cardiovascular System (CVS)"
"1385","2142","Warfarin Tablets IP 2mg","10's","14.07","Cardiovascular System (CVS)"
"1386","2143","Zinc Sulphate Dispersible Tablets IP 20mg","10's","9.38","Supplement/Vitamin/Mineral"
"1387","2144","Pyridostigmine Bromide Tablets IP 60mg","10's","67.5","Central Nervous System (CNS)"
"1388","2145","Budesonide Powder for Inhalation IP 400mcg (Rotacaps)","30's","102.55","Respiratory"
"1389","2146","Combikit of Eplerenone Tablets 25mg and Torsemide Tablets IP 10mg","Combikit of 20 Tablets in Mono Carton","0","Diuretic"
"1390","2147","Estradiol Tablets 2mg","28's","103.13","Gynaecology"
"1391","2148","Atorvastatin Tablets IP 80mg","10's","32.82","Cardiovascular System (CVS)"
"1392","2149","Pre & Pro-Biotic Capsules (Bacillus Mesentericus - 2M, Clostridium Butyricum - 4M, Lactobacillus Sporogenes - 100M, Streptococcus Faecalis - 60M)","10's","51.57","Gastrointestinal (GIT)"
"1393","2150","Beclomethasone Dipropionate Inhalation IP 200mcg","200 MDI","140.63","Respiratory"
"1394","2151","Beclomethasone Dipropionate Inhalation IP 100mcg","200 MDI","124.69","Respiratory"
"1395","2152","Beclomethasone Dipropionate 100mcg Rotacaps IP","30's in Plastic container","0","Respiratory"
"1396","2153","Beclomethasone Dipropionate Rotacaps 200mcg","30's in Plastic container with monocarton","66.43","Dermatology/Topical/External"
"1397","2154","Beclomethasone Dipropionate Rotacaps 400mcg","30's in Plastic container with monocarton","67.94","Dermatology/Topical/External"
"1398","2155","Benidipine Hydrochloride Tablets 4mg","10's","14.07","Cardiovascular System (CVS)"
"1399","2156","Bilastine 20mg Montelukast 10mg Tablets","10's","46.88","Respiratory"
"1400","2158","Calcium Pantothenate 100mg Tablets IP","10's","14.07","Ortho"
"1401","2159","Cefpodoxime 200mg and Ofloxacin 200mg Tablets","10's","100.32","Antibiotics"
"1402","2160","Clindamycin 100mg, Clotrimazole 100mg and Tinidazole 100mg Soft Gelatin Capsule (For Vaginal Use)","7's","65.63","Dermatology/Topical/External"
"1403","2161","Diethylcarbamazine 150mg Tablets","10's","10","Anthelmintic"
"1404","2162","Eberconazole Cream 1% w/w","30g Lemitube","121.88","Anti-fungal"
"1405","2163","Enalapril Maleate Tablets IP 2.5mg","10's","6.57","Cardiovascular System (CVS)"
"1406","2164","Esomeprazole Magnessium 40mg (Enteric Coated ) and Itopride Hydrochloride 150mg (Sustained Release) Capsules.","10's","46.88","Gastrointestinal (GIT)"
"1407","2165","Evogliptin 5mg and Metformin Hydrochloride Sustained Release 1000mg Tablets","10's","0","Anti-Diabetic"
"1408","2166","Evogliptin 5mg and Metformin Hydrochloride Sustained Release 500mg Tablets","10's","0","Anti-Diabetic"
"1409","2167","Evogliptin Tartarate 5mg Tablets","10's","0","Anti-Diabetic"
"1410","2168","Fenofibrate Capsules IP 200mg","10's","23.44","Cardiovascular System (CVS)"
"1411","2169","Flupirtine Maleate Capsules 100mg","10's","32.82","Analgesic/Antipyretic/Anti-Inflammatory"
"1412","2170","Glimepiride IP 0.5mg Tablets","10's","3.29","Anti-Diabetic"
"1413","2171","Glucosamine Sulphate 1500mg Tablets","10's","0","Ortho"
"1414","2172","Di-Hydralazine Hydrochloride 25mg Tablets USP","10's","0","Anti-Histaminic"
"1415","2173","Ibandronic Acid Tablets 150mg","1's","304.69","Ortho"
"1416","2174","Ilaprazole Tablets 10mg","10's","23.44","Gastrointestinal (GIT)"
"1417","2175","Iron Sucrose Injection","1's","30.94","Electrolytes"
"1418","2176","Labetalol IP 200mg Tablets","10's","56.25","Cardiovascular System (CVS)"
"1419","2177","Lornoxicam 8mg and Paracetamol 325mg Tablets","10's","23.44","Analgesic/Antipyretic/Anti-Inflammatory"
"1420","2178","Meloxicam 7.5mg Tablets BP","10's","0","Ortho"
"1421","2179","Meloxicam 15mg Tablets BP","10's","0","Ortho"
"1422","2180","Mesalamine Delayed Release Tablets 400mg","10's","37.5","Gastrointestinal (GIT)"
"1423","2181","Metformin Hydrchloride 500mg (Sustained-release) and Glimipride 3mg Tablet IP","10's","28.13","Anti-Diabetic"
"1424","2182","Metformin Hydrchloride 500mg (Sustained-release) and Glimipride 4mg Tablet IP","10's","32.82","Anti-Diabetic"
"1425","2183","Metolazone 2.5mg Tablets IP","10's","0","Cardiovascular System (CVS)"
"1426","2184","Moxifloxacin 0.5 %w/v and Prednisolone Acetate 1%w/v Eye Drops","5ml Drops","18.75","Opthalmic/Otic"
"1427","2185","Moxonidine Tablets 0.2mg","10's","33.75","Cardiovascular System (CVS)"
"1428","2186","Oxcarbazepine Tablets IP 450mg","10's","106.88","Central Nervous System (CNS)"
"1429","2187","Oxcarbazepine Tablets IP 600 mg","10's","115.32","Central Nervous System (CNS)"
"1430","2188","Paroxetin Prolonged-release Tablets IP 25mg","10's","37.5","Central Nervous System (CNS)"
"1431","2189","Paroxetine Prolonged-release Tablets IP 12.5mg","10's","23.44","Central Nervous System (CNS)"
"1432","2190","Pramipexole Dihydrochloride Tablets 0.25mg","10's","45.94","Central Nervous System (CNS)"
"1433","2191","Progesterone 100mg/2ml Injection IP","2ml Ampoule in Mono blister","0","Gynaecology"
"1434","2192","Ramipril Tablets IP 10mg","10's","18.75","Cardiovascular System (CVS)"
"1435","2193","Remogliflozin Etabonate 100mg and Vildagliptin 50mg Tablets","10's","0","Anti-Diabetic"
"1436","2194","Remogliflozin Etabonate 100mg and Metformin Hydrochloride 1000mg Tablets","10's","0","Anti-Diabetic"
"1437","2195","Remogliflozin Etabonate 100mg Tablets","10's","0","Anti-Diabetic"
"1438","2196","Remogliflozin Etabonate Tablets 100mg and Metformin Hydrochloride 500mg Tablets","10's","0","Anti-Diabetic"
"1439","2197","Risperidone Tablets IP 3 mg","10's","10.32","Central Nervous System (CNS)"
"1440","2198","Ropinirole Tablets IP 0.5mg","10's","14.07","Cardiovascular System (CVS)"
"1441","2199","Ropinirole Tablets 0.25mg","10's","0","Central Nervous System (CNS)"
"1442","2200","Selegiline Hydrochloride 5mg Tablets","10's","28.13","Central Nervous System (CNS)"
"1443","2201","Sevelamer Carbonate Tablets 400mg","10's","51.57","Nephrology"
"1444","2202","Propranolol Hydrochloride 40mg Sustained Release) and Flunarizine Dihydrochloride 10mg Tablets","10's","18.75","Cardiovascular System (CVS)"
"1445","2203","Telmisartan 80mg, Amlodipine 5mg and Hydrochlorothiazide 12.5mg Tablets","10's","37.5","Cardiovascular System (CVS)"
"1446","2204","Tenofovir Alafenamide Tablets IP 25mg","30's in Bottle","562.5","Hepato-protective"
"1447","2205","Verapamil Hydrochloride Prolonged Release 120mg Tablets IP","15's","0","Cardiovascular System (CVS)"
"1448","2206","Vitamin E Capsules 600mg","10's","26.25","Supplement/Vitamin/Mineral"
"1449","2207","Metformin Hydrochloride 500mg (Sustained Release), Voglibose 0.3mg and Glimepiride 1mg and Tablets","10's","23.44","Anti-Diabetic"
"1450","2208","Metformin Hydrochloride 500mg (Sustained Release), Voglibose 0.3mg and Glimepiride 2mg and Tablets","10's","28.13","Anti-Diabetic"
"1451","2209","Ziprasidone 20mg Capsules","10's","42.19","Central Nervous System (CNS)"
"1452","2210","Perindopril Erbumine 8mg Tablets","10's","75","Cardiovascular System (CVS)"
"1453","2211","Perindopril Erbumine 4mg and Indapamide 1.25mg Tablets","10's","65.63","Cardiovascular System (CVS)"
"1454","2212","Micronized Purified flavanoid Fraction Tablets ( MPFF Diosmin 450mg and Hesperidin 50mg Tablets)","10's","70.32","Cardiovascular System (CVS)"
"1455","2213","Ziprasidone 40mg Capsules","10's","65.63","Central Nervous System (CNS)"
"1456","2216","Guaifenesin 50mg, Terbutaline 1.25 mg and Ambroxol 30 mg Syrup per 5ml (Suger free)","100 ml","28.13","Respiratory"
"1457","2217","Guaifenesin 100mg, Terbutaline 1.25 mg and Ambroxol 15mg Syrup per 5ml (Suger free)","100 ml","28.13","Respiratory"
"1458","2218","Sacubitril 97mg and Valsartan 103mg Tablets","7’s","212.82","Cardiovascular System (CVS)"
"1459","2219","Hydroxyprogesterone Injection 250mg","1ml ampoule in Mono blister pack","28.13","Gynaecology"
"1460","2220","Hydroxyprogesterone Injection IP 500mg","2ml Ampoule in Mono blister","46.88","Gynaecology"
"1461","2221","Alpha Ketoanalouge and Essential Amino Acid Tablets","10's","80","Anti-Diabetic"
"1462","2222","Allopurinol Tablets IP 300 mg","10's","28.13","Respiratory"
"1463","2223","Amisulpride Tablets IP 300mg","10's","75","Ortho"
"1464","2224","Acarbose 50mg and Metformin Hydrochloride 500mg Tablets","10's","77.82","Anti-Diabetic"
"1465","2225","Acetylcysteine Effervescent Tablets 600mg","10's","126.57","Respiratory"
"1466","2226","Alendronate Sodium Tablets USP 70mg","4's","18.75","Ortho"
"1467","2227","Amlodipine 5 mg, Losartan Potassium 50 mg & Hydrochlorothiazide 12.5 mg Tablets","10's","23.44","Cardiovascular System (CVS)"
"1468","2228","Amlodipine 5mg and Perindopril 4mg Tablets","10's","28.13","Cardiovascular System (CVS)"
"1469","2229","Amorphous Hydrogel Wound Dressing with Colloidal Silver","10gm Lami Tube","0","Dermatology/Topical/External"
"1470","2238","Protein Powder (100% Whey Protein) 1 kg (2.2 lbs) Jar","1 kg (2.2 lbs) Jar","1333.86","Nutraceuticals"
"1471","2239","Cereal Based Foods Products (for Baby above 6 months)","300g Mono Carton","0","Nutraceuticals"
"1472","2240","Diabetes Care Protein Powder","400g Jar","375","Nutraceuticals"
"1473","2241","Renal care protein powder (Low Protein)","400g Jar","355.94","Nutraceuticals"
"1474","2242","Renal care protein powder for dialysis patients (High Protein)","400g Jar","444.92","Nutraceuticals"
"1475","2243","Oral Rehydration Salt (Liquid form)","200ml Tetra Pack","15.75","Electrolytes"
"1476","2244","Janushadhi Madhurak (Stevia Natural Sweetener (Liquid))","30ml Drops in Mono Carton","100","Nutraceuticals"
"1477","2245","Janushadhi Madhurak (Stevia Natural Sweetener (Tablets/Pellets))","100's","75","Nutraceuticals"
"1478","2246","Janaushadhi Women Protein (Chocolate) 250g","250g Jar","204.67","Nutraceuticals"
"1479","2247","Janaushadhi Women Protein (Vanilla) 250 gm","250g Jar","204.67","Nutraceuticals"
"1480","2248","Janaushadhi Poshan (Malt based food with Cocoa, 30gm)","30g Sachet","8.9","Nutraceuticals"
"1481","2249","Abacavir 600mg, Dolutegravir 50mg and Lamivudine 300mg Tablets","30's Bottle","2718.75","Anti-Retroviral"
"1482","2250","Abacavir 600mg and Lamivudine 300mg Tablets","30's Bottle","867.19","Anti-Retroviral"
"1483","2251","Recombinant Human Tissue type Plasminogen Activator Injection 20mg (Alteplase)","Vial with WFI and Transfer canula in Mono Carton","0","Cardiovascular System (CVS)"
"1484","2252","Recombinant Human Tissue type Plasminogen Activator Injection 50mg (Alteplase)","Vial with WFI and Transfer canula in Mono Carton","0","Cardiovascular System (CVS)"
"1485","2253","Bisacodyl Suppositories IP 5mg","5's","0","Gastrointestinal (GIT)"
"1486","2254","Caffeine Citrate Injection 20mg/ml","2ml vial","93.75","Cardiovascular System (CVS)"
"1487","2255","Colchicine Tablets 0.5mg","10's","9.38","Ortho"
"1488","2256","Midazolam Injection 10mg","10ml vial","28.13","Central Nervous System (CNS)"
"1489","2257","Rituximab 100mg/10ml Injection","10ml vial","3750","Oncology"
"1490","2258","Rituximab 500mg/50ml Injection","50ml vial","10968.75","Oncology"
"1491","2259","Salicylic Acid 1% w/v Foaming Facewash","60ml Lami Tube","46.88","Derma Care"
"1492","2260","Salicylic Acid 3% powder","150gm bottle","0","Dermatology/Topical/External"
"1493","2261","Salicylic Acid 2% w/v Foaming Facewash","60ml Lami Tube","65.63","Derma Care"
"1494","2262","Somatotropin 4 IU (Recombinant Human Growth Hormone) Powder for Injection","Vial with WFI in Mono Carton","0","Steroids & Hormones"
"1495","2263","Thiamine Hydrochloride Injection IP 100mg/ml","2ml vial","14.07","Supplement/Vitamin/Mineral"
"1496","2264","Mecobalamin 1500mcg, Folic Acid 0.7mg and Niacinamide 100mg Injection (Painless)","2ml vial","18.75","Supplement/Vitamin/Mineral"
"1497","2265","Multivitamin Syrup Chocolate Flavour","200ml Bottle","0","Supplement/Vitamin/Mineral"
"1498","2266","Nicotine 2mg Oral Disintegrating Strips","12's in Mono Carton","74","Smoking Cessation"
"1499","2267","Nicotine Oral Disintegrating Strips 4mg","12's in Mono Carton","0","Smoking Cessation"
"1500","2268","Ondansetron 4mg Oral Disintegrating Strips","12's in Mono Carton","51.57","Anti-Emetic"
"1501","2269","Ondansetron 8mg Oral Disintegrating Strips","12's in Mono Carton","103.13","Anti-Emetic"
"1502","2270","Sildenafil 50mg Oral Disintegrating Strips","5's in Mono Carton","46.88","Urology"
"1503","2271","Vitamin D3 60000 IU Oral Disintegrating Strips","10's in Mono Carton","84.38","Supplement/Vitamin/Mineral"
"1504","2272","Dapagliflozin 5mg and Sitagliptin 50mg Tablets","10's","37.5","Anti-Diabetic"
"1505","2273","Dapagliflozin 10mg and Sitagliptin 100mg Tablets","10's","65.63","Anti-Diabetic"
"1506","2274","Pregabalin 75mg and Duloxetin (Delayed Release) 30mg Capsules","10's","46.88","Central Nervous System (CNS)"
"1507","2275","Pregabalin 75mg and Duloxetin (Delayed Release) 20mg Capsules","10's","42.19","Central Nervous System (CNS)"
"1508","2276","Pregabalin 50mg and Duloxetin (Delayed Release) 20mg Capsules","10's","32.82","Central Nervous System (CNS)"
"1509","2277","Bempedoic Acid Tablets 180mg","10's","112.5","Cardiovascular System (CVS)"
"1510","2278","Vitamin C Effervescent Tablets (Vitamin C 1000mg, Vitamin D3 400 IU, Zinc 10mg)","10's","0","Supplement/Vitamin/Mineral"
"1511","2279","Nandrolone Decanoate Injection IP 50mg/ml","1ml Ampoule in Mono Carton","28.13","Ortho"
"1512","2280","Dextromethorphan Hydrobromide Lozenges 5mg","10's","0","Respiratory"
"1513","2281","Vitamin A 600mcg, Vitamin C 500mg, Vitamin D3 1000 IU and Zinc 50mg Chewable Tablets","10's","0","Supplement/Vitamin/Mineral"
"1514","2282","Para Aminobenzoic Acid100mg, Calcium Pant 100mg, Niacinamide12mg, L-Arginine50mg L-Cysteine50mg, DL-Methionine40mg, L-Lysine20mg, Zinc25mg, Inositol 10mg, Biotin10mg, Ferrous10mg, Copper2mg Tablets","10's","0","Supplement/Vitamin/Mineral"
"1515","2283","Abiraterone Acetate Tablets 250mg","120's bottle","0","Oncology"
"1516","2284","Acamprosate Calcium Tablets 333mg","6's","46.88","Anti-Alcoholism"
"1517","2285","Myo-Inositol 1000mg, L-Methyl Folate 100mcg, Vitamin D3 1000 IU, Acetylcysteine 600mg, L-Arginine 100mg Tablets","10's","0","Supplement/Vitamin/Mineral"
"1518","2286","Adapalene 0.1% w/w and Benzoyl Peroxide 2.5% w/w Gel","15gm Lami Tube","23.44","Derma Care"
"1519","2287","Alogliptin 25mg Tablets","10's","0","Anti-Diabetic"
"1520","2288","Armodafinil 50mg Tablets","10's","0","Central Nervous System (CNS)"
"1521","2289","Armodafinil 150mg Tablets","10's","121.88","Central Nervous System (CNS)"
"1522","2290","Baclofen 20mg Extended Release (Gastric Retentive System) Tablets","10's","30","Analgesic/Antipyretic/Anti-Inflammatory"
"1523","2291","Benazepril 5mg Tablets","10's","42.19","Cardiovascular System (CVS)"
"1524","2292","Benidipine 8mg Tablets","10's","23.44","Cardiovascular System (CVS)"
"1525","2293","Bosentan 62.5mg Tablets","10's","351.57","Cardiovascular System (CVS)"
"1526","2294","Brinzolamide 10mg and Brimonidine 2mg Ophthalmic Suspension 5ml","5ml in Mono Carton","0","Opthalmic/Otic"
"1527","2295","Brivaracetam Tablets IP 50mg","10's","79.69","Central Nervous System (CNS)"
"1528","2296","Calcitriol 0.25mcg, Calcium Carbonate 500mg, Vitamin K27 45mcg, Methylcobalamin 1500mcg, Zinc 7.5mg, Magnesium 50mg and L- Methylfolate 800mcg Capsules","10's","46.88","Supplement/Vitamin/Mineral"
"1529","2297","Calcium (Calcium Carbonate) 1250mg, Vitamin D3 2000 IU, Mecobalamin (Vitamin B12) 1500mcg, L-Methylfolate Calcium (Vitamin B9) 1mg, Pyridoxal-5-Phosphate (Vitamin B6) 20mg Tablets","10's","37.5","Supplement/Vitamin/Mineral"
"1530","2298","Calcium Citrate 1000mg, Magnesium 100mg, Zinc 4mg and Vitamin D3 200 IU Tablets","10's","14.07","Supplement/Vitamin/Mineral"
"1531","2299","Nadifloxacin 1% w/w and Clobetasol Propionate 0.05% 10 gm skin cream","10gm Lami Tube","32.82","Dermatology/Topical/External"
"1532","2301","Dapoxetine Tablets IP 30mg","4's","14.07","Urology"
"1533","2302","Dasatinib 50mg Tablets","60's Bottle","1031.25","Oncology"
"1534","2303","Deflazacort 30mg and Tamsulosin 0.4mg Tablets","10's","187.5","Urology"
"1535","2304","Desvenlafaxine Extended Release 50mg and Clonazepam 0.5mg Tablets","10's","30.94","Central Nervous System (CNS)"
"1536","2305","Desvenlafaxine Extended Release 100mg and Clonazepam 0.5mg Tablets","10's","56.25","Central Nervous System (CNS)"
"1537","2306","Desvenlafaxine Extended Release Tablets 50mg","10's","23.44","Central Nervous System (CNS)"
"1538","2307","Desvenlafaxine Extended Release Tablets 100mg","10's","42.19","Central Nervous System (CNS)"
"1539","2308","Dexlansoprazole MR Capsules 60mg","10's","93.75","Gastrointestinal (GIT)"
"1540","2309","Paradichlorobenzene (2% w/v), Chlorbutol (5% w/v), Turpentine Oil (15% w/v) and Lidocaine (2% w/v) Ear drop","10ml Drop bottle in Mono Carton","28.13","Opthalmic/Otic"
"1541","2310","Donepezil 5mg and Memantine 5mg Tablets","10's","18.75","Central Nervous System (CNS)"
"1542","2311","Donepezil 5mg and Memantine 10mg Tablets","10's","23.44","Central Nervous System (CNS)"
"1543","2312","Empagliflozin 10mg and Linagliptin 5mg Tablets","10's","0","Anti-Diabetic"
"1544","2313","Etizolam 0.5mg and Propranolol Hydrochloride 40mg Tablets","10's","28.13","Central Nervous System (CNS)"
"1545","2314","Flurbiprofen 0.03% w/v Eye Drop 5ml","5ml Drop bottle in Mono Carton","14.07","Opthalmic/Otic"
"1546","2316","Flupentixole 0.5mg and Nortriptyline 10mg Tablets","10's","14.07","Central Nervous System (CNS)"
"1547","2317","Fluromethalone 0.1% w/v Eye Drop 5ml","5ml Drop bottle in Mono Carton","28.13","Opthalmic/Otic"
"1548","2318","Tannic Acid Glycerin 27% w/v, Potassium Iodide 0.05% w/v, Iodine 0.03% w/v, Menthol 0.05% w/v and Thymol 0.033% w/v with Glycerine Mouth Paint","20ml Bottle in Mono Carton","0","Stomatologicals"
"1549","2319","Ketorolac (0.5% W/V) and Moxifloxacin (0.5% W/V) Eye Drops","5ml Drop bottle in Mono Carton","18.75","Opthalmic/Otic"
"1550","2320","Lactic Acid 1.2% W/V Intimate Hygiene Wash","90ml in Mono Carton","46.88","Gynaecology"
"1551","2321","Lapatinib Tablets IP 250mg","30's Bottle","2710","Oncology"
"1552","2322","Lidocaine (3% W/W), Calcium Dobesilate (0.25% W/W), Hydrocortisone (0.25% W/W), Phenylephrine (0.1% W/W), Zinc Oxide (5% W/W), Troxerutin (2% W/W) Cream","30gm Lami Tube","0","Dermatology/Topical/External"
"1553","2323","Lithium Carbonate Tablets IP 300mg","10's","0","Central Nervous System (CNS)"
"1554","2324","L-Methylfoate Calcium 0.5mg, Vit K2 10mcg, Vit D 400 IU, Methylcobalamin 1500mcg, Pyridoxal-5-Phosphate 1.5mg, Lycopene 5000mcg, Calcium Citrate Malate 250mg Tablets","10's","0","Supplement/Vitamin/Mineral"
"1555","2325","Lorazepam Tablets IP 3mg","10's","16.88","Central Nervous System (CNS)"
"1556","2326","Lutein 10mg, Astaxanthin 2mg, Zeaxanthin 2mg, Omega 3 Fatty Acid 500mg Capsules","10's","37.5","Supplement/Vitamin/Mineral"
"1557","2327","Omega 3 Fatty Acid 500mg, EPA 150mg, DHA 100mg, Bilberry Extract 50mg, Lutein 20% & Zeaxanthin 4%- 25mg, Beta carotene 4.8mg, Vitamin D3 10mcg Capsules","30's Bottle","140.63","Supplement/Vitamin/Mineral"
"1558","2328","Methylcobalamin 1500mcg, Vitamin B6 (Pyridoxine) 5mg Benfotiamine 50mg, Alpha Lipoic Acid 200mg, Folic Acid 5mg and Biotin 5mg Capsules","10's","75","Supplement/Vitamin/Mineral"
"1559","2329","Midazolam 0.5mg Nasal Spray","5ml bottle with nasal atomizer in Mono Carton","0","Central Nervous System (CNS)"
"1560","2330","Modafinil 100mg Tablets","10's","46.88","Central Nervous System (CNS)"
"1561","2331","Nadifloxacin 1% w/w cream","10gm Lami Tube","28.13","Dermatology/Topical/External"
"1562","2332","Nicoumalone (Acenocoumarol) 2mg Tablets","10's","14.07","Cardiovascular System (CVS)"
"1563","2333","Nintedanib Soft gelatin Capsules 150mg","10's","399.85","Oncology"
"1564","2334","Nitazoxanide 500mg Tablets","10's","51.57","Gastrointestinal (GIT)"
"1565","2335","Obeticholic Acid 10mg Tablets","10's","93.75","Hepato-Protective"
"1566","2336","Obeticholic Acid 5mg Tablets","10's","56.25","Hepato-Protective"
"1567","2337","Olopatadine Hydrochloride 0.4% w/v and Ketorolac 0.1 % w/v Ophthalmic Solution","5ml Drop bottle in Mono Carton","0","Opthalmic/Otic"
"1568","2338","Oxybutynin Chloride 2.5mg Tablets","10's","46.88","Urology"
"1569","2339","Polyethylene Glycol 400- 0.4% w/v and Propylene Glycol 0.3% w/v Ophthalmic solution","10ml Drop bottle in Mono Carton","0","Opthalmic/Otic"
"1570","2340","Pomalidomide 2mg Capsules","21's in bottle","703.13","Oncology"
"1571","2341","Pramipexole 0.75mg Tablets","10's","15","Central Nervous System (CNS)"
"1572","2342","Pramipexole 1.5mg Tablets","10's","24.38","Central Nervous System (CNS)"
"1573","2343","Procyclidine 2.5mg Tablets","10's","0","Central Nervous System (CNS)"
"1574","2344","Procyclidine 5mg Tablets","10's","32.82","Central Nervous System (CNS)"
"1575","2345","Pyridoxine-3mg, Niacinamide-50mg, Folic Acid-1.5mg, Lactic Acid Bacillus 4 million spores Capsules","10's","0","Supplement/Vitamin/Mineral"
"1576","2347","S-Adenosyl L-Methionine 200mg Tablets","10's","112.5","Hepato-Protective"
"1577","2348","S-Adenosyl L- Methionine 400mg Tablets","10's","234.38","Hepato-Protective"
"1578","2349","Sevelamer 800mg Tablets","10's","75","Nephrology"
"1579","2350","Tapentadol 100mg Extended Release Tablets","10's","60.94","Analgesic/Antipyretic/Anti-Inflammatory"
"1580","2351","Tapentadol 50mg Tablets","10's","30","Analgesic/Antipyretic/Anti-Inflammatory"
"1581","2352","Teneligliptin 20mg and Pioglitazone 15mg Tablets","10's","20.63","Anti-Diabetic"
"1582","2353","Topiramate 100mg Tablets","10's","28.13","Central Nervous System (CNS)"
"1583","2354","Topiramate 50mg Tablets","10's","18.75","Central Nervous System (CNS)"
"1584","2355","Trazodone Hydrochloride 50mg Tablets","10's","0","Central Nervous System (CNS)"
"1585","2356","Valacyclovir Tablets 500mg","3's in Mono Carton","46.88","Anti-Viral"
"1586","2357","Venlafaxine Prolonged Release Capsules 37.5mg","10's","18.75","Central Nervous System (CNS)"
"1587","2358","Venlafaxine Prolonged Release Capsules 75mg","10's","28.13","Central Nervous System (CNS)"
"1588","2359","Venlafaxine Prolonged Release Capsules 150mg","10's","0","Central Nervous System (CNS)"
"1589","2360","Vildaglipitin 100mg Extended Release Tablets","10's","42.19","Anti-Diabetic"
"1590","2361","Zonisamide 50mg Capsules","10's","55.02","Central Nervous System (CNS)"
"1591","2362","Zonisamide 100mg Capsules","10's","103.13","Central Nervous System (CNS)"
"1592","2363","Sitagliptin 100mg and Metformin 1000mg Extended Release Tablets","10's","84.38","Anti-Diabetic"
"1593","2364","Sitagliptin 50mg and Metformin 500mg Extended Release Tablets","10's","51.57","Anti-Diabetic"
"1594","2365","Ketoconazole Shampoo 2 % w/v (30ml Pouch)","30ml Pouch","18.75","Derma Care"
"1595","2366","Melatonin 5mg Tablets","15's","0","Central Nervous System (CNS)"
"1596","2367","Methimazole 10mg Tablets","10's","0","Anti-Thyroid"
"1597","2368","Cilnidipine 10mg and Olmesartan Medoxomil 20mg Tablets","10's","23.44","Cardiovascular System (CVS)"
"1598","2369","Cilnidipine 10mg and Olmesartan Medoxomil 40mg Tablets","10's","28.13","Cardiovascular System (CVS)"
"1599","2370","Nebivolol 5mg and Cilnidipine 10mg Tablets","10's","32.82","Cardiovascular System (CVS)"
"1600","2371","Nebivolol 2.5mg and Cilnidipine 10mg Tablets","10's","23.44","Cardiovascular System (CVS)"
"1601","2372","Oxcarbazepine Tablets IP 300mg","15's","79.69","Central Nervous System (CNS)"
"1602","2374","Shilajit Capsule 500 mg","60's in Bottle","160","Ayurvedic"
"1603","2375","Triphala Tablets 500 mg","60's in Bottle","30","Ayurvedic"
"1604","2376","Ashwagandha Tablets 250 mg","60's in Bottle","50","Ayurvedic"
"1605","2377","Madhu (Makshik) 100g","100g Glass Bottle","40","Nutraceuticals"
"1606","2378","Madhu (Makshik) 250g","250g Glass Bottle","80","Nutraceuticals"
"1607","2379","Madhu (Makshik) 500g","500g Glass Bottle","0","Nutraceuticals"
"1608","2380","Chyawanprash Special 500g Jar","500g Jar","125","Ayurvedic"
"1609","2381","Chyawanprash Special 1Kg Jar","1kg Jar","226","Ayurvedic"
"1610","2382","Aceclofenac 200mg and Cyclobenzaprine 15mg Sustained Release Tablets","10's","0","Analgesic/Antipyretic/Anti-Inflammatory"
"1611","2383","Aceclofenac 100mg and Tizanidine 2mg Tablets","10's","0","Analgesic/Antipyretic/Anti-Inflammatory"
"1612","2384","Amorolfine Nail Lacquer 5.0% w/w","2.5ml in Bottle","0","Dermatology/Topical/External"
"1613","2385","Apixaban Tablets 2.5mg","10's","18.75","Anticoagulant"
"1614","2386","Apixaban Tablets 5mg","10's","32.82","Anticoagulant"
"1615","2387","Atorvastatin (10mg) + Aspirin (75mg) + Ramipril (5mg) Capsule","10's","0","Cardiovascular System (CVS)"
"1616","2388","Atorvastatin (10mg) + Fenofibrate (160mg) + Ezetimibe (10mg) Tablets","10's","0","Cardiovascular System (CVS)"
"1617","2389","Atorvastatin 10mg + Ezetimibe 10mg Tablets","10's","23.44","Cardiovascular System (CVS)"
"1618","2390","Atorvastatin 20mg + Ezetimibe 10mg Tablets","10's","28.13","Cardiovascular System (CVS)"
"1619","2391","Azelaic acid 10% w/w and Benzoic acid 0.2% w/w (as preservative) Cream","15gm Lami-Tube in Monopack","37.5","Derma Care"
"1620","2392","Azelnidipine Tablets IP 16mg","10's","46.88","Cardiovascular System (CVS)"
"1621","2393","Azelnidipine 8mg + Telmisartan 40mg Tablets","10's","42.19","Cardiovascular System (CVS)"
"1622","2394","Azelnidipine Tablets IP 8mg","10's","28.13","Cardiovascular System (CVS)"
"1623","2395","Baricitinib Tablets 4mg","7's","0","Covid-19"
"1624","2396","Benedipine (4mg) + Telmisartan (40mg) + Chlorthalidone (6.25mg) Tablets","10's","42.19","Cardiovascular System (CVS)"
"1625","2397","Bethanechol Chloride 25mg Tablets","10's","87.19","Urology"
"1626","2398","Bortezomib 2mg powder for Injection","Vial with WFI","665.63","Oncology"
"1627","2399","Bortezomib 2.5mg powder for Injection","Vial with WFI","0","Oncology"
"1628","2400","Caffeine (30mg) + Diphenhydramine (25mg) + Paracetamol (500mg) + Phenylephrine (5mg) Tablets","10's","9.38","Respiratory"
"1629","2401","Carbimazole Tablets IP 20mg","100's in Amber Coloured Glass Bottle","0","Anti-Thyroid"
"1630","2402","Cefadroxil Oral Suspension IP 125mg per 5ml (dry syrup)","30ml","0","Antibiotics"
"1631","2403","Ceftazidime 2gm and Avibactam 0.5gm for Concentrate for Solution for Infusion","Vial with WFI","1171.88","Antibiotics"
"1632","2404","Ciclopirox Olamine Cream 1% w/v","50 gm Lami Tube in Mono Carton","93.75","Dermatology/Topical/External"
"1633","2405","Ciclopirox Olamine Nail Lacquer 8% w/v","2.5ml with applicator","0","Dermatology/Topical/External"
"1634","2406","Clopidogrel 150mg Tablets","10's","33.75","Cardiovascular System (CVS)"
"1635","2407","Conjugated Estrogens 0.625mg Tablets","28's","0","Gynaecology"
"1636","2408","Crizotinib Capsules 250mg","10's Bottle","0","Oncology"
"1637","2409","Dapagliflozin 10mg+ Vildagliptin (Sustained release)100mg Tablets","10's","56.25","Anti-Diabetic"
"1638","2410","Dapagliflozin 5mg+ Vildagliptin (Sustained release)100mg Tablets","10's","46.88","Anti-Diabetic"
"1639","2411","Dasatinib Tablets 20mg","60's Bottle in Monopack","1204.69","Oncology"
"1640","2412","Dasatinib Tablets 50mg","60's Bottle in Monopack","2217.19","Oncology"
"1641","2413","Dasatinib Tablets 70mg","60's Bottle in Monopack","2811.57","Oncology"
"1642","2414","Diclofenac Diethylamine 1.16% w/w, Sesame Oil 2.50% w/w, Linseed Oil 0.50% w/w, Methylsalicylate 10% w/w and Menthol 5% w/w Gel","30gm Lami-Tube in Monopack","70.32","Analgesic/Antipyretic/Anti-Inflammatory"
"1643","2415","Dolutegravir Tablets 50mg","30's Bottle","187.5","Anti-Retroviral"
"1644","2416","Eltrombopag Tablets 25mg","7's","271.88","Treatment of Severe Aplastic Anemia"
"1645","2417","Eltrombopag Tablets 50mg","7's","421.88","Treatment of Severe Aplastic Anemia"
"1646","2418","Ezetimibe Tablets IP 10mg","10's","18.75","Cardiovascular System (CVS)"
"1647","2419","Ezetimibe Tablets IP 5mg","10's","0","Cardiovascular System (CVS)"
"1648","2420","Faropenem (200mg) + Clavulanic Acid (125mg) Tablets","6's","337.5","Antibiotics"
"1649","2421","Fusidic Acid 2%w/w and Hydrocortisone Acetate Cream 1% w/w","15gm Lami-Tube in Monopack","79.69","Dermatology/Topical/External"
"1650","2422","Glycolic Acid 2% w/v, Salicylic acid 1% w/v, Niacinamide 0.5%w/v, Licorice Extract 1% w/v, Vitamin E 0.2% w/v and Aloe Vera 1% w/v Face Wash","100ml Flip-top Bottle","0","Derma Care"
"1651","2423","Hydrocortisone Acetate Cream IP 1% w/w","15 g","28.13","Dermatology/Topical/External"
"1652","2424","Itraconazole (1% w/w) Gel","15 g","28.13","Anti-fungal"
"1653","2425","Ivermectin Cream 1% w/w","15 g","28.13","Anthelmintic"
"1654","2426","Leflunomide 10mg Tablets","10's","32.82","Ortho"
"1655","2427","Lenalidomide Capsules 25mg","30's in PET bottle in Mono Carton","1387.5","Oncology"
"1656","2428","Lenalidomide Capsules 5mg","30's in PET bottle in Mono Carton","356.25","Oncology"
"1657","2429","Levodopa 200mg and Carbidopa 50mg Prolonged Release Tablets IP","10's","0","Central Nervous System (CNS)"
"1658","2430","Levosalbutamol 50mcg and Beclomethasone 50mcg Inhaler","200 MDI","135.94","Respiratory"
"1659","2431","Lincomycin 250mg Capsules","10's","27.19","Antibiotics"
"1660","2432","Lincomycin 500mg Capsules","10's","43.13","Antibiotics"
"1661","2433","Luliconazole Cream IP 1% w/w 30gm","30gm Lami-Tube in Monopack","46.88","Anti-fungal"
"1662","2434","Macitentan Tablets 10mg","10's","0","Cardiovascular System (CVS)"
"1663","2435","Mebendazole Oral Suspension 100mg per ml","30ml","0","Anthelmintic"
"1664","2436","Mebeverine (135mg) + Chlordiazepoxide (5mg) Tablets","10's","28.13","Gastrointestinal (GIT)"
"1665","2437","Methotrexate Tablets IP 15mg","10's","32.82","Oncology"
"1666","2438","Methotrexate Tablets IP 20mg","10's","42.19","Oncology"
"1667","2439","Metoclopramide Hydrochloride Syrup IP 5mg per 5ml","60ml","0","Gastrointestinal (GIT)"
"1668","2440","Metoprolol Extended Release Tablets IP 100mg","10's","23.44","Cardiovascular System (CVS)"
"1669","2441","Metronidazole (1% w/w) + Povidone Iodine (5% w/w) Ointment","20 g","18.75","Dermatology/Topical/External"
"1670","2442","Midodrine Hydrochloride Tablets 10mg","10's","150","Cardiovascular System (CVS)"
"1671","2443","Midodrine Hydrochloride Tablets 2.5mg","10's","51.57","Cardiovascular System (CVS)"
"1672","2444","Midodrine Hydrochloride Tablets 5mg","10's","93.75","Cardiovascular System (CVS)"
"1673","2445","Nebivolol 2.5mg + Amlodipine 2.5mg Tablets","10's","0","Cardiovascular System (CVS)"
"1674","2446","Nebivolol 5mg + Amlodipine 5mg Tablets","10's","26.25","Cardiovascular System (CVS)"
"1675","2447","Nintedanib Soft Gelatin Capsules 100mg","10's","499.69","Oncology"
"1676","2448","Olmesartan Medoxomil Tablets IP 10mg","10's","9.38","Cardiovascular System (CVS)"
"1677","2449","Oral Rehydration Salts IP (WHO Formula) Orange Flavour Sachet, 21g","1's Sachet","10","Electrolytes"
"1678","2450","Ozenoxacin Cream 1% w/w","10gm Lami-Tube in Monopack","65.63","Dermatology/Topical/External"
"1679","2451","Ozenoxacin Lotion 2% w/w","10ml in Monopack","140.63","Dermatology/Topical/External"
"1680","2452","Pazopanib Tablets 200mg","30's bottle in Monopack","2062.5","Oncology"
"1681","2453","Pazopanib Tablets 400mg","30's bottle in Monopack","2906.25","Oncology"
"1682","2454","Penicillin G Tablets 400000 IU","10's","0","Antibiotics"
"1683","2455","Penicillin G Tablets 800000 IU","10's","0","Antibiotics"
"1684","2456","Pepsin (12.50g) + Alpha-amylase (18.75mg) Capsules","10's","0","Gastrointestinal (GIT)"
"1685","2457","Propranolol Tablets IP 20mg","10's","5.63","Cardiovascular System (CVS)"
"1686","2458","Quetiapine Tablets IP 50mg","10's","16.88","Central Nervous System (CNS)"
"1687","2459","Ramipril 2.5mg and Hydrochlorothiazide12.5mg Tablets","10's","70.32","Cardiovascular System (CVS)"
"1688","2460","Ramipril Tablets IP 1.25mg","10's","0","Cardiovascular System (CVS)"
"1689","2461","Remogliflozin Etabonate 100mg and Teneligliptin 10mg Tablets","10's","0","Anti-Diabetic"
"1690","2462","Remogliflozin Etabonate 100mg, Vildagliptin 50mg and Metformin Hydrochloride 500mg Tablets","10's","0","Anti-Diabetic"
"1691","2463","Repaglinide 0.5mg and Voglibose 0.2mg Tablets IP","10's","18.75","Anti-Diabetic"
"1692","2464","Repaglinide 0.5mg and Voglibose 0.3mg Tablets IP","10's","23.44","Anti-Diabetic"
"1693","2465","Repaglinide 1mg and Voglibose 0.2mg Tablets IP","10's","28.13","Anti-Diabetic"
"1694","2466","Repaglinide 1mg and Voglibose 0.3mg Tablets IP","10's","32.82","Anti-Diabetic"
"1695","2467","Salmeterol 50mcg and Fluticasone 500mcg Rotacaps","30's in Monocarton","140.63","Respiratory"
"1696","2468","Sorafenib Tablets 200mg","120's Bottle","3000","Oncology"
"1697","2469","Sunitinib Capsules 12.5mg","28's Bottle","499","Oncology"
"1698","2470","Sunitinib Capsules 25mg","28's Bottle","910","Oncology"
"1699","2471","Telmisartan 40mg + Cilnidipine 10mg + Metoprolol ER 25 Tablets","10's","30","Cardiovascular System (CVS)"
"1700","2472","Telmisartan 40mg + Cilnidipine 10mg + Metoprolol ER 50 Tablets","10's","32.82","Cardiovascular System (CVS)"
"1701","2473","Telmisartan 40mg + Metoprolol ER 25mg + Chlorthalidon 12.5mg Tablets","10's","32.82","Cardiovascular System (CVS)"
"1702","2474","Temozolomide Capsules IP 20mg","5's in bottle","314.07","Oncology"
"1703","2475","Teneligliptin 20mg and Dapagliflozin 10mg Tablets","10's","32.82","Anti-Diabetic"
"1704","2476","Teneligliptin 20mg and Dapagliflozin 5mg Tablets","10's","28.13","Anti-Diabetic"
"1705","2477","Thalidomide Capsules 100mg","10's","150","Oncology"
"1706","2478","Thalidomide Capsules 200mg","10's","234.38","Oncology"
"1707","2479","Thalidomide Capsules 50mg","10's","84.38","Oncology"
"1708","2480","Thyroxine Sodium Tablets IP 150mcg","120's in Bottle","93.75","Anti-Thyroid"
"1709","2481","Ticagrelor Tablets IP 60mg","10's","89.07","Cardiovascular System (CVS)"
"1710","2482","Topiroxostat Tablets 20mg","10's","46.88","Treatment of Gout"
"1711","2483","Topiroxostat Tablets 40mg","10's","84.38","Treatment of Gout"
"1712","2484","Topiroxostat Tablets 60mg","10's","121.88","Treatment of Gout"
"1713","2485","Torasemide 10mg + Spironolactone 25mg Tablets","10's","17.82","Urology"
"1714","2486","Travoprost 40mcg and Timolol 5mg Eye Drops","2.5ml","0","Opthalmic/Otic"
"1715","2487","Vortioxetine Tablets 10mg","10's","60.94","Central Nervous System (CNS)"
"1716","2488","Vortioxetine Tablets 20mg","10's","89.07","Central Nervous System (CNS)"
"1717","2489","Vortioxetine Tablets 5mg","10's","32.82","Central Nervous System (CNS)"
"1718","2490","Amlodipine Tablets IP 2.5mg","15's","3.75","Cardiovascular System (CVS)"
"1719","2491","Cetirizine Tablets IP 5mg","10's","0","Anti-Histaminic"
"1720","2492","Metoprolol Succinate 25mg (Extended Release) and Amlodipine Besilate 2.5mg Tablets IP","10's","11.25","Cardiovascular System (CVS)"
"1721","2493","Povidone- Iodine Solution IP 10 % w/v","100 ml Bottle","46.88","Antiseptic/Disinfectants"
"1722","2494","Rosuvastatin 20mg and Aspirin 75mg Capsules","10's","37.5","Cardiovascular System (CVS)"
"1723","2495","Telmisartan 80mg and Chlorthalidone 12.5mg Tablets","10's","28.13","Cardiovascular System (CVS)"
"1724","2496","Pantoprazole 40mg and Domperidone 10mg Capsules","10's","0","Gastrointestinal (GIT)"
"1725","2497","Dapagliflozin 5mg and Metformin Hydrochloride (Extended Release) 500mg Tablets","10's","28.13","Anti-Diabetic"
"1726","2498","Clozapine tablets IP 200mg","10's","75","Central Nervous System (CNS)"
"1727","2499","Aceclofenac 1.00% w/w, Menthol 5.00% w/w Spray","100ml","0","Analgesic/Antipyretic/Anti-Inflammatory"
"1728","2500","Aceclofenac 1.5% w/w gel, 30g","30g","0","Analgesic/Antipyretic/Anti-Inflammatory"
"1729","2501","Ambrisentan Tablets 10mg","10's","0","Cardiovascular System (CVS)"
"1730","2502","Ambrisentan Tablets 5mg","10's","0","Cardiovascular System (CVS)"
"1731","2503","Janaushadhi Antiseptic Bandage Spray (Cetrimide 0.10% w/w with Lidocaine 1.0% w/w Spray)","50ml","0","Antiseptic/Disinfectants"
"1732","2504","Azilsartan Medoxomil Tablets 20mg","10's","0","Cardiovascular System (CVS)"
"1733","2505","Azilsartan Medoxomil Tablets 80mg","10's","103.13","Cardiovascular System (CVS)"
"1734","2506","Benzoic acid 6% w/w and Salicylic acid 3% w/w IP Ointment","15g in Mono-carton","12.19","Dermatology/Topical/External"
"1735","2507","Betamethasone Sodium Phosphate 0.1% w/v and Neomycin Sulphate 0.5% w/v Eye/Ear Drops","5ml in Mono-carton","0","Opthalmic/Otic"
"1736","2508","Betamethasone Sodium Phosphate 0.1% w/v and Ofloxacin 0.3% w/v Eye/Ear Drops","10ml in Mono-carton","0","Opthalmic/Otic"
"1737","2509","Bilastine 10mg and Montelukast 4mg Orodispersible Tablets","10's","35.63","Respiratory"
"1738","2510","Janaushadhi Burn Relief Spray (Lidocaine 3% w/w and Benzethonium 0.20% w/w Spray)","50ml","0","Burn Relief"
"1739","2511","Calamine 8% w/w, Aloe Vera Gel 10% w/w, Light Liquid Paraffin 10% w/w Lotion","100ml","56.25","Dermatology/Topical/External"
"1740","2512","Calcium aspartate (500mg), Calcium Orotate (500mg), Calcitriol (0.25mcg), Minerals and Vitamins Tablets","10's","56.25","Supplement/Vitamin/Mineral"
"1741","2513","Calcium Citrate and Vitamin D3 Chewable Tablets","30's in container","32.82","Supplement/Vitamin/Mineral"
"1742","2514","Cefixime 200 mg, Cloxacillin 500 mg (ER) and Lactic Acid Bacillus Tablets","10's","96.57","Antibiotics"
"1743","2515","Chlorhexidine Gluconate 0.2% w/v, Sodium Fluoride 0.05% w/v and Zinc Chloride 0.09% w/v Mouthwash (Sugar Free)","150ml","37.5","Stomatologicals"
"1744","2516","Chloroxylenol 4.80% w/v, Terpineol 9% v/v, Absolute Alcohol 13.10% v/v Liquid","60ml","18.75","Antiseptic/Disinfectants"
"1745","2517","Citicoline Syrup 500mg per 5ml","Citicoline Oral Drops 100mg per ml","0","Central Nervous System (CNS)"
"1746","2518","Clotrimazole Vaginal Gel 2% w/w","30g in Mono-carton with Applicator","42.19","Anti-fungal"
"1747","2519","Combi kit of Torasemide 20mg Tablets and Eplerenone 25mg Tablets","20's in Combikit","0","Urology"
"1748","2520","Combipack of Ambrisentan 5mg and Tadalafil 20mg Tablets","20's in Combikit","0","Cardiovascular System (CVS)"
"1749","2521","Dapagliflozin 10mg and Sitagliptin 50mg Tablets","10's","28.13","Anti-Diabetic"
"1750","2522","Dapagliflozin 10mg, Sitagliptin 100mg and Metformin Hydrochloride (Extended Release) 1000mg Tablets","10's","70.32","Anti-Diabetic"
"1751","2523","Dapagliflozin 10mg, Sitagliptin 100mg and Metformin Hydrochloride (Extended Release) 500mg Tablets","10's","67.5","Anti-Diabetic"
"1752","2524","Dapagliflozin 5mg and Metformin Hydrochloride (Extended Release) 1000mg Tablets","10's","32.82","Anti-Diabetic"
"1753","2525","Dapagliflozin 5mg and Sitagliptin 100mg Tablets","10's","46.88","Anti-Diabetic"
"1754","2526","Deferasirox Dispersible Tablets 180mg","10's","46.88","Iron-Chelating Agents"
"1755","2527","Deferasirox Dispersible Tablets 250mg","30's","65.63","Iron-Chelating Agents"
"1756","2528","Deferasirox Dispersible Tablets 360mg","10's","79.69","Iron-Chelating Agents"
"1757","2529","Deferasirox Dispersible Tablets 400mg","10's","90.94","Iron-Chelating Agents"
"1758","2530","Deferasirox Dispersible Tablets 500mg","30's","112.5","Iron-Chelating Agents"
"1759","2531","Deferiprone Capsules 250mg","50's","124.69","Iron-Chelating Agents"
"1760","2532","Deferiprone Capsules 500mg","50's","234.38","Iron-Chelating Agents"
"1761","2533","Deflazacort oral Suspension 6mg per 5ml","30ml in Mono-carton with measuring cap","28.13","Steroids & Hormones"
"1762","2534","Denosumab (r-DNA origin) 60mg/ml in Pre-filled Syringe","1ml Pre-filled Syringe in Mono-carton","4875","Ortho"
"1763","2535","Diclofenac 200mg Transdermal patch","10's in Mono-carton","0","Analgesic/Antipyretic/Anti-Inflammatory"
"1764","2536","Diclofenac Diethylamine 1.16% w/w, Sesame oil 2.5% w/w, Linseed oil 0.5% w/w, Methyl Salicylate 10% w/w & Menthol 5% w/w Gel","30g in Mono-carton","0","Analgesic/Antipyretic/Anti-Inflammatory"
"1765","2537","Diclofenac Sodium 2% w/v, Methyl Salicylate 10% w/v, Menthol 5%, Absolute alcohol 10% v/v Spray","50ml","0","Analgesic/Antipyretic/Anti-Inflammatory"
"1766","2538","Diclofenac Sodium 50mg and Thiocolchicoside 4mg Tablets","10's","44.07","Analgesic/Antipyretic/Anti-Inflammatory"
"1767","2539","Diclofenac Sodium 50mg and Thiocolchicoside 8mg Tablets","10's","56.25","Analgesic/Antipyretic/Anti-Inflammatory"
"1768","2540","Drotaverine Hydrochloride Injection 40mg per 2ml","2ml Ampoule","9.38","Gastrointestinal (GIT)"
"1769","2541","Duloxetin Hydrochloride (Delayed Release) 20mg and Mecobalamin 1.5mg Capsules","10's","0","Central Nervous System (CNS)"
"1770","2542","Duloxetin Hydrochloride (Delayed Release) 30mg and Mecobalamin 1.5mg Capsules","10's","0","Central Nervous System (CNS)"
"1771","2543","Ebastine 10mg and Phenylephrine 10mg Tablets","10's","0","Respiratory"
"1772","2544","Efonidipine Hydrochloride Ethanolate 20mg Tablets","10's","0","Cardiovascular System (CVS)"
"1773","2545","Efonidipine Hydrochloride Ethanolate 40mg Tablets","10's","70.32","Cardiovascular System (CVS)"
"1774","2546","Empagliflozin 25mg and Linagliptin 5mg Tablets","10's","0","Anti-Diabetic"
"1775","2547","Entacapone Tablets IP 200mg","10's","0","Central Nervous System (CNS)"
"1776","2548","Eplerenone 50mg Tablets","10's","234.38","Cardiovascular System (CVS)"
"1777","2549","Etizolam 0.5mg and Escitalopram Oxalate 10mg Tablets","10's","18.75","Central Nervous System (CNS)"
"1778","2550","Etizolam 0.5mg and Escitalopram Oxalate 5mg Tablets","10's","14.07","Central Nervous System (CNS)"
"1779","2551","Etizolam Controlled release Tablets IP 1.5mg","10's","0","Central Nervous System (CNS)"
"1780","2552","Etoricoxib 60mg and Pregabalin 75mg (SR) Tablets","10's","37.5","Central Nervous System (CNS)"
"1781","2553","Feracrylum 1% w/w Gel","15g in Mono-carton","93.75","Dermatology/Topical/External"
"1782","2554","Feracrylum 3% w/w, Centbucridine 0.5% w/w Gel","20g in Mono-carton","44.77","Hemorrhoids & Anal fissures"
"1783","2555","Ferric Carboxymaltose Injection 50mg/ml","10ml Vial","421.88","Supplement/Vitamin/Mineral"
"1784","2556","Fluconazole Dusting Powder 2% w/w","30g","0","Anti-Fungal"
"1785","2557","Fluocinolone acetonide 0.01% w/w, Miconazole 2% w/w and Neomycin 0.5% w/w ointment, 10g","15g","0","Dermatology/Topical/External"
"1786","2558","Janaushadhi Footcare Cream (Urea 10% w/w, Lactic acid 10% w/w, Propylene Glycol 10% w/w, Light Liquid Paraffin 10% w/w)","50g","32.82","Footcare Cream"
"1787","2559","Frusemide 40mg and Amiloride 5mg Tablets","10's","0","Urology"
"1788","2560","Frusemide 40mg and Potassium Chloride 600mg (CR) Tablets","10's","0","Urology"
"1789","2561","Gabapentin 200mg and Nortriptyline 10mg Tablets","10's","18.75","Central Nervous System (CNS)"
"1790","2562","Gabapentin 6% w/w, Lignocaine 5% w/w and Baclofen 2% w/w gel","30g","60.94","Central Nervous System (CNS)"
"1791","2563","Hydroquinone 2% w/w, Tretinoin 0.05% w/w and Fluocinolone acetonide 0.01% w/w Cream","20g","0","Dermatology/Topical/External"
"1792","2564","Hydroquinone 4% w/w, Tretinoin 0.05% w/w and Fluocinolone acetonide 0.01% w/w cream, 20g","15g in Mono-carton","0","Dermatology/Topical/External"
"1793","2565","Hydroxyzine Hydrochloride Drops 6mg per ml","15ml in Mono-carton with screw dropper","18.75","Anti-Histaminic"
"1794","2566","Hydroxyzine Hydrochloride Syrup 10mg per 5ml","100ml with measuring cap","23.44","Anti-Histaminic"
"1795","2567","Ibuprofen Oral Suspension 100mg/5ml","100ml","11.25","Analgesic/Antipyretic/Anti-Inflammatory"
"1796","2568","Iguratimod Tablets 25mg","10's","93.75","Ortho"
"1797","2569","Ilaprazole (gastro-resistant) 10mg and Domperidone (Prolonged release) 30mg capsules","10's","32.82","Gastrointestinal (GIT)"
"1798","2570","Imeglimin Hydrochloride Tablets 1000mg","10's","0","Anti-Diabetic"
"1799","2571","Imeglimin Hydrochloride Tablets 500mg","10's","55.32","Anti-Diabetic"
"1800","2572","Indacaterol 150mcg and Mometasone Furoate 160mcg Powder for Inhalation","15's in Bottle with Mono-carton","0","Respiratory"
"1801","2573","Indacaterol 150mcg and Mometasone Furoate 320mcg Powder for Inhalation","15's in Bottle with Mono-carton","0","Respiratory"
"1802","2574","Indacaterol 150mcg and Mometasone Furoate 80mcg Powder for Inhalation","15's in Bottle with Mono-carton","0","Respiratory"
"1803","2575","Ipratropium Bromide Inhaler 20mcg","200 MDI","0","Respiratory"
"1804","2576","Itraconazole Dusting Powder 1% w/w","30g","0","Anti-Fungal"
"1805","2577","Ivermectin 1.5mg and Albendazole 200mg Oral Suspension","10ml in Mono-carton","9.38","Anthelmintic"
"1806","2578","Ketoconazole 2% w/v and Zinc Pyrithione 1% w/v Shampoo","100ml","75","Derma Care"
"1807","2579","Ketoconazole Dusting Powder 2% w/w","30g","26.25","Anti-Fungal"
"1808","2580","Ketoprofen 2.5% Gel","30g in Mono-carton","0","Analgesic/Antipyretic/Anti-Inflammatory"
"1809","2581","L-Arginine 3g and Proanthocyanidin 75 mg Granules (Sugar Free)","6.5g Sachet","23.44","Supplement/Vitamin/Mineral"
"1810","2582","Latanoprost 50mcg and Timolol Maleate 5mg Opthalmic solution","2.5ml in Mono-carton","0","Opthalmic/Otic"
"1811","2583","Leucovorin Calcium Tablets IP 15mg","10's","0","Antidote"
"1812","2584","Levetiracetam Prolonged Release Tablets IP 1000mg","10's","117.19","Central Nervous System (CNS)"
"1813","2585","Levocetirizine Dihydrochloride 5mg, Montelukast 10mg and Ambroxol Hydrochloride (SR) 75mg Tablets","10's","32.82","Respiratory"
"1814","2586","Levocloperastine 20mg and Chlorpheniramine Maleate 4mg per 5ml Oral suspension.","100ml with measuring cap in Mono-carton","60.94","Respiratory"
"1815","2587","Levocloperastine Oral Suspension 20mg per 5ml","100ml","56.25","Respiratory"
"1816","2588","Levodopa 100mg , Carbidopa 25mg and Entacapone 200mg Tablets IP","10's","0","Central Nervous System (CNS)"
"1817","2589","Levodopa 150mg , Carbidopa 37.5mg and Entacapone 200mg Tablets IP","10's","0","Central Nervous System (CNS)"
"1818","2590","Levodopa 50mg, Carbidopa 12.5mg and Entacapone 200mg Tablets IP","10's","0","Central Nervous System (CNS)"
"1819","2591","Lignocaine (Lidocaine) Hydrochloride 1.5% w/w and Nifedipine 0.3% w/w Cream","30g","75","Anaesthetics"
"1820","2592","Lignocaine (Lidocaine) Hydrochloride 2.5% w/w and Prilocaine 2.5% w/w Gel","30g","0","Anaesthetics"
"1821","2594","Lignocaine 4% w/w, Metronidazole 1% w/w and Sucralfate 7% w/w Cream","20g","32.82","Hemorrhoids & Anal Fissures"
"1822","2595","Linagliptin 2.5mg and Dapagliflozin 10mg Tablets","10's","0","Anti-Diabetic"
"1823","2596","Linagliptin 2.5mg and Dapagliflozin 5mg Tablets","10's","0","Anti-Diabetic"
"1824","2597","Linagliptin 2.5mg and Metformin 850mg Tablets","10's","33.75","Anti-Diabetic"
"1825","2598","Linagliptin 5mg and Dapagliflozin 10mg Tablets","10's","42.19","Anti-Diabetic"
"1826","2599","Linagliptin 5mg and Dapagliflozin 5mg Tablets","10's","0","Anti-Diabetic"
"1827","2601","Lobeglitazone Sulfate Tablets 0.5mg","10's","46.88","Anti-Diabetic"
"1828","2602","Methotrexate Injection IP 25mg/ml","1ml Ampoule","0","Oncology"
"1829","2603","Methotrexate Injection IP 50mg/2ml","2ml Ampoule","0","Oncology"
"1830","2604","Metronidazole 2% w/w and Mupirocin 2% w/w Ointment","5g","75","Dermatology/Topical/External"
"1831","2605","Miconazole Nitrate 20mg, Mometasone Furoate 1mg and Nadifloxacin 10 mg cream","10g","0","Dermatology/Topical/External"
"1832","2606","Molnupiravir Capsules 200mg","10's","37.5","Covid-19"
"1833","2607","Montelukast Sodium 10mg and Ebastine 10mg Tablets","10's","23.44","Respiratory"
"1834","2608","Janaushadhi Mouth Ulcer Gel (Choline Salicylate 8.7% w/w, Lignocaine Hydrochloride 2% w/w & Benzalkonium Chloride 0.01% w/w)","10g","14.07","Mouth Ulcer Gel"
"1835","2609","Naftifine Hydrochloride Cream 2% w/w","20g in Mono-carton","89.07","Dermatology/Topical/External"
"1836","2610","Neomycin Sulphate 3400 Units, Polymyxin B Sulfate 5000 units and Bacitracin Zinc 400 Units Powder","10g","32.82","Antibiotics"
"1837","2611","Neostigmine Methylsulphate Injection IP 0.5mg/ml","5ml Ampoule","13.13","Central Nervous System (CNS)"
"1838","2612","Neostigmine Methylsulphate Injection IP 2.5mg/ml","1ml Ampoule","0","Central Nervous System (CNS)"
"1839","2613","Nitrofurantoin 50mg Tablets","10's","0","Urology"
"1840","2614","Nitrofurantoin Sustained Release Tablets 100mg","15's","28.13","Urology"
"1841","2615","Norethisterone Acetate Controlled Release Tablets 10mg","10's","25.32","Gynaecology"
"1842","2616","Ofloxacin 100mg and Metronidazole 200mg per 5ml Oral Suspension","60ml in Mono-carton with measuring cap","32.82","Antibiotics"
"1843","2617","Janaushadhi Pain Relief Spray (Wintergreen Tel 20% w/w, karpura 10% w/w, turpentine Oil 10% w/w, Nilgiri ka Tel 6% w/w, Pudina ka Phool 4% w/w, Lavang ka Tel 1% w/w, Cinnamon Oil 0.5% w/w)","50ml","0","Analgesic/Antipyretic/Anti-Inflammatory"
"1844","2618","Panitumumab 100mg Infusion","5ml Vial","0","Oncology"
"1845","2619","Panitumumab 400mg Infusion","20ml Vial","0","Oncology"
"1846","2620","Papain 10mg, Fungal Diastase (Alpha Amylase 1:800) 20mg, Caraway oil 2mg, Anise Oil 2mg and Dil oil 2mg Oral Drops","15ml in Mono-carton with screw dropper","0","Gastrointestinal (GIT)"
"1847","2621","Papain 60mg and Fungal Diastase (Alpha Amylase 1:800) 75mg Syrup","200ml in Mono-carton","0","Gastrointestinal (GIT)"
"1848","2622","Potassium Nitrate 5% w/w and Sodium Monofluoro Phosphate 0.7% w/w Toothpaste Gel (Fresh-Mint Flavour)","100g","32.82","Stomatologicals"
"1849","2623","Povidone Iodine IP 5% w/w Spray","50ml","0","Antiseptic/Disinfectants"
"1850","2624","Quetiapine Prolonged release Tablets IP 300mg","10's","70.32","Central Nervous System (CNS)"
"1851","2625","Rasagiline Tablets 0.5mg","10's","0","Central Nervous System (CNS)"
"1852","2626","Rasagiline Tablets 1mg","10's","0","Central Nervous System (CNS)"
"1853","2627","Selexipag Tablets 200mcg","10's","393.75","Cardiovascular System (CVS)"
"1854","2628","Selexipag Tablets 400mcg","10's","0","Cardiovascular System (CVS)"
"1855","2629","Sertaconazole Dusting Powder 2% w/w","30g","0","Anti-Fungal"
"1856","2630","Sildenafil Tablets IP 20mg","10's","6.57","Cardiovascular System (CVS)"
"1857","2631","Sirolimus Tablets 1mg","10's","187.5","Immunosuppressant"
"1858","2632","Sitagliptin 100mg and Metformin 500mg Extended Release Tablets","10's","65.63","Anti-Diabetic"
"1859","2633","Strontium chloride hexahydrate 10% w/w Toothpaste","100g","0","Stomatologicals"
"1860","2634","Surgical Spirit IP (Methyl Salicylate 0.5% v/v, Diethyl Pthalate 2% v/v & Castor Oil 2.5% v/v)","100ml","0","Antiseptic/Disinfectants"
"1861","2635","Telmisartan 40mg and Bisoprolol Fumarate 2.5mg Tablets","10's","18.75","Cardiovascular System (CVS)"
"1862","2636","Telmisartan 40mg and Bisoprolol Fumarate 5mg Tablets","10's","23.44","Cardiovascular System (CVS)"
"1863","2637","Teneligliptin 20mg, Metformin Hydrochloride 1000mg (Sustained Release) and Pioglitazone 15mg Tablets IP","10's","70.32","Anti-Diabetic"
"1864","2638","Teneligliptin 20mg, Metformin Hydrochloride 500mg (Sustained Release) and Pioglitazone 15mg Tablets IP","10's","42.19","Anti-Diabetic"
"1865","2639","Terbinafine Hydrochloride Dusting Powder 1% w/w","30g","0","Anti-Fungal"
"1866","2640","Throat Spray (Chamomile extract, peppermint oil, Sage oil, Pine Needle oil, Bergamot oil, Cineole oil, Methyl salicylate, Ethyl Alcohol, Propylene Glycol, Glycerin, Citric acid, Polysorbate 80, water)","50ml in Mono-carton","0","Throat Spray for Freshness"
"1867","2641","Tobramycin 0.3% w/v and Fluoromethalone 0.1% w/v Opthalmic Solution IP","5ml in Mono-carton","0","Opthalmic/Otic"
"1868","2642","Tofacitinib 2.0% w/w Ointment","20g","328.13","Dermatology/Topical/External"
"1869","2643","Tofacitinib Extended Release Tablets 11mg","10's","126.57","Ortho"
"1870","2644","Tofacitinib Extended Release Tablets 22mg","10's","225","Ortho"
"1871","2645","Tofacitinib Tablets 10mg","10's","93.75","Ortho"
"1872","2646","Tofacitinib Tablets 5mg","10's","51.57","Ortho"
"1873","2647","Tolperisone Hydrochloride 150mg and Diclofenac Sodium 50mg Tablets","10's","18.75","Analgesic/Antipyretic/Anti-Inflammatory"
"1874","2648","Torasemide 10mg and Amiloride 5mg Tablets","10's","0","Urology"
"1875","2649","Tramadol Hydrochloride (IR) 50mg and Diclofenac Sodium (SR) 75mg Tablets","10's","18.75","Analgesic/Antipyretic/Anti-Inflammatory"
"1876","2650","Tranylcypromine Tablets 10mg","10's","0","Central Nervous System (CNS)"
"1877","2651","Triclofos oral Solution IP","30ml in Mono-carton","0","Central Nervous System (CNS)"
"1878","2652","Tulobuterol Transdermal patch 0.5mg","14's in Mono-carton","0","Respiratory"
"1879","2653","Vildagliptin 100mg and Metformin Hydrochloride (sustained release) 1000mg Tablets","10's","42.19","Anti-Diabetic"
"1880","2654","Vildagliptin 100mg and Metformin Hydrochloride (sustained release) 500mg Tablets","10's","37.5","Anti-Diabetic"
"1881","2655","Vildagliptin 50mg and Metformin Hydrochloride (sustained release) 1000mg Tablets","15's","32.82","Anti-Diabetic"
"1882","2656","Vildagliptin 50mg and Metformin Hydrochloride (sustained release) 500mg Tablets","15's","28.13","Anti-Diabetic"
"1883","2657","Acyclovir Dispersible Tablets IP 200 mg","5's","14.07","Anti-Viral"
"1884","2658","Amisulpride Tablets IP 25 mg","10's","0","Central Nervous System (CNS)"
"1885","2659","Amisulpride Sustained Release Tablets 100 mg","10's","0","Central Nervous System (CNS)"
"1886","2660","Amisulpride Sustained Release Tablets 200 mg","10's","0","Central Nervous System (CNS)"
"1887","2661","Amisulpride Sustained Release Tablets 300 mg","10's","0","Central Nervous System (CNS)"
"1888","2662","Amisulpride Sustained Release Tablets 400 mg","10's","0","Central Nervous System (CNS)"
"1889","2663","Budesonide 160 mcg and Formoterol 4.5mcg Inhalation Powder","60 doses in MDI inhaler","0","Respiratory"
"1890","2664","Cabozantinib Tablets 20 mg","30's bottle","1453.13","Oncology"
"1891","2665","Cabozantinib Tablets 40 mg","30's bottle","2296.88","Oncology"
"1892","2666","Cabozantinib Tablets 60 mg","30's bottle","3562.5","Oncology"
"1893","2667","Cariprazine Capsules 1.5 mg","10's","50.63","Central Nervous System (CNS)"
"1894","2668","Cariprazine Capsules 3 mg","10's","81.57","Central Nervous System (CNS)"
"1895","2669","Cariprazine Capsules 4.5 mg","10's","0","Central Nervous System (CNS)"
"1896","2670","Cariprazine Capsules 6 mg","10's","0","Central Nervous System (CNS)"
"1897","2671","Cefazolin Sodium Injection IP 250 mg","Vial with WFI","0","Antibiotics"
"1898","2672","Cefazolin Sodium Injection IP 500 mg","Vial with WFI","0","Antibiotics"
"1899","2673","Cefazolin Sodium Injection IP 1g","Vial with WFI","0","Antibiotics"
"1900","2674","Clindamycin Phosphate Gel 1%w/w","20gm Tube","30","Antibiotics"
"1901","2675","Cyclobenzaprine Extended-release Capsules 15mg","10's","0","Central Nervous System (CNS)"
"1902","2676","Gliclazide 60 mg (Extended Release) and Metformin Hydrochloride 1000 mg (Extended Release) Tablets","10's","68.44","Anti-Diabetic"
"1903","2677","Dapagliflozin 10mg, Vildagliptin 100mg (SR) and Metformin Hydrochloride 1000mg (SR) Tablets","15's","65.63","Anti-Diabetic"
"1904","2678","Dapagliflozin 10mg, Vildagliptin 100mg (SR) and Metformin Hydrochloride 500mg (SR) Tablets","15's","60.94","Anti-Diabetic"
"1905","2679","Desloratadine Tablets 10 mg","10's","23.44","Anti-Histaminic"
"1906","2680","Dexchlorpheniramine Maleate Sustained Release Tablets 6mg","10's","0","Anti-Histaminic"
"1907","2681","Dexchlorpheniramine Maleate Tablets IP 2mg","10's","0","Anti-Histaminic"
"1908","2682","Donepezil Hydrochloride Orally Disintegrating Strips 10 mg","10's in mono-carton","82.5","Central Nervous System (CNS)"
"1909","2683","Donepezil Hydrochloride Orally Disintegrating Strips 5 mg","10's in mono-carton","57.19","Central Nervous System (CNS)"
"1910","2684","Everolimus Tablets 0.25 mg","10's","250","Immunosuppressant"
"1911","2685","Everolimus Tablets 0.5 mg","10's","450","Immunosuppressant"
"1912","2686","Everolimus Tablets 5 mg","10's","3600","Immunosuppressant"
"1913","2687","Everolimus Tablets 10 mg","10's","7000","Immunosuppressant"
"1914","2688","Feracrylum mouth wash/Gargle 1% w/v (Mint Flavour)","50ml","98.44","Antiseptic/Disinfectants"
"1915","2689","Feracrylum Sterile Antiseptic Solution 1% w/v","100ml","140.63","Antiseptic/Disinfectants"
"1916","2690","Fluocinonide Topical Gel 0.05%w/w","15gm Tube","0","Dermatology/Topical/External"
"1917","2691","Hydrochlorothiazide Tablets IP 25 mg","10's","8.44","Diuretic"
"1918","2692","Hydrocortisone Tablets 10mg","10's","18.75","Steroids & Hormones"
"1919","2693","Hydrocortisone Tablets 5mg","10's","10.32","Steroids & Hormones"
"1920","2694","Inosine Pranobex Tablets 500 mg","10's","271.88","Anti-Viral"
"1921","2695","Itraconazole Capsules 130mg","10's","70.32","Anti-Fungal"
"1922","2696","Itraconazole Capsules 65mg","10's","42.19","Anti-Fungal"
"1923","2697","Itraconazole Eye drops 1% w/v","5ml Drops","0","Anti-Fungal"
"1924","2698","Levocetirizine Orally Disintegrating Strips 2.5 mg","10's in mono-carton","0","Anti-Histaminic"
"1925","2699","Levocetirizine Orally Disintegrating Strips 5 mg","10's in mono-carton","70.32","Anti-Histaminic"
"1926","2700","Linagliptin 5mg and Metformin Hydrochloride 1000mg Tablets","15's","65.63","Anti-Diabetic"
"1927","2701","Lurasidone Hydrochloride Tablets 20 mg","10's","0","Central Nervous System (CNS)"
"1928","2702","Lurasidone Hydrochloride Tablets 40 mg","10's","86.25","Central Nervous System (CNS)"
"1929","2703","Lurasidone Hydrochloride Tablets 80 mg","10's","134.07","Central Nervous System (CNS)"
"1930","2704","Maraviroc Tablets 150 mg","60's in bottle","0","Central Nervous System (CNS)"
"1931","2705","Mecobalamin Orally Disintegrating Strips 1500 mcg","10's in mono-carton","65.63","Supplement/Vitamin/Mineral"
"1932","2706","Metformin Hydrochloride Tablets IP 250 mg","10's","3.75","Anti-Diabetic"
"1933","2707","Metoprolol Tartrate 50mg and Hydrochlorothiazide 12.5 mg Tablets","10's","14.07","Cardiovascular System (CVS)"
"1934","2708","Montelukast Sodium 4mg and Fexofenadine 60mg per 5ml Suspension","60ml Bottle","0","Respiratory"
"1935","2709","Omeprazole 20mg Powder for Oral suspension (Sodium bicarbonate as buffer)","10 sachet in monocarton","74.07","Gastrointestinal (GIT)"
"1936","2710","N-Acetylcysteine 600 mg And Pyridoxine Hydrochloride 50 mg Tablets","10's","0","Nephrology"
"1937","2711","Naproxen 500 mg Delayed Release and Esomeprazole 20mg Tablet","10's","0","Ortho"
"1938","2712","Nebivolol Hydrochloride Tablets IP 10 mg","10's","42.19","Cardiovascular System (CVS)"
"1939","2713","Nifedipine Extended Release Tablets IP 30 mg","10's","14.07","Cardiovascular System (CVS)"
"1940","2714","Nifedipine Extended Release Tablets IP 60 mg","10's","0","Cardiovascular System (CVS)"
"1941","2715","Octreotide long acting release Injection 20mg (Lyophilised)","Vial","0","Oncology"
"1942","2716","Octreotide long acting release Injection 30mg (Lyophilised)","Vial","12000","Oncology"
"1943","2717","Octreotide injection 50 mcg","1ml Ampoule","80","Oncology"
"1944","2718","Octreotide injection 100mcg","1ml Ampoule","140","Oncology"
"1945","2719","Olaparib Tablet 100 mg","30's in bottle","0","Oncology"
"1946","2720","Olaparib Tablet 150 mg","30's in bottle","0","Oncology"
"1947","2721","Olmesartan 40mg and Amlodipine 5mg Tablets","10's","32.82","Cardiovascular System (CVS)"
"1948","2722","Olmesartan Medoxomil 20mg, Cilnidipine 10mg and Chlorthalidone 12.5mg Tablets","10's","32.82","Cardiovascular System (CVS)"
"1949","2723","Olmesartan Medoxomil 20mg, Cilnidipine 10mg and Chlorthalidone 6.25mg Tablets","10's","28.13","Cardiovascular System (CVS)"
"1950","2724","Olmesartan Medoxomil 40mg, Cilnidipine 10mg and Chlorthalidone 12.5mg Tablets","10's","37.5","Cardiovascular System (CVS)"
"1951","2725","Oseltamivir Phosphate Capsules IP 30mg","10's","84.38","Anti-Viral"
"1952","2726","Pancreatin Capsules 40000","10's","0","Enzyme Preparation"
"1953","2727","Pilocarpine Tablets 5mg","10's","0","Opthalmic/Otic"
"1954","2728","Rebamipide Tablets 100 mg","10's","46.88","Gastrointestinal (GIT)"
"1955","2729","Risperidone 2mg Trihexyphenidyl 2 mg Tablets (mouth Dissolving )","10's","9.38","Central Nervous System (CNS)"
"1956","2730","Risperidone 3mg Trihexyphenidyl 2 mg Tablets","10's","0","Central Nervous System (CNS)"
"1957","2731","Rivaroxaban Tablet 15 mg","14's","117.19","Anticoagulant"
"1958","2732","Rivaroxaban Tablet 2.5 mg","14's","42.19","Anticoagulant"
"1959","2733","Rivastigmine Capsules 1.5mg","10's","46.88","Central Nervous System (CNS)"
"1960","2734","Rivastigmine Capsules 3mg","10's","0","Central Nervous System (CNS)"
"1961","2735","Rivastigmine Capsules 4.5 mg","10's","0","Central Nervous System (CNS)"
"1962","2736","Rivastigmine Capsules 6 mg","10's","0","Central Nervous System (CNS)"
"1963","2737","Rivastigmine Transdermal Patch 9mg (4.6mg/24 hour)","30's in monocarton","0","Central Nervous System (CNS)"
"1964","2738","Rivastigmine Transdermal Patch 18mg (9.5mg/24 hour)","30's in monocarton","0","Central Nervous System (CNS)"
"1965","2739","Rivastigmine Transdermal Patch 27mg (13.3mg/24 hour)","30's in monocarton","0","Central Nervous System (CNS)"
"1966","2740","Rizatriptan Benzoate Orally Disintegrating Strips 5 mg","5's in Mono-carton","90.94","Central Nervous System (CNS)"
"1967","2741","Rizatriptan Benzoate Orally Disintegrating Strips 10 mg","5's in Mono-carton","150","Central Nervous System (CNS)"
"1968","2742","Romiplostim Powder and Solvent for solution for Injection 250mcg per 0.5 vial","Vial","0","Coagulants"
"1969","2743","Romiplostim Powder and Solvent for solution for Injection 500mcg per vial","Vial","0","Coagulants"
"1970","2744","Latanoprost Eye Drops IP 0.005% w/v (50mcg per ml)","3ml Drop","187.5","Opthalmic/Otic"
"1971","2745","Sildenafil Orally Disintegrating Strips 100 mg","5's in mono-carton","0","Urology"
"1972","2746","Sitagliptin 50mg, Glimepiride 1mg and Metformin Hydrochloride 1000mg Tablets","10's","58.13","Anti-Diabetic"
"1973","2747","Sitagliptin 50mg, Glimepiride 2mg and Metformin Hydrochloride 1000mg Tablets","10's","60.94","Anti-Diabetic"
"1974","2748","Spironolactone Tablets IP 50 mg","15's","34.22","Diuretic"
"1975","2749","Spironolactone Tablets IP 100mg","15's","79.69","Diuretic"
"1976","2750","Tadalafil Oral Disintegrating Strips 10 mg","1's","9.38","Urology"
"1977","2751","Tadalafil Oral Disintegrating Strips 20 mg","1's","14.07","Urology"
"1978","2752","Tadalafil Tablets IP 2.5 mg","10's","9.38","Urology"
"1979","2753","Tadalafil Tablets IP 5 mg","10's","11.25","Urology"
"1980","2754","Tadalafil Tablets IP 10 mg","4's","9.38","Urology"
"1981","2755","Teneligliptin 20mg, Dapagliflozin 10mg and Metformin Hydrochloride (Sustained Release) 1000mg Tablets","10's","46.88","Anti-Diabetic"
"1982","2756","Teneligliptin 20mg, Dapagliflozin 10mg and Metformin Hydrochloride (Sustained Release) 500mg Tablets","10's","42.19","Anti-Diabetic"
"1983","2757","Thyroxine Sodium Tablets IP 62.5mcg","100's Bottle","54.38","Anti-Thyroid"
"1984","2758","Torsemide 20 mg and Spironolactone 25 mg Tablets","15's","39.38","Diuretic"
"1985","2759","Torsemide 5 mg and Spironolactone 50 mg Tablets","15's","42.19","Diuretic"
"1986","2760","Trazodone Hydrochloride Tablets IP 100 mg","10's","46.88","Central Nervous System (CNS)"
"1987","2761","Trazodone Hydrochloride Tablets IP 25 mg","10's","14.07","Central Nervous System (CNS)"
"1988","2762","Trientine Hydrochloride Capsules 250 mg","100's in Bottle","10231.88","Hepato-Protective"
"1989","2763","Ubidecarenone (Co-enzyme Q10) Capsules 100 mg","10's","84.38","Supplement/Vitamin/Mineral"
"1990","2764","Ubidecarenone (Co-enzyme Q10) Capsules 300 mg","10's","234.38","Supplement/Vitamin/Mineral"
"1991","2765","Vancomycin Hydrochloride for Intravenous Infusion IP 1000 mg","Vial","0","Antibiotics"
"1992","2766","Vancomycin Hydrochloride Capsules IP 250mg","10's","0","Antibiotics"
"1993","2767","Vasopressin injection IP 20IU","1ml Ampoule","80","Anti-Diuretic"
"1994","2768","Vildagliptin 50mg and Dapagliflozin 5mg Tablets","15's","0","Anti-Diabetic"
"1995","2769","Vincristine Injection 1mg","1ml Vial","0","Oncology"
"1996","2770","Zolpidem Tablets IP 5mg","10's","9.38","Central Nervous System (CNS)"
"1997","2771","Fluconazole Tablets IP 50 mg","4's","7.5","Anti-Fungal"
"1998","2772","Fluconazole Tablets IP 200 mg","4's","22.5","Anti-Fungal"
"1999","2773","Fluconazole Tablets IP 400 mg","1's","9.38","Anti-Fungal"
"2000","2774","Fluconazole Injection 2mg per ml","100ml Bottle","0","Anti-Fungal"
"2001","2775","Janaushadhi Urja (Glucose Powder (Orange Flavour) 1kg)","1kg Screw-Cap jar with scoop","0","Nutraceuticals"
"2002","2776","Janaushadhi Urja (Glucose Powder 500g)","500g Screw-Cap jar with scoop","0","Nutraceuticals"
"2003","2777","Janaushadhi Urja (Glucose Powder 1kg)","1kg Screw-Cap jar with scoop","0","Nutraceuticals"
"2004","2778","Janaushadhi Onco-Care Protein Powder","500g HDPE Container","0","Nutraceuticals"
"2005","2779","Janaushadhi Poshan (Malt based food with Cocoa, 1000gm)","1000g HDPE Container","266.95","Nutraceuticals"
"2006","2780","Janaushadhi Poshan (Malt based food, 1000gm)","1000g HDPE Container","266.95","Nutraceuticals"
"2007","2781","Janaushadhi Ragi Malt based food (500gm)","500g HDPE Container","169.07","Nutraceuticals"
"2008","2782","Janaushadhi Ragi Malt based food (1000gm)","1000g HDPE Container","0","Nutraceuticals"
"2009","2783","Janaushadhi Ragi Sticks (Chocolate)","Screw-cap plastic container","0","Nutraceuticals"
"2010","2784","Janaushadhi Energy Drink (Orange Flavour)","200ml Tetra Pack","0","Nutraceuticals"
"2011","2785","Abiraterone Acetate Tablets 500mg","60's bottle","0","Oncology"
"2012","2786","Amlodipine + Enalapril Tablet (5/5 Mg)","10's","0","Cardiovascular System (CVS)"
"2013","2787","Amlodipine + Indapamide Tablet (5/1.5 Mg)","10's","0","Cardiovascular System (CVS)"
"2014","2789","Atenolol + Chlorthalidone Tablet (25/12.5 Mg)","10's","0","Cardiovascular System (CVS)"
"2015","2790","Atenolol + Chlorthalidone Tablet (50/12.5 Mg)","10's","0","Cardiovascular System (CVS)"
"2016","2791","Atenolol + Indapamide Tablet (50/2.5 Mg)","10's","0","Cardiovascular System (CVS)"
"2017","2792","Atenolol + Losartan Tablet (50/50 Mg)","10's","0","Cardiovascular System (CVS)"
"2018","2793","Atenolol + Nifedipine Tablet (50/20 Mg)","10's","0","Cardiovascular System (CVS)"
"2019","2794","Atomoxetine Tablet (10 Mg)","10's","0","Central Nervous System (CNS)"
"2020","2795","Azelaic Acid 20% Cream","15GM","0","Dermatology/Topical/External"
"2021","2796","Benidipine + Telmisartan Tablet (4/40 Mg)","15's","0","Cardiovascular System (CVS)"
"2022","2797","Benzoyl Peroxide 5% Soap","75GM","0","Dermatology/Topical/External"
"2023","2798","Benzoyl Peroxide Gel 5%","15GM","0","Dermatology/Topical/External"
"2024","2799","Buspirone Tablet (10 Mg)","10's","0","Central Nervous System (CNS)"
"2025","2800","Buspirone Tablet (5 Mg)","10's","0","Central Nervous System (CNS)"
"2026","2801","Carbetocin Injection 100mcg /ml","1ML","0","Gynaecology"
"2027","2802","Clonazepam + Propranolol Tablet (0.25/10 Mg)","10's","0","Central Nervous System (CNS)"
"2028","2803","Clonazepam + Propranolol Tablet (0.25/20 Mg)","10's","0","Central Nervous System (CNS)"
"2029","2804","Clonazepam + Propranolol Tablet (0.5/20 Mg)","10's","0","Central Nervous System (CNS)"
"2030","2805","Combo pack of Vitamin C Injection IP and Vitamin B12, Folic acid and Niacinamide injection","1's","0","Supplement/Vitamin/Mineral"
"2031","2806","Enzalutamide Tablet 40Mg","28's in Bottle","0","Oncology"
"2032","2807","Filgrastim injection 300mcg","1ML Vial","0","Immunostimulator"
"2033","2808","Flecanide Tablets 100Mg","10's","0","Cardiovascular System (CVS)"
"2034","2809","Flecanide Tablets 50Mg","10's","0","Cardiovascular System (CVS)"
"2035","2810","Fluoxetine 10 Mg Tablet","10's","0","Central Nervous System (CNS)"
"2036","2811","Fluoxetine Capsules 60Mg","10's","0","Central Nervous System (CNS)"
"2037","2812","Gliclazide + Pioglitazone + Metformin Tablet (30/15/500 Mg)","10's","0","Anti-Diabetic"
"2038","2813","Gliclazide + Pioglitazone + Metformin Tablet (60/15/500 Mg)","10's","0","Anti-Diabetic"
"2039","2814","Glycolic Acid Cream 12%","30GM","0","Dermatology/Topical/External"
"2040","2815","Glycolic Acid Cream 6%","30GM","0","Dermatology/Topical/External"
"2041","2816","Glycopyrrolate Tablet 1Mg","10's","0","Gastrointestinal (GIT)"
"2042","2817","Glycopyrrolate Tablet 2Mg","10's","0","Gastrointestinal (GIT)"
"2043","2818","Halobetasol & Fusidic Acid Cream 0.05/2%","10GM","0","Dermatology/Topical/External"
"2044","2819","Human Papillomavirus Quadrivalent (Types 6, 11, 16, And 18) Vaccine, Recombinant","0.5 ml in 1 prefilled syringe","0","Oncology"
"2045","2820","Ibrutinib Capsule 140 Mg","30's in Bottle","0","Oncology"
"2046","2821","Imipramine + Diazepam Tablet (25/2 Mg)","10's","0","Central Nervous System (CNS)"
"2047","2822","Imipramine + Diazepam Tablet (25/5 Mg)","10's","0","Central Nervous System (CNS)"
"2048","2823","Testosterone Enanthate Injection 250mg per 1 ml","1 ML","0","Steroids & Hormones"
"2049","2824","Lenvatinib Capsules IP 4Mg","10's bottle","0","Oncology"
"2050","2825","Levetiracetam Tablets IP 500 Mg XR","10's","0","Central Nervous System (CNS)"
"2051","2826","Losartan + Chlorthalidone Tablet (25/6.25 Mg)","10's","0","Cardiovascular System (CVS)"
"2052","2827","Losartan + S- Amlodipine Tablet (50/2.5 Mg)","10's","0","Cardiovascular System (CVS)"
"2053","2828","Melatonin + Zolpidem Tablet (3/10 Mg)","10's","0","Central Nervous System (CNS)"
"2054","2829","Melatonin + Zolpidem Tablet (3/5 Mg)","10's","0","Central Nervous System (CNS)"
"2055","2830","Methylphenidate Tablet 10Mg","10's","0","Central Nervous System (CNS)"
"2056","2831","Methylphenidate Tablet 18Mg","10's","0","Central Nervous System (CNS)"
"2057","2832","Methylphenidate Tablet 20Mg","10's","0","Central Nervous System (CNS)"
"2058","2833","Methylphenidate Tablet 5Mg","10's","0","Central Nervous System (CNS)"
"2059","2834","Metoprolol + Chlorthalidone Tablet (25/6.25 Mg)","10's","0","Cardiovascular System (CVS)"
"2060","2835","Metoprolol + Chlorthalidone Tablet (50/12.5 Mg)","10's","0","Cardiovascular System (CVS)"
"2061","2836","Metoprolol + Chlorthalidone Tablet (50/6.25 Mg)","10's","0","Cardiovascular System (CVS)"
"2062","2837","Minoxidil 5Mg Tablet","10's","0","Cardiovascular System (CVS)"
"2063","2838","Naltrexone 50Mg Tablets","10's","0","Anti-Alcoholism"
"2064","2839","Nimodipine Tablet (30 Mg)","10's","0","Cardiovascular System (CVS)"
"2065","2840","Olmesartan + Amlodipine + Chlorthalidone Tablet (40/5/12.5 Mg)","10's","0","Cardiovascular System (CVS)"
"2066","2841","Olmesartan + Metoprolol Tablet (20/25 Mg)","10's","0","Cardiovascular System (CVS)"
"2067","2842","Olmesartan + Metoprolol Tablet (20/50 Mg)","10's","0","Cardiovascular System (CVS)"
"2068","2843","Opipramol Dihydrochloride Tablets (50 Mg)","10's","0","Central Nervous System (CNS)"
"2069","2844","Opipramol Tablet (50 Mg)","10's","0","Central Nervous System (CNS)"
"2070","2845","Orlistat Capsules 60Mg","10's","0","Weight management"
"2071","2846","Perampanel Tablet (2 Mg)","10's","0","Central Nervous System (CNS)"
"2072","2847","Perampanel Tablet (4 Mg)","10's","0","Central Nervous System (CNS)"
"2073","2848","Pioglitazone + Glimepiride Tablet (15/2 Mg)","10's","0","Anti-Diabetic"
"2074","2849","Polmacoxib 2 Mg Capsules","10's","0","Ortho"
"2075","2850","Rosuvastatin + Cholecalciferol Tablet (10 Mg/1000 IU)","10's","0","Cardiovascular System (CVS)"
"2076","2851","Rosuvastatin + Ezetimibe Tablet (10/ 10Mg)","10's","0","Cardiovascular System (CVS)"
"2077","2852","Rosuvastatin + Ezetimibe Tablet (20/ 10Mg)","10's","0","Cardiovascular System (CVS)"
"2078","2853","Rosuvastatin 20Mg And Clopidogrel 75Mg Capsules","10's","0","Cardiovascular System (CVS)"
"2079","2854","Safinamide Tablet (50 Mg)","10's","0","Central Nervous System (CNS)"
"2080","2855","S-Amlodipine + Hydrochlorothiazide Tablet (2.5/12.5 Mg)","10's","0","Cardiovascular System (CVS)"
"2081","2856","Sitagliptin + Pioglitazone + Metformin Tablet (100/15/500 Mg)","10's","0","Anti-Diabetic"
"2082","2857","S-Metoprolol + S-Amlodipine Tablet (25/2.5 Mg)","10's","0","Cardiovascular System (CVS)"
"2083","2858","S-Metoprolol + S-Amlodipine Tablet (25/5 Mg)","10's","0","Cardiovascular System (CVS)"
"2084","2859","S-Metoprolol + Telmisartan Tablet (25/ 20Mg)","10's","0","Cardiovascular System (CVS)"
"2085","2860","Telmisartan + Indapamide Tablet (40/1.5 Mg)","10's","0","Cardiovascular System (CVS)"
"2086","2861","Telmisartan + Rosuvastatin Tablet (40/10 Mg)","10's","0","Cardiovascular System (CVS)"
"2087","2862","Telmisartan + S- Amlodipine Tablet (40/2.5 Mg)","15's","0","Cardiovascular System (CVS)"
"2088","2863","Telmisartan + S- Amlodipine Tablet (40/5 Mg)","15's","0","Cardiovascular System (CVS)"
"2089","2864","Tianeptine Tablet (12.5 Mg)","10's","0","Central Nervous System (CNS)"
"2090","2865","Tofisopam Tablet (50 Mg)","10's","0","Central Nervous System (CNS)"
"2091","2866","Trifluoperazine + Trihexyphenidyl Tablet (2.5/1 Mg)","10's","0","Central Nervous System (CNS)"
"2092","2867","Trifluoperazine + Trihexyphenidyl Tablet (5/2 Mg)","10's","0","Central Nervous System (CNS)"
"2093","2868","Voglibose + Metformin + Gliclazide Tablet (0.2/500/80 Mg)","10's","0","Anti-Diabetic"
"2094","2869","Voglibose + Metformin + Gliclazide Tablet (0.3/500/80 Mg)","15's","0","Anti-Diabetic"
"2095","2870","Cefepime 250 Mg Inection","1.0 Injection in 1 vial","0","Antibiotics"
"2096","2871","Cefepime 1000Mg and Tazobactam 125Mg Injection","1.0 Injection in 1 vial","0","Antibiotics"
"2097","2872","Ciclesonide (200Mcg) + Formoterol (6Mcg) + Tiotropium (9Mcg) Inhaler","200 MDI in 1 packet","0","Respiratory"
"2098","2873","Dolutegravir (50 Mg) + Emtricitabine (200 Mg) + Tenofovir Alafenamide (25 Mg) Tablets","30's in Bottle","0","Anti-retroviral"
"2099","2874","Dolutegravir (50Mg) + Lamivudine (300Mg) + Tenofovir Disoproxil Fumarate (300Mg) Tablets","30's in Bottle","0","Anti-retroviral"
"2100","2875","Ketoprofen 30 Mg Patch","7's pack","0","Analgesic/Antipyretic/Anti-Inflammatory"
"2101","2876","Lamivudine 100 Mg Tablets","10's","0","Hepato-Protective"
"2102","2877","Levetiracetam (100Mg) Injection","5.0 ml in 1 vial","0","Central Nervous System (CNS)"
"2103","2878","Levetiracetam 500 Mg Injection","5.0 ml in 1 vial","0","Central Nervous System (CNS)"
"2104","2879","Magnesium Sulphate Injection 50%","2 ml/ 1 Vial","0","Supplement/Vitamin/Mineral"
"2105","2880","Minocycline (100Mg) Modified Release Capsule","10's","0","Antibiotics"
"2106","2881","Minocycline (45Mg) Extended Release Tablet","10's","0","Antibiotics"
"2107","2882","Minocycline (50Mg) Tablet","10's","0","Antibiotics"
"2108","2883","Minocycline (65Mg) Extended Release Tablet","10's","0","Antibiotics"
"2109","2884","Minocycline 100 Mg Tab","10's","0","Antibiotics"
"2110","2885","Mosapride (5Mg) + Dimethicone (125Mg) Chewable Tablet","10's","0","Gastrointestinal (GIT)"
"2111","2886","Mosapride Citrate 5 Mg Tablet","10's","0","Gastrointestinal (GIT)"
"2112","2887","Nifedipine 5Mg Capsule","10's","0","Cardiovascular System (CVS)"
"2113","2888","Olopatadine 5 Mg Tab","10's","0","Anti-Histaminic"
"2114","2889","Pantoprazole (40 Mg) + Mosapride (15 Mg) Tablet","10's","0","Gastrointestinal (GIT)"
"2115","2890","Phenobarbitone 200mg/1ml Injection","10 ml /vial","0","Central Nervous System (CNS)"
"2116","2891","Phenobarbitone Sodium 20mg per 5ml Syrup","100 ml","0","Central Nervous System (CNS)"
"2117","2892","Prednisolone (15Mg/5Ml) Syrup","60 ml / 1 Bottle","0","Steroids & Hormones"
"2118","2893","Prednisolone Dispersible Tablet (20Mg)","15's","0","Steroids & Hormones"
"2119","2894","Prednisolone Tablet (40Mg)","10's","0","Steroids & Hormones"
"2120","2895","Rabeprazole (20 Mg) + Mosapride (15Mg) Tablet","10's","0","Gastrointestinal (GIT)"
"2121","2896","Rupatadine (10Mg) + Montelukast (10Mg) Tablet","10's","0","Respiratory"
"2122","2897","Rupatadine 10 Mg Tab","10's","0","Anti-Histaminic"
"2123","2898","Sumatriptan 50 Mg Tablets","10's","0","Anti-Migraine"
"2124","2899","Terazosin (1Mg) Tab","10's","0","Cardiovascular System (CVS)"
"2125","2900","Terazosin (2Mg) Tab","10's","0","Cardiovascular System (CVS)"
"2126","5001","Absorbent Cotton Wool IP 75 g","1's","27.19","Surgical & Medical Consumables"
"2127","5002","Absorbent Cotton Wool IP 200 g","1's","63.75","Surgical & Medical Consumables"
"2128","5003","Absorbent Cotton Wool IP 500 g","1's","161.25","Surgical & Medical Consumables"
"2129","5004","Crepe Bandage B.P. 15 cm x 4 M","1's","51.57","Surgical & Medical Consumables"
"2130","5005","Crepe Bandage B. P.10 cm x 4 M","1's","33.75","Surgical & Medical Consumables"
"2131","5006","Cotton Bandage 7.5 cm x 4 M","1's","14.07","Surgical & Medical Consumables"
"2132","5007","Cotton Bandage 10 cm x 4 M","1's","18.75","Surgical & Medical Consumables"
"2133","5008","Cotton Bandages(Non Sterile) 15 cm x 4 M","1's","28.13","Surgical & Medical Consumables"
"2134","5009","Janaushadhi Suraksha (Adhesive Bandages Washproof)","1's","0.94","Surgical & Medical Consumables"
"2135","5010","Syringe 2 ml with needle 24G","1's","2.35","Surgical & Medical Consumables"
"2136","5011","Syringe 5 ml with needle 24G","1's","2.82","Surgical & Medical Consumables"
"2137","5012","Syringe 10 ml with needle 21G","1's","4.22","Surgical & Medical Consumables"
"2138","5013","Syringe 20 ml with needle 23G","1's","8.44","Surgical & Medical Consumables"
"2139","5014","Needle 16G","1's","1.88","Surgical & Medical Consumables"
"2140","5015","Needle 18G","1's","1.41","Surgical & Medical Consumables"
"2141","5016","Needle 23G","1's","0.94","Surgical & Medical Consumables"
"2142","5017","Needle 26G half inch","1's","1.41","Surgical & Medical Consumables"
"2143","5019","Paper Adhesive Plaster 1 inch X 9m","1's","23.44","Surgical & Medical Consumables"
"2144","5020","Paper Adhesive Plaster 2 inch X 9m","1's","51.57","Surgical & Medical Consumables"
"2145","5021","Paper Adhesive Plaster 3 inch X 9m","1's","75","Surgical & Medical Consumables"
"2146","5022","Plaster of Paris BP Bandages 15cm X 2.7m / Roll","1's","79.69","Surgical & Medical Consumables"
"2147","5023","Plaster of Paris BP Bandages 10cm X 2.7m / Roll","1's","56.25","Surgical & Medical Consumables"
"2148","5024","Scalp Vein Set (Disposable) (18G)","1's","6.57","Surgical & Medical Consumables"
"2149","5025","Scalp Vein Set (Disposable) (20G)","1's","6.57","Surgical & Medical Consumables"
"2150","5026","Scalp Vein Set (Disposable) (22G)","1's","6.57","Surgical & Medical Consumables"
"2151","5027","Scalp Vein Set (Disposable) (24G)","1's","6.57","Surgical & Medical Consumables"
"2152","5030","Surgical Blade, No. 22, Sterilized","1's","3.75","Surgical & Medical Consumables"
"2153","5033","Surgical Blade, No. 15, Sterilized","1's","3.75","Surgical & Medical Consumables"
"2154","5037","I.V Cannula (Sterile, Disposable), 26 G","1's pack","15.94","Surgical & Medical Consumables"
"2155","5039","Sterile Disposable Spinal Needle 22G x 3 ½ inch","1's","51.57","Surgical & Medical Consumables"
"2156","5040","Sterile Disposable Spinal Needle 25G x 3 ½ inch","1's","51.57","Surgical & Medical Consumables"
"2157","5041","Urine Collecting Bag, Disposable, 2000ml","1's pack","30","Surgical & Medical Consumables"
"2158","5046","Endotracheal Tube Plain, Size 2.5, Sterile, Single use","1's","32.82","Surgical & Medical Consumables"
"2159","5047","Endotracheal Tube Plain, Size 3, Sterile, Single use","1's","32.82","Surgical & Medical Consumables"
"2160","5048","Endotracheal Tube Plain, Size 3.5, Sterile, Single use","1's","32.82","Surgical & Medical Consumables"
"2161","5049","Endotracheal Tube Plain, Size 4, Sterile, Single use","1's","32.82","Surgical & Medical Consumables"
"2162","5050","Endotracheal Tube Plain, Size 4.5, Sterile, Single use","1's","32.82","Surgical & Medical Consumables"
"2163","5051","Endotracheal Tube Plain, Size 5, Sterile, Single use","1's","32.82","Surgical & Medical Consumables"
"2164","5052","Endotracheal Tube Plain, Size 8.5, Sterile, Single use","1's","37.5","Surgical & Medical Consumables"
"2165","5053","Endotracheal Tube Cuffed, Size 4","1's","75","Surgical & Medical Consumables"
"2166","5054","Endotracheal Tube Cuffed, Size 4.5","1's","70.32","Surgical & Medical Consumables"
"2167","5055","Endotracheal Tube Cuffed, Size 5","1's","65.63","Surgical & Medical Consumables"
"2168","5056","Endotracheal Tube Cuffed, Size 6","1's","65.63","Surgical & Medical Consumables"
"2169","5057","Endotracheal Tube Cuffed, Size 6.5","1's","65.63","Surgical & Medical Consumables"
"2170","5058","Endotracheal Tube Cuffed, Size 7","1's","65.63","Surgical & Medical Consumables"
"2171","5059","Endotracheal Tube Cuffed, Size 7.5","1's","65.63","Surgical & Medical Consumables"
"2172","5060","Endotracheal Tube Cuffed, Size 8","1's","65.63","Surgical & Medical Consumables"
"2173","5061","Endotracheal Tube Cuffed, Size 8.5","1's","65.63","Surgical & Medical Consumables"
"2174","5062","Endotracheal Tube Cuffed, Size 9","1's","65.63","Surgical & Medical Consumables"
"2175","5064","Tracheostomy Tube (PVC), Sterilised, single use Size-24","1's","206.25","Surgical & Medical Consumables"
"2176","5065","Abdominal Drainage Kit, Sterile (2000ml, 24 Graduate)","1's","93.75","Surgical & Medical Consumables"
"2177","5066","Abdominal Drainage Kit, Sterile (2000ml, 28 Graduate)","1's","93.75","Surgical & Medical Consumables"
"2178","5067","Corrugated Drainage Sheet","1's","26","Surgical & Medical Consumables"
"2179","5070","Sterilized Umbilical Cotton Tape 3mm x 75cm","1's","39.38","Surgical & Medical Consumables"
"2180","5071","Bone Wax, Sterilised","1's","45","Surgical & Medical Consumables"
"2181","5073","Crepe Bandage B.P. 6 cm x 4 M","1's","22.5","Surgical & Medical Consumables"
"2182","5077","Rapid Diagnostic Malaria Test Kit","1's mono-carton","25.32","Surgical & Medical Consumables"
"2183","5078","Dengue Test Kit","1's mono-carton","42.19","Surgical & Medical Consumables"
"2184","5079","Janaushadhi Ankur (HCG- Pregnancy Test Kit)","1's","18.75","Surgical & Medical Consumables"
"2185","5094","Sterile Gauze Pad size 2X2","1's","6.57","Surgical & Medical Consumables"
"2186","5095","Sterile Gauze Pad size 3X3","1's","7.5","Surgical & Medical Consumables"
"2187","5096","Sterile Gauze Pad size 4X4","1's","8.44","Surgical & Medical Consumables"
"2188","5097","Alcohol Swab (Spirit Swab)","1's","0.94","Surgical & Medical Consumables"
"2189","6001","Surgical Rubber Gloves-Disposable, Sterile, 6.5 inch","PAIR","18.75","Surgical & Medical Consumables"
"2190","6002","Surgical Rubber Gloves-Disposable, Sterile, 7 inch","PAIR","18.75","Surgical & Medical Consumables"
"2191","6003","Surgical Rubber Gloves-Disposable, Sterile, 7.5 inch","PAIR","18.75","Surgical & Medical Consumables"
"2192","6004","Surgical Rubber Gloves-Disposable, Sterile, 8 inch","PAIR","18.75","Surgical & Medical Consumables"
"2193","6006","Rubber Examination Gloves, Non-sterile (Small)","1's","3.29","Surgical & Medical Consumables"
"2194","6007","Rubber Examination Gloves, Non-sterile (Medium)","1's","3.61","Surgical & Medical Consumables"
"2195","6009","Surgical Cap, Disposable(for Surgeons/Nurses)","1's","2","Surgical & Medical Consumables"
"2196","6010","Suction Catheter FG 5","1's","13.13","Surgical & Medical Consumables"
"2197","6011","Suction Catheter FG (6), 50 cm, Sterilized","1's","6.57","Surgical & Medical Consumables"
"2198","6012","Suction Catheter FG (8), 50 cm, Sterilized","1's","6.57","Surgical & Medical Consumables"
"2199","6013","Suction Catheter FG (10), 50 cm, Sterilized","1's","7.5","Surgical & Medical Consumables"
"2200","6014","Suction Catheter FG (12), 50 cm, Sterilized","1's","7.5","Surgical & Medical Consumables"
"2201","6015","Suction Catheter FG (14), 50 cm, Sterilized","1's","8.44","Surgical & Medical Consumables"
"2202","6016","Suction Catheter FG (16), 50 cm, Sterilized","1's","9.38","Surgical & Medical Consumables"
"2203","6017","Suction Catheter FG (18), 50 cm, Sterilized","1's","9.38","Surgical & Medical Consumables"
"2204","6018","Suction Catheter FG (20), 50 cm, Sterilized","1's","10.32","Surgical & Medical Consumables"
"2205","6020","Sterile Catheter Single Use for Urinary Drainage (Foley Balloon Catheter), 2 way (8FG)","1's","60.94","Surgical & Medical Consumables"
"2206","6021","Sterile Catheter Single Use for Urinary Drainage (Foley Balloon Catheter), 2 way (10FG)","1's","60.94","Surgical & Medical Consumables"
"2207","6022","Sterile Catheter Single Use for Urinary Drainage (Foley Balloon Catheter), 2 way (16FG)","1's","37.5","Surgical & Medical Consumables"
"2208","6023","Sterile Catheter Single Use for Urinary Drainage (Foley Balloon Catheter), 2 way (18FG)","1's","37.5","Surgical & Medical Consumables"
"2209","6024","Sterile Catheter Single Use for Urinary Drainage (Foley Balloon Catheter), 2 way (20FG)","1's","37.5","Surgical & Medical Consumables"
"2210","6025","Sterile Catheter Single Use for Urinary Drainage (Foley Balloon Catheter), 2 way (22FG)","1's","37.5","Surgical & Medical Consumables"
"2211","6026","Sterile Catheter Single Use for Urinary Drainage (Foley Balloon Catheter), 2 way (24FG)","1's","37.5","Surgical & Medical Consumables"
"2212","6027","Infant Feeding Tube, Sterile (Size-10 Fg, length 50 cm)","1's","9.38","Surgical & Medical Consumables"
"2213","6028","Infant Feeding Tube, Sterile (Size-8 Fg, length 50 cm)","1's","9.38","Surgical & Medical Consumables"
"2214","6029","Infant Feeding Tube, Sterile (Size-5 Fg, length 50 cm)","1's","9.38","Surgical & Medical Consumables"
"2215","6030","Sterile Disposable Perfusion set with airway and needle adult use 150cm long smooth kink resist","1's","12.19","Surgical & Medical Consumables"
"2216","6031","Sterile Disposable Infusion set with Microdrip (I.V.) (Pediatric use)","1's","51.57","Surgical & Medical Consumables"
"2217","6032","Sterile Disposable Infusion set with Microdrip (I.V.) (Adult use)","1's","14.07","Surgical & Medical Consumables"
"2218","6033","Insulin Syringe (40 units) with 30G needle","1's","4.69","Surgical & Medical Consumables"
"2219","6035","I.V Cannula (Sterile, Disposable), 18 G","1's","14.07","Surgical & Medical Consumables"
"2220","6036","I.V Cannula (Sterile, Disposable), 20 G","1's","14.07","Surgical & Medical Consumables"
"2221","6037","I.V Cannula (Sterile, Disposable), 22 G","1's","14.07","Surgical & Medical Consumables"
"2222","6038","I.V Cannula (Sterile, Disposable), 24 G","1's","14.07","Surgical & Medical Consumables"
"2223","6039","Nasal Oxygen Cannula set, Twin bore (Adult)","1's","28.13","Surgical & Medical Consumables"
"2224","6040","Absorbent Gelatin Sponge, Sterilized (80mm x 50mm x 10mm)","1's","93.75","Surgical & Medical Consumables"
"2225","6042","Blood Transfusion Set with Filter 170 Micron","1's","16.88","Surgical & Medical Consumables"
"2226","6045","Ryles Tube/Nasogastric Tube (Size 10)","1's","10.32","Surgical & Medical Consumables"
"2227","6046","Ryles Tube/Nasogastric Tube (Size 12)","1's","10.32","Surgical & Medical Consumables"
"2228","6047","Ryles Tube/Nasogastric Tube (Size 14)","1's","10.32","Surgical & Medical Consumables"
"2229","6048","Ryles Tube/Nasogastric Tube (Size 16)","1's","10.32","Surgical & Medical Consumables"
"2230","6049","Ryles Tube/Nasogastric Tube (Size 18)","1's","10.32","Surgical & Medical Consumables"
"2231","6050","Knee Cap (Small)","Pair","120","Surgical & Medical Consumables"
"2232","6051","Knee Cap (Medium)","Pair","120","Surgical & Medical Consumables"
"2233","6052","Knee Cap (Large)","Pair","120","Surgical & Medical Consumables"
"2234","7001","Hot Water Bag (Small)","1's","160","Surgical & Medical Consumables"
"2235","8001","Chromic Suture (3/8 Cir Rb Needle 40mm, Length 76 cm)","1's","42.19","Surgical & Medical Consumables"
"2236","8002","Chromic Suture (1/2 Cir Rb Needle 20mm, Length 76 cm)","1's","75","Surgical & Medical Consumables"
"2237","8003","Chromic Suture (1/2 Cir Rb Needle 30mm, Length 76 cm)","1's","42.19","Surgical & Medical Consumables"
"2238","8005","Chromic Suture (1/2 Cir Rb Needle 40mm, Length 76 cm)","1's","42.19","Surgical & Medical Consumables"
"2239","8006","Chromic Suture (3/8 Cir Rb Needle 30mm, Length 76 cm)","1's","42.19","Surgical & Medical Consumables"
"2240","8007","Chromic Suture (1/2 Cir Rb Needle 45mm, Length 100 cm)","1's","46.88","Surgical & Medical Consumables"
"2241","8012","Surgical Suture (Absorbable, Synthetic) 1/2 Cir Rb, Niddle 20mm, Length 70cm","1's","46.88","Surgical & Medical Consumables"
"2242","8013","Surgical Suture (Absorbable, Synthetic) 1/2 Cir Rb, Niddle 30mm, Length 90cm, USP-2/0","1's","42.19","Surgical & Medical Consumables"
"2243","8014","Surgical Suture (Absorbable, Synthetic) 1/2 Cir Rb, Niddle 30mm, Length 90cm, USP-1/0","1's","51.57","Surgical & Medical Consumables"
"2244","8015","Surgical Suture (Absorbable, Synthetic) 1/2 Cir Rb, Tapercut Niddle 40mm, Length 90cm","1's","220.32","Surgical & Medical Consumables"
"2245","8019","Surgical Suture (Absorbable, Synthetic) 1/2 Cir Rb, Niddle 40mm, Length 90cm, USP-2/0","1's","220.32","Surgical & Medical Consumables"
"2246","8021","Surgical Suture (Absorbable, Synthetic) 3/8 Cir Rb, cutting Niddle 22mm, Length 45cm","1's","37.5","Surgical & Medical Consumables"
"2247","8022","Surgical Suture (Absorbable, Synthetic) 1/2 Cir Rb, Niddle 20mm, Length 70cm, USP 4/0","1's","42.19","Surgical & Medical Consumables"
"2248","8023","Silk Suture (1/2 Cir Rb needle 20mm, Length 76 cm), USP-3/0","1's","28.13","Surgical & Medical Consumables"
"2249","8024","Silk Suture (3/8 Circle Reverse cutting needle 26mm, Length 76 cm), Silk Suture (3/8 Circle Reverse cutting needle 26mm, Length 76 cm), USP3/0","1's","28.13","Surgical & Medical Consumables"
"2250","8025","Silk Suture (3/8 Circle Reverse cutting needle 45mm, Length 76 cm), USP 2/0","1's","28.13","Surgical & Medical Consumables"
"2251","8026","Silk Suture (3/8 Cir Rb needle 20mm, Length 76 cm) USP 2/0,","1's","51.57","Surgical & Medical Consumables"
"2252","8027","Silk Suture (3/8 Cir Rb needle 16mm, Length 76 cm), USP 4/0","1's","32.82","Surgical & Medical Consumables"
"2253","8028","Polyamide (3/8 Cir Micropoint Spatulated,6mm,length 38 Cm) size 8/0","1's","328.13","Surgical & Medical Consumables"
"2254","8029","Polyamide (3/8 Conventional Cutting Needle 16mm Length 70 cm), USP 3/0","1's","28.13","Surgical & Medical Consumables"
"2255","8030","Polyamide (3/8 Conventional Cutting Needle 19mm Length 60 cm), Polyamide (3/8 Conventional Cutting Needle 19mm Length 60 cm), USP 4/0","1's","56.25","Surgical & Medical Consumables"
"2256","8031","Polyamide (3/8 Cir Slim Blade Cutting Needle 15mm, Length 70 Cm)size 5/0","1's","65.63","Surgical & Medical Consumables"
"2257","8032","Polyamide (3/8 R Cutting Needle 45mm, Length 70 Cm.)size 2./0","1's","26.25","Surgical & Medical Consumables"
"2258","8034","Polyamide (3/8 Cutting Edge Needle, Double Arms Needle 6 mm, Suture Length 35-42 Cm Size 10/0","1's","403.13","Surgical & Medical Consumables"
"2259","8035","Polypropylene Suture (1/2 Cir Rb, 13mm Needle, Suture Length 75cm, double arm), USP 5/0","1's","187.5","Surgical & Medical Consumables"
"2260","8036","Polypropylene Suture (3/8 Cir Rb, 8mm Needle, Suture Length 60cm), USP 7/0","1's","112.5","Surgical & Medical Consumables"
"2261","8038","Polypropylene Suture (3/8 Cir Rb, 16mm Needle, Suture Length 70cm), USP 5/0","1's","42.19","Surgical & Medical Consumables"
"2262","8039","Polypropylene Suture (1/2 Cir Rb, 30mm Needle, Suture Length 90cm), USP 2/0","1's","46.88","Surgical & Medical Consumables"
"2263","8040","Polypropylene Suture (1/2 Cir Rb, 45mm Needle, Suture Length 90cm), Polypropylene Suture (1/2 Cir Rb, 45mm Needle, Suture Length 90cm), USP 1","1's","56.25","Surgical & Medical Consumables"
"2264","8041","Polypropylene Suture (1/2 Cir Rb, 17mm Needle, Suture Length 90cm), USP 4/0","1's","46.88","Surgical & Medical Consumables"
"2265","8042","Polypropylene Suture (1/2 Tapercut, 17mm Double Needle, Suture Length 70cm), USP3/0","1's","79.69","Surgical & Medical Consumables"
"2266","8043","Polypropylene Suture (1/2 Cir Rb, 25mm Needle, Suture Length 90cm), USP 3/0","1's","46.88","Surgical & Medical Consumables"
"2267","8044","Polypropylene Suture (1/2 Cir Rb, 30mm Needle, Suture Length 90cm) double arm, USP 1/0","1's","65.63","Surgical & Medical Consumables"
"2268","8045","Polypropylene Suture (1/2 Tapercut, 17mm Double Needle, Suture Length 75cm) double arm, USP 5/0","1's","243.75","Surgical & Medical Consumables"
"2269","8046","Polypropylene Suture (1/2 Tapercut, 25mm Double Needle, Suture Length 90cm) double arm, USP 1/0","1's","201.57","Surgical & Medical Consumables"
"2270","8048","Polypropylene Suture (3/8 Cir Rb, 13mm Needle, Suture Length 90cm) double arm, USP 6/0","1's","229.69","Surgical & Medical Consumables"
"2271","8051","Polypropylene Suture (1/2 Cir Rb, 40mm Needle, Suture Length 90cm), USP 1","1's","51.57","Surgical & Medical Consumables"
"2272","8052","Polypropylene Suture (1/2 Cir Rb, Reverse Cutting, 45mm Needle, Suture Length 100cm), USP 1","1's","51.57","Surgical & Medical Consumables"
"2273","8053","Polypropylene Suture (3/8 Cir Rb 8mm Double Needle, Suture Length 70cm), USP 8/0","1's","112.5","Surgical & Medical Consumables"
"2274","8055","Polypropylene Suture (1/2 Cir Rb 13mm Needle, Suture Length 70cm, double arm), USP 6/0","1's","239.07","Surgical & Medical Consumables"
"2275","8056","Polypropylene Suture (1/2 Circle, Tapercut, 17mm Needle, Suture Length 90cm, double arm), USP 3/0","1's","65.63","Surgical & Medical Consumables"
"2276","8057","Polypropylene Suture (1/2 Cir Rb, 25mm Needle, Suture Length 75cm, double arm), USP 3/0","1's","60.94","Surgical & Medical Consumables"
"2277","8058","Polybutylate / Silicon Coated Polyster Braided Green / Blue (1/2 Cir Tapercut, 17 Mm Double Needle, Suture Length 75 Cm)size 4/0","1's","79.69","Surgical & Medical Consumables"
"2278","8059","Polybutylate Coated Polyster Braided White (1/2 Cir Tapercut, 17 Mm Double Needle, Suture Length 90 Cm)size 2/0","1's","79.69","Surgical & Medical Consumables"
"2279","8060","Polybutylate / Silicon Coated Polyster Braided Green / Blue (1/2 Cir Tapercut,17 Mm Double Needle, Suture Length 90 Cm)size 2/0,","1's","79.69","Surgical & Medical Consumables"
"2280","8061","Polybutylate Coated with Polyster Braided (green/ Blue) 1/2 Circle Tapercut, 17mm Double Armed Needle, Suture Length of 90cm with Pledgets Size 6 x 3 x 1.5mm","1's","239.07","Surgical & Medical Consumables"
"2281","8062","Polybutylate Coated with Polyster Braided (green/ Blue) 1/2 Circle Tapercut, 25mm Double Armed Needle, Suture Length of 90cm with Pledgets Size 6 x 3 x 1.5mm","1's","239.07","Surgical & Medical Consumables"
"2282","8066","Polyglecaprone/Polyglyconate Suture (1/2 Circle Cutting 16mm Needle, Suture length 70cm), USP 4/0","1's","131.25","Surgical & Medical Consumables"
"2283","8067","Polyglecaprone/Polyglyconate Suture (3/8 Circle Cutting 25mm Needle, Suture length 70cm), USP 3/0","1's","60.94","Surgical & Medical Consumables"
"2284","8078","Skin Grafting Knife Blade (Sterile)","1's","84.38","Surgical & Medical Consumables"
"2285","8080","Surgical Face Mask, Disposable","1's","2","Surgical & Medical Consumables"
"2286","8082","Umbilical Catheter (For New Born)","1's","56.25","Surgical & Medical Consumables"
"2287","8087","Automatic Snap-Out Folding Walking Cane Stick with Adjustable Length","1's","0","Surgical & Medical Consumables"
"2288","8088","Walking Stick Tripod","1's","540","Surgical & Medical Consumables"
"2289","8089","Abdominal Belt Velcro, Cream color (Large)","1's","240","Surgical & Medical Consumables"
"2290","8090","Abdominal Belt Velcro, Cream color (Small)","1's","240","Surgical & Medical Consumables"
"2291","8091","Abdominal Belt Velcro, Cream color (Medium)","1's","240","Surgical & Medical Consumables"
"2292","8092","Abdominal Belt Velcro, Cream color (XL)","1's","250","Surgical & Medical Consumables"
"2293","8093","Abdominal Belt Velcro, Cream color (XXL)","1's","250","Surgical & Medical Consumables"
"2294","8099","Cervical Collar (Small)","1's","120","Surgical & Medical Consumables"
"2295","8100","Cervical Collar (Medium)","1's","120","Surgical & Medical Consumables"
"2296","8101","Cervical Collar (Large)","1's","120","Surgical & Medical Consumables"
"2297","8102","Cervical Collar (Extra Large)","1's","120","Surgical & Medical Consumables"
"2298","8103","Thumb and Wrist brace (Small)","1's","90","Surgical & Medical Consumables"
"2299","8104","Thumb and Wrist brace (Medium)","1's","90","Surgical & Medical Consumables"
"2300","8105","Thumb and Wrist brace (Large)","1's","90","Surgical & Medical Consumables"
"2301","8106","Thumb and Wrist brace (Extra Large)","1's","90","Surgical & Medical Consumables"
"2302","8107","Janaushadhi Swabhiman (Adult Diaper (Medium))","5's","121.88","Surgical & Medical Consumables"
"2303","8108","Janaushadhi Swabhiman (Adult Diaper (Large))","5's","131.25","Surgical & Medical Consumables"
"2304","8109","Janaushadhi Swabhiman (Adult Diaper (XL))","5's","150","Surgical & Medical Consumables"
"2305","8110","Janaushadhi Bachpan (Baby Diaper (Small))","5's","28.13","Surgical & Medical Consumables"
"2306","8111","Janaushadhi Bachpan (Baby Diaper (New Born))","5's","28.13","Surgical & Medical Consumables"
"2307","8113","Hernia Belt (Small)","1's mono-carton","180","Surgical & Medical Consumables"
"2308","8114","Knee Brace Belt (Medium)","1's mono-carton","525","Surgical & Medical Consumables"
"2309","8115","Knee Brace Belt (Large)","1's mono-carton","525","Surgical & Medical Consumables"
"2310","8116","IV Cannula Fixator (Medium 6cm x 5cm)","1's pack","9.38","Surgical & Medical Consumables"
"2311","8117","Cervical Pillow (polyester, PU foam)","1's mono-carton","500","Surgical & Medical Consumables"
"2312","8120","Lancets, Round Sterile, 28G","50 pcs/Box","37.5","Surgical & Medical Consumables"
"2313","8121","Glucometer Test Strip","25 Strips","210.94","Surgical & Medical Consumables"
"2314","8122","GLUCOMETER DIGITAL (1 glucometer, 25 strips, 25 lancets,1 lancing device,1 battery 3V, Warranty card)","1 Kit","492.19","Surgical & Medical Consumables"
"2315","8123","Adhesive Surgical Paper Tape Size 5cmx5m","1's","24.38","Surgical & Medical Consumables"
"2316","8124","Adhesive Surgical Paper Tape Size 2.5cmx5m","1's","12.19","Surgical & Medical Consumables"
"2317","8125","Adhesive Surgical Paper Tape Size 1.25cmx5m","1's","6.57","Surgical & Medical Consumables"
"2318","8126","Pollution Control Mask/Nanofiber Mask: made up of high efficiency nanofiber material with non ret","1's Monopack","56.25","Surgical & Medical Consumables"
"2319","8127","Nebulizer Mask with Tubing","1's pack","56.25","Surgical & Medical Consumables"
"2320","8128","Medical Digital Thermometer","1's mono-carton","88.99","Surgical & Medical Consumables"
"2321","8130","Manual breast pump","1's Monopack","600","Surgical & Medical Consumables"
"2322","8131","Plastic Urine Pot collector (For both Male & Female)","1's","46.88","Surgical & Medical Consumables"
"2323","8132","Plastic Bedpan","1's","65.63","Surgical & Medical Consumables"
"2324","8133","Digital Blood Pressure Instrument ( 100% mercury free)","1's Monopack","937.5","Surgical & Medical Consumables"
"2325","8134","Ice bag","1's","20","Surgical & Medical Consumables"
"2326","8135","Breathing Exerciser (3 Chambers)","1's Monopack","150","Surgical & Medical Consumables"
"2327","8136","Elecrical Nebulizer Machine","1's Monopack","750","Surgical & Medical Consumables"
"2328","8140","Janaushadhi Suvidha (Oxo- Biodegradable Sanitary Napkins Regular Size with wings)","Pack of 4 Sanitary Napkins","4","Surgical & Medical Consumables"
"2329","8141","Janaushadhi Suvidha (Oxo-Biodegradable Sanitary Napkins Large Size with wings)","Pack of 4 Sanitary Napkins","12","Surgical & Medical Consumables"
"2330","8142","Janaushadhi Suvidha (Oxo-Biodegradable Sanitary Napkins Extra Large (XL) Size with wings)","Pack of 4 Sanitary Napkins","15","Surgical & Medical Consumables"
"2331","8145","Janaushadhi Suvidha (Oxo-Biodegradable Sanitary Napkin regular size with wings)","Pack of 10 Sanitary Napkins","10","Surgical & Medical Consumables"
"2332","8146","Baby Feeding Bottle 250 ml","1's mono-carton","42.19","Surgical & Medical Consumables"
"2333","8147","N-95 Mask with Expiratory Valve","1's Mono-pack","30","Surgical & Medical Consumables"
"2334","8148","N-95 Mask without Expiratory Valve","1's Mono-pack","25","Surgical & Medical Consumables"
"2335","8150","3-way stopcock with 10 cm extension line","1's","28.13","Surgical & Medical Consumables"
"2336","8151","Adhesive wound dressings, 25cm x 10cm","1's","18.75","Surgical & Medical Consumables"
"2337","8153","Arm Sling Pouch (Large), Grey","1's","130","Surgical & Medical Consumables"
"2338","8154","Arm Sling Pouch (Medium), Grey","1's","130","Surgical & Medical Consumables"
"2339","8155","Baby Wipes (Pack of 20 wipes)","Pack of 20 wipes","45","Surgical & Medical Consumables"
"2340","8156","Bed Bath Towel","1's","55","Surgical & Medical Consumables"
"2341","8158","Chlorhexidine Gauze Dressing B.P 10cmx10cm (Sterile)","1 pc in a pack","11.25","Surgical & Medical Consumables"
"2342","8160","Disposable Plastic Hand Gloves (Free size)","Pair","3","Surgical & Medical Consumables"
"2343","8161","Elastic gauze bandages 10cm","1's","178.13","Surgical & Medical Consumables"
"2344","8162","Elastic gauze bandages 7.5cm","1's","140.63","Surgical & Medical Consumables"
"2345","8167","Karman cannula 4 mm","1's","37.5","Surgical & Medical Consumables"
"2346","8168","Lumbar Spinal Brace (Grey)","1's","770","Surgical & Medical Consumables"
"2347","8169","Magnetic Posture Corrector Back Support Belt - Posture Fit","1's","580","Surgical & Medical Consumables"
"2348","8172","Pulse Oximeter","1's","464.07","Surgical & Medical Consumables"
"2349","8177","Specican 30 ml","1's","8","Surgical & Medical Consumables"
"2350","8178","Surgical Cap","1's","3","Surgical & Medical Consumables"
"2351","8179","Surgical shoe cap","1's","4","Surgical & Medical Consumables"
"2352","8181","Transparent film dressings (Sterile) 10cm X 12cm","1's","60.94","Surgical & Medical Consumables"
"2353","8182","Vein Compression Stocking Knee length (Extra Large)","1's","130","Surgical & Medical Consumables"
"2354","8183","Vein Compression Stocking Knee length (Large)","1's","140","Surgical & Medical Consumables"
"2355","8184","Vein Compression Stocking Knee length (Medium)","1's","140","Surgical & Medical Consumables"
"2356","8185","Vein Compression Stocking Knee length (Small)","1's","140","Surgical & Medical Consumables"
"2357","8186","Vein Compression Stocking Knee length (XXL)","1's","140","Surgical & Medical Consumables"
"2358","8187","Vein Compression Stocking Thigh length (Extra Large)","1's","170","Surgical & Medical Consumables"
"2359","8188","Vein Compression Stocking Thigh length (Large)","1's","170","Surgical & Medical Consumables"
"2360","8189","Vein Compression Stocking Thigh length (Medium)","1's","170","Surgical & Medical Consumables"
"2361","8190","Vein Compression Stocking Thigh length (Small)","1's","170","Surgical & Medical Consumables"
"2362","8191","Vein Compression Stocking Thigh length (XXL)","1's","180","Surgical & Medical Consumables"
"2363","8192","Zig zag cotton","100 gm","47.44","Surgical & Medical Consumables"
"2364","8193","Covid 19 Self-Testing Kit (ICMR Approved)","One in Monopack","196.88","Surgical & Medical Consumables"
"2365","8194","Cotton Balls","Pack of 100 in a Zip Lock Bag","90","Surgical & Medical Consumables"
"2366","8195","Cotton Pads (Round)","Pack of 50 in a Zip Lock Bag","46.88","Surgical & Medical Consumables"
"2367","8196","Heating Pad (Electrical)","1’s in Mono Carton","0","Surgical & Medical Consumables"
"2368","8197","Exercise Ball (Universal Size)","1’s in Mono Carton","0","Surgical & Medical Consumables"
"2369","8198","Maternity Sanitary Pads","Pack of 5 Napkins","68.25","Surgical & Medical Consumables"
"2370","8199","Janaushadhi Suvidha (Oxo-Biodegradable Sanitary Napkins Regular Size With Wings)","Pack of 5 Sanitary Napkins","5","Surgical & Medical Consumables"
"2371","9000","Reusable Menstrual Cup (Small)","One in Mono-Pack","175","Surgical & Medical Consumables"
"2372","9001","Reusable Menstrual Cup (Medium)","One in Mono-Pack","180","Surgical & Medical Consumables"
"2373","9002","Reusable Menstrual Cup (Large)","One in Mono-Pack","185","Surgical & Medical Consumables"
"2374","9003","Female Natural Latex Condom","Three in Mono-Pack","115","Surgical & Medical Consumables"
"2375","9004","Janaushadhi Kavach (Male Latex Condom (Plain))","Three in Mono-Pack","12","Surgical & Medical Consumables"
"2376","9005","Janaushadhi Kavach (Male Latex Condom (Extra Thin))","Three in Mono-Pack","12","Surgical & Medical Consumables"
"2377","9006","Janaushadhi Kavach (Male Latex Condom (Normal Dot))","Three in Mono-Pack","12","Surgical & Medical Consumables"
"2378","9007","Janaushadhi Kavach (Male Latex Condom (1740 Dot))","Three in Mono-Pack","15","Surgical & Medical Consumables"
"2379","9008","Janaushadhi Kavach (Male Latex Condom (Ribbed))","Three in Mono-Pack","15","Surgical & Medical Consumables"
"2380","9009","Janaushadhi Kavach (Male Latex Condom (Three In One))","Three in Mono-Pack","12","Surgical & Medical Consumables"
"2381","9010","Medicated Corn Remover","Four Strips in Mono-Pack","0","Surgical & Medical Consumables"
"2382","9011","Perforated Plaster","Five in Mono-Pack","0","Surgical & Medical Consumables"
"2383","9012","Lumbo-Sacral Support Belt (Waist and Back Support) (Small)","One in Mono-Pack","370","Surgical & Medical Consumables"
"2384","9013","Lumbo-Sacral Support Belt (Waist and Back Support) (Medium)","One in Mono-Pack","375","Surgical & Medical Consumables"
"2385","9014","Lumbo-Sacral Support Belt (Waist and Back Support) (Large)","One in Mono-Pack","380","Surgical & Medical Consumables"
"2386","9015","Lumbo-Sacral Support Belt (Waist and Back Support) (Extra Large)","One in Mono-Pack","385","Surgical & Medical Consumables"
"2387","9016","Lumbo-Sacral Support Belt (Waist and Back Support) (Double Extra Large)","One in Mono-Pack","390","Surgical & Medical Consumables"
"2388","9017","Anklet (Tubular Support) (Small)","Pair in Mono-Pack","150","Surgical & Medical Consumables"
"2389","9018","Anklet (Tubular Support) (Medium)","Pair in Mono-Pack","150","Surgical & Medical Consumables"
"2390","9019","Anklet (Tubular Support) (Large)","Pair in Mono-Pack","155","Surgical & Medical Consumables"
"2391","9020","Anklet (Tubular Support) (Extra Large)","Pair in Mono-Pack","155","Surgical & Medical Consumables"
"2392","9021","Elbow Support (Small)","Pair in Mono-Pack","140","Surgical & Medical Consumables"
"2393","9022","Elbow Support (Medium)","Pair in Mono-Pack","140","Surgical & Medical Consumables"
"2394","9023","Elbow Support (Large)","Pair in Mono-Pack","150","Surgical & Medical Consumables"
"2395","9024","Elbow Support (Extra Large)","Pair in Mono-Pack","150","Surgical & Medical Consumables"
"2396","9025","Combined Dressing Pad (10X10Cm)","Five in Mono-Pack X 100","28.13","Surgical & Medical Consumables"
"2397","9026","Combined Dressing Pad (10X20Cm)","Five in Mono-Pack","42.19","Surgical & Medical Consumables"
"2398","9027","Microfine/Hypodermic Needle for Insulin Pen Sterile Single-Use Needle for Insulin Pen Needles Measurement","Ten in Mono-Pack","0","Surgical & Medical Consumables"
"2399","9028","Medical Steam Vaporizer","One in Mono-Pack","234.38","Surgical & Medical Consumables"
"2400","9029","Digital Weighing Scale","One in Mono-Pack","0","Surgical & Medical Consumables"
"2401","9030","Janaushadhi Suvidha (Oxo- Biodegradable Sanitary Napkins Regular Size with Wings)","Pack of 10 Sanitary Napkins","30","Surgical & Medical Consumables"
"2402","9031","Janaushadhi Bachpan (Baby Diaper; Pant Style; Small (3Kg - 8Kg))","10's in Mono-Pack","84.38","Surgical & Medical Consumables"
"2403","9032","Janaushadhi Bachpan (Baby Diaper; Pant Style; Medium (6Kg - 11Kg))","10's in Mono-Pack","93.75","Surgical & Medical Consumables"
"2404","9033","Janaushadhi Bachpan (Baby Diaper; Pant Style; Large (9Kg - 13Kg))","10's in Mono-Pack","135.94","Surgical & Medical Consumables"
"2405","9034","Janaushadhi Swabhiman (Adult Diaper; Pant Style Small; Waist Size: 28 inch - 35 inch)","10's in Mono-Pack","0","Surgical & Medical Consumables"
"2406","9035","Janaushadhi Swabhiman (Adult Diaper; Pant Style Medium; Waist Size: 28 inch - 45 inch)","10's in Mono-Pack","346.88","Surgical & Medical Consumables"
"2407","9036","Janaushadhi Swabhiman (Adult Diaper; Pant Style Large; Waist Size: 38 inch - 54 inch)","10's in Mono-Pack","379.69","Surgical & Medical Consumables"
"2408","9037","Janaushadhi Swabhiman (Adult Diaper; Pant Style Extra Large; Waist Size: 48 inch - 65 inch)","10's in Mono-Pack","0","Surgical & Medical Consumables"
"2409","9038","Janaushadhi Bachpan (Baby Diaper; Pant Style; New Born (2Kg - 5Kg))","10's in Mono-Pack","79.69","Surgical & Medical Consumables"
"2410","9039","Knee Cap with patellar ring (Large)","1's pair in sealed poly pack and in Mono-carton","200","Surgical & Medical Consumables"
"2411","9040","Knee Cap with Patellar Ring (Medium)","1's pair in sealed poly pack and in Mono-carton","200","Surgical & Medical Consumables"
"2412","9041","Knee Cap with Patellar Ring (Small)","1's pair in sealed poly pack and in Mono-carton","200","Surgical & Medical Consumables"
"2413","9042","Nebulizer Mask with Tubing (Child)","1's pack in sealed poly pack","0","Surgical & Medical Consumables"
"2414","9043","Walker (Sit Assist-to-stand support)","1's in sealed poly pack","0","Surgical & Medical Consumables"
"2415","9044","Elbow Crutch (Adjustable)","1's in sealed poly pack","0","Surgical & Medical Consumables"
"2416","9045","Insulin/Medicine Cooling Case","1 Cooling Case, 2 unit Gel Cool Pack, 1 Unit Insulin Pen Folder and 1 Carry Bag","0","Surgical & Medical Consumables"
"2417","9046","Cervical Collar - Hard","1's","0","Surgical & Medical Consumables"
"2418","9047","Range of Motion - Knee Brace","1's","0","Surgical & Medical Consumables"
"2419","9048","Range of Motion - Elbow Brace","1's","0","Surgical & Medical Consumables"
"2420","9049","Disposable Maternity Pad Fixator","5's in a pack","0","Surgical & Medical Consumables"
"2421","9050","Non-Woven Adhesive Wound Dressing","3's in a pack","0","Surgical & Medical Consumables"
"2422","9051","Finger Saperator - Hand","1 pair","0","Surgical & Medical Consumables"
"2423","9052","Finger Saperator - Feet","1 pair","0","Surgical & Medical Consumables"
"2424","9053","Cervical Collar - Hard (large)","One in Mono-Carton","0","Surgical & Medical Consumables"
"2425","9054","Disposable Maternity Pad Fixator (Extra Large)","5's in a pack","0","Surgical & Medical Consumables"
"2426","9055","Hydrophillic Foam Silver Wound Dressing (Non-Adhesive) 5cm x 5cm","Pack of 5 pcs","0","Surgical & Medical Consumables"
"2427","9056","Fibrin Sealant Kit I.P. (2inch X 4 inch)","Pack of 2","0","Surgical & Medical Consumables"
"2428","9057","Disposable Under Sheet","Pack of 10 pcs","0","Surgical & Medical Consumables"
"2429","9058","Foldable Commode Stool (U - Shape)","One in Mono-Carton","0","Surgical & Medical Consumables"
"2430","9059","Pregnancy Back Support Belt","One in Mono-Carton","0","Surgical & Medical Consumables"
"2431","9060","Reinforced Adhesive Skin Closures","1/4 inch x 4 in 10 strips pack","0","Surgical & Medical Consumables"
"2432","9061","Foot Elevator Pillow with Adjustable Hook and Loop","One in Mono-Carton","0","Surgical & Medical Consumables"
"2433","9062","Elastic Net Fixator Bandage","2 cm X 3 m in Monopack","0","Surgical & Medical Consumables"
"2434","9063","Elastic Net Fixator Bandage","3 cm X 3 m in Monopack","0","Surgical & Medical Consumables"
"2435","9064","Elastic Net Fixator Bandage","4 cm X 3 m in Monopack","0","Surgical & Medical Consumables"
"2436","9065","Elastic Net Fixator Bandage","5 cm X 3 m in Monopack","0","Surgical & Medical Consumables"
"2437","9066","Ankle binder Support (Medium)","One in Mono-Carton","0","Surgical & Medical Consumables"
"2438","9067","Ankle binder Support (Large)","One in Mono-Carton","0","Surgical & Medical Consumables"
"2439","9068","Cotton Ear Buds","100 Ear Buds","0","Surgical & Medical Consumables"2440,9069,Human Insulatard 40IU/ml Suspension for Injection,Injection,133.93,Anti-Diabetic
2441,9070,Insulin 40IU/ml Injection,Injection,121.91,Anti-Diabetic (Insulin)
2442,9071,Huminsulin N 40IU/ml Injection,Injection,133.45,Anti-Diabetic (Insulin)
2443,9072,Insugen-N 40IU/ml Injection,Injection,133.36,Anti-Diabetic
2444,9073,Insulatard 100IU/ml Flexpen,Flexpen,401.03,Anti-Diabetic
2445,9074,Huminsulin N 100IU/ml Cartridge,Cartridge,300.9,Anti-Diabetic (Insulin)
2446,9075,Huminsulin N 100IU/ml Injection,Injection,416.5,Anti-Diabetic (Insulin)
2447,9076,Insulatard HM 100IU/ml Penfill,Penfill,271.15,Anti-Diabetic
2448,9077,Lupisulin N 40IU/ml Injection,Injection,133.53,Anti-Diabetic
2449,9078,Insugen-N 100IU/ml Refil Injection,Injection,182.25,Anti-Diabetic
2450,9079,Insugen-N 100IU/ml Injection,Injection,364.96,Anti-Diabetic
2451,9080,Lupisulin N 100IU/ml Injection,Injection,185.98,Anti-Diabetic
2452,9081,Insuman Basal 40IU/ml Injection,Injection,119.06,Anti-Diabetic
2453,9082,Wosulin-N 40IU/ml Suspension for Injection,Injection,131.47,Anti-Diabetic
2454,9083,Insulatard NOVOLET 100IU Suspension for Injection,Injection,,Anti-Diabetic
2455,9084,Iletin NPH 40IU/ml Injection,Injection,76.93,Anti-Diabetic
2456,9085,Wosulin-N 100IU/ml Injection,Injection,185.72,Anti-Diabetic
2457,9086,Insulatard HM 100IU/ml Cartridge,Cartridge,,Anti-Diabetic
2458,9087,Lentard 40IU/ml Injection,Injection,109.85,Anti-Diabetic
2459,9088,Insulatard SC 40IU Injection,Injection,,Anti-Diabetic
2460,9089,Longact 40IU/ml Injection,Injection,61.86,Anti-Diabetic
2461,9090,Recosulin N 40IU/ml Injection,Injection,119.6,Anti-Diabetic
2462,9091,Insulatard 100IU/ml Suspension for Injection,Injection,331.5,Anti-Diabetic
2463,9092,Insucare N 40IU/ml Injection,Injection,122.68,Anti-Diabetic
2464,9093,Recosulin N 100IU Injection,Injection,284.28,Anti-Diabetic
2465,9094,Human Zinulin 40IU/ml Injection,Injection,163.28,Anti-Diabetic
2466,9095,Insulatard 100IU/ml Solution for Injection,Injection,331.5,Anti-Diabetic
2467,9096,Humanext N 40IU/ml Injection,Injection,129.41,Anti-Diabetic
2468,9097,Univia N 40IU/ml Injection,Injection,,Anti-Diabetic
2469,9098,Insuman 100IU Solution for Injection,Injection,213.18,Anti-Diabetic
2470,9099,Human Actrapid 40IU/ml Solution for Injection,Injection,133.93,Anti-Diabetic
2471,9100,Actrapid HM 100IU/ml Penfill,Penfill,271.15,Anti-Diabetic
2472,9101,Actrapid 100 IU/ml Flexpen,Flexpen,440.3,Anti-Diabetic
2473,9102,Huminsulin R 40IU/ml Injection,Injection,133.45,Anti-Diabetic (Insulin)
2474,9103,Huminsulin R 100IU Cartridge,Cartridge,300.9,Anti-Diabetic (Insulin)
2475,9104,Insugen-R 40IU/ml Solution for Injection,Injection,133.36,Anti-Diabetic
2476,9105,Insugen-R 100IU/ml Refil,Refil,182.25,Anti-Diabetic
2477,9106,Lupisulin R 40IU/ml Solution for Injection,Injection,133.53,Anti-Diabetic
2478,9107,Actrapid 100IU/ml Solution for Injection,Injection,331.5,Anti-Diabetic
2479,9108,Lupisulin R 100IU/ml Cartridge,Cartridge,224.32,Anti-Diabetic
2480,9109,Wosulin-R 40IU/ml Injection,Injection,133.94,Anti-Diabetic
2481,9110,Huminsulin R 100IU/ml Solution for Injection,Injection,416.5,Anti-Diabetic (Insulin)
2482,9111,Insugen-R 100IU/ml Solution for Injection,Injection,364.96,Anti-Diabetic
2483,9112,Insulin (Nnd) 40IU/ml Injection,Injection,114.75,Anti-Diabetic (Insulin)
2484,9113,Insuman Rapid 100IU/ml Solution for Injection,Injection,257.94,Anti-Diabetic
2485,9114,Humarap 40IU/ml Injection,Injection,125.58,Anti-Diabetic
2486,9115,Insuman Rapid 40IU/ml Solution for Injection,Injection,125.05,Anti-Diabetic
2487,9116,Human Monotard 40IU/ml Injection,Injection,123.23,Anti-Diabetic
2488,9117,Equisulin R Injection,Injection,852.21,Anti-Diabetic
2489,9118,Wosulin-R 100IU/ml Injection,Injection,204,Anti-Diabetic
2490,9119,Human Insunorm 40IU/ml Injection,Injection,105.71,Anti-Diabetic
2491,9120,Equisulin R 40IU Injection,Injection,126.73,Anti-Diabetic
2492,9121,Consegna-R Injection,Injection,307.7,Anti-Diabetic
2493,9122,Wosulin-R DispoPen,Dispopen,277.95,Anti-Diabetic
2494,9123,New Wosulin R 100IU/ml Injection 3ml Each,Injection,450.5,Anti-Diabetic
2495,9124,New Wosulin R Injection,Injection,131.47,Anti-Diabetic
2496,9125,Insucare R 40IU/ml Injection,Injection,126.99,Anti-Diabetic
2497,9126,Recosulin R 40IU/ml Injection,Injection,125,Anti-Diabetic
2498,9127,Human Monotard 100IU/ml Injection,Injection,348.5,Anti-Diabetic
2499,9128,Human Fastact 40IU/ml Injection,Injection,121.91,Anti-Diabetic
2500,9129,Human Rapidica 40IU/ml Injection,Injection,157.57,Anti-Diabetic
2501,9130,Humaject R 100IU/ml Injection,Injection,1160.25,Anti-Diabetic
2502,9131,Humaject 100IU/ml Injection,Injection,1160.25,Anti-Diabetic
2503,9132,Human Interact 40IU/ml Injection,Injection,134.3,Anti-Diabetic
2504,9133,Univia R 40IU/ml Injection,Injection,,Anti-Diabetic
2505,9134,Human Mixtard 70/30 Suspension for Injection 40IU/ml,Injection,133.93,Anti-Diabetic
2506,9135,Novomix 30 100IU/ml Penfill,Penfill,598.4,Anti-Diabetic
2507,9136,Mixtard 30 HM 100IU/ml Penfill,Penfill,271.15,Anti-Diabetic
2508,9137,Ryzodeg 100IU/ml Penfill,Penfill,870.4,Anti-Diabetic
2509,9138,Huminsulin  30/70 100IU/ml Cartridge 3ml,Cartridge,300.9,Anti-Diabetic (Insulin)
2510,9139,Human Mixtard 70/30 Suspension for Injection 100IU/ml,Injection,348.5,Anti-Diabetic
2511,9140,Novorapid 100IU/ml Solution for Injection,Injection,598.4,Anti-Diabetic
2512,9141,Ryzodeg 100IU/ml Flextouch,Flextouch,1122,Anti-Diabetic
2513,9142,Human Mixtard 50 Injection 40IU/ml,Injection,169.7,Anti-Diabetic
2514,9143,Humalog Mix 25 100IU/ml Cartridge,Cartridge,633.25,Anti-Diabetic
2515,9144,Novomix 30 Flexpen 100IU/ml,Flexpen,739.5,Anti-Diabetic
2516,9145,Insugen 30/70 100IU Refil Cartridge,Cartridge,200.29,Anti-Diabetic
2517,9146,Insugen 30/70 Injection 100IU/ml,Injection,401.09,Anti-Diabetic
2518,9147,Fiasp 100IU/ml Penfill,Penfill,520.33,Anti-Diabetic
2519,9148,Eglucent Mix 25 100IU/ml Suspension for Injection,Injection,633.25,Anti-Diabetic
2520,9149,Insuman Comb 25 Injection,Injection,257.94,Anti-Diabetic
2521,9150,Lupisulin M 30 Solution for Injection 40IU/ml,Injection,133.53,Anti-Diabetic
2522,9151,Mixtard 50 HM 100IU/ml Penfill,Penfill,271.15,Anti-Diabetic
2523,9152,Wosulin 30/70 Injection,Injection,245.65,Anti-Diabetic
2524,9153,Novorapid 100IU Injection,Injection,1793.5,Anti-Diabetic
2525,9154,Huminsulin  30/70 Solution for Injection 40IU/ml,Injection,133.45,Anti-Diabetic (Insulin)
2526,9155,Lupisulin M 30 Injection 100IU/ml,Injection,224.32,Anti-Diabetic
2527,9156,Mixtard 30 Suspension for Injection 100IU/ml,Injection,440.3,Anti-Diabetic
2528,9157,Insugen 50/50 Injection 100IU/ml,Injection,182.24,Anti-Diabetic
2529,9158,Humalog Mix 50 100IU/ml Cartridge,Cartridge,633.25,Anti-Diabetic
2530,9159,Insugen 30/70 Solution for Injection 40IU/ml,Injection,133.36,Anti-Diabetic
2531,9160,Novomix 50 100IU/ml Penfill,Penfill,620.5,Anti-Diabetic
2532,9161,Huminsulin  30/70 Suspension for Injection 100IU/ml,Injection,416.5,Anti-Diabetic (Insulin)
2533,9162,Fiasp FlexTouch,Flextouch,642.6,Anti-Diabetic
2534,9163,Insuman Comb 50 100IU Cartridge 3 ml,Cartridge,1289.71,Anti-Diabetic
2535,9164,Humalog Mix 25 Kwikpen 100IU/ml,Kwikpen,795.6,Anti-Diabetic
2536,9165,Novomix 50 Suspension for Injection 100IU/ml,Injection,765,Anti-Diabetic
2537,9166,Eglucent Mix 50 100IU/ml Suspension for Injection,Injection,633.25,Anti-Diabetic
2538,9167,Fiasp 100IU/ml Solution for Injection,Injection,1561.87,Anti-Diabetic
2539,9168,Humstard 30/70 Injection 40IU/ml,Injection,133.41,Anti-Diabetic
2540,9169,Huminsulin  50/50 Suspension for Injection 40IU/ml,Injection,133.45,Anti-Diabetic (Insulin)
2541,9170,Eglucent Mix 25 Kwikpen 100IU/ml,Kwikpen,723.35,Anti-Diabetic
2542,9171,Lantus 100IU/ml Solution for Injection,Injection,614.16,Anti-Diabetic
2543,9172,Lantus Solostar 100IU/ml Solution for Injection,Injection,934.24,Anti-Diabetic
2544,9173,Lantus 100IU/ml Injection,Injection,2535.56,Anti-Diabetic
2545,9174,Basalog 100IU/ml Injection,Injection,479.87,Anti-Diabetic
2546,9175,Basalog 100IU/ml Refill Cartridge,Cartridge,500,Anti-Diabetic
2547,9176,Tresiba 100 Units/ml Penfill,Penfill,1224,Anti-Diabetic
2548,9177,Toujeo 300 U/mL Solostar,,1556.63,Anti-Diabetic
2549,9178,Basaglar 100 Units/ml Cartridge,Cartridge,514.25,Anti-Diabetic
2550,9179,Tresiba 100IU/ml Flextouch,Flextouch,1650.7,Anti-Diabetic
2551,9180,Glaritus 100IU/ml Injection,Injection,1623.92,Anti-Diabetic
2552,9181,Basugine 100IU/ml Injection,Injection,505.58,Anti-Diabetic
2553,9182,Glaritus 100IU/ml Injection 3ml,Injection,1178.1,Anti-Diabetic
2554,9183,Basaglar 100IU/ml Kwikpen,Kwikpen,794.75,Anti-Diabetic
2555,9184,Levemir 100IU/ml Flexpen,Flexpen,1120.3,Anti-Diabetic
2556,9185,Basalog One 100IU/ml Injection,Injection,699.63,Anti-Diabetic
2557,9186,Glaritus 100IU/ml Dispopen,Dispopen,718.68,Anti-Diabetic
2558,9187,Basugine 100IU Injection,Injection,,Anti-Diabetic
2559,9188,Glarvia 100IU/ml Injection,Injection,,Anti-Diabetic
2560,9189,Glaritus 40IU/ml Injection,Injection,971.43,Anti-Diabetic
2561,9190,Humalog 100IU/ml Solution for Injection,Injection,633.25,Anti-Diabetic
2562,9191,Apidra 100IU Cartridge,Cartridge,535.07,Anti-Diabetic
2563,9192,Apidra Solostar 100IU/ml Injection,Injection,680.29,Anti-Diabetic
2564,9193,Eglucent Rapid 100IU/ml Solution for Injection,Injection,633.25,Anti-Diabetic
2565,9194,Humalog 100IU/ml Kwikpen,Kwikpen,795.6,Anti-Diabetic
2566,9195,Apidra 100IU/ml Solution for Injection,Injection,1078.03,Anti-Diabetic
2567,9196,Apidra Solostar 300IU/ml Injection,Injection,,Anti-Diabetic
2568,9197,Eglucent Rapid 100IU/ml Kwikpen,Kwikpen,723.35,Anti-Diabetic
2569,9198,Eglucent Kwikpen,Kwikpen,723.35,Anti-Diabetic
2570,9199,Humalog 200IU/ml Kwikpen,Kwikpen,1186.6,Anti-Diabetic
2571,9200,Janumet 50 mg/500 mg Tablet,Tablet,323,Anti-Diabetic
2572,9201,Nefrosave Tablet,Tablet,156.02,Anti-Diabetic
2573,9202,Glycomet-GP 1 Tablet PR,Tablet,82.14,Anti-Diabetic (Biguanides)
2574,9203,Glycomet 500 SR Tablet,Tablet,36.36,Anti-Diabetic (Biguanides)
2575,9204,Glycomet-GP 2 Tablet PR,Tablet,120.66,Anti-Diabetic (Biguanides)
2576,9205,Istamet 50mg/500mg Tablet,Tablet,322.57,Anti-Diabetic
2577,9206,Gemer 1 Tablet PR,Tablet,65.66,Anti-Diabetic
2578,9207,Oxra 10mg Tablet,Tablet,682.47,Anti-Diabetic
2579,9208,Glyciphage SR 500mg Tablet,Tablet,18.02,Anti-Diabetic (Biguanides)
2580,9209,Remo Tablet,Tablet,111.35,Anti-Diabetic
2581,9210,Trajenta 5mg Tablet,Tablet,416.5,Anti-Diabetic
2582,9211,Galvus Met 50mg/500mg Tablet,Tablet,255,Anti-Diabetic
2583,9212,Jardiance 25mg Tablet,Tablet,528.7,Anti-Diabetic
2584,9213,Janumet 50mg/1000mg Tablet,Tablet,331.5,Anti-Diabetic
2585,9214,Dynaglipt Tablet,Tablet,60.77,Anti-Diabetic
2586,9215,Amaryl 1mg Tablet,Tablet,102.14,Anti-Diabetic
2587,9216,Ondero 5mg Tablet,Tablet,416.5,Anti-Diabetic
2588,9217,Jalra 50mg Tablet,Tablet,255,Anti-Diabetic
2589,9218,Glycomet Trio 2 Tablet SR,Tablet,158.52,Anti-Diabetic (Biguanides)
2590,9219,Diamicron XR 60 Tablet,Tablet,160.65,Anti-Diabetic
2591,9220,Forxiga 10mg Tablet,Tablet,682.47,Anti-Diabetic
2592,9221,Glimestar-M 1 Tablet PR,Tablet,50.86,Anti-Diabetic
2593,9222,Dynaglipt-M Tablet SR,Tablet,88.82,Anti-Diabetic
2594,9223,Sgltr Tablet,Tablet,107.1,Anti-Diabetic
2595,9224,Glycomet 1gm Tablet SR,Tablet,51.98,Anti-Diabetic (Biguanides)
2596,9225,Gemer 2 Tablet PR,Tablet,96.05,Anti-Diabetic
2597,9226,Glycomet Tablet,Tablet,14.28,Anti-Diabetic (Biguanides)
2598,9227,Amaryl M  1mg Tablet PR,Tablet,134.05,Anti-Diabetic
2599,9228,Galvus 50mg Tablet,Tablet,254.15,Anti-Diabetic
2600,9229,Glizid-M Tablet,Tablet,118.66,Anti-Diabetic
2601,9230,Glynase-MF Tablet,Tablet,14.32,Anti-Diabetic
2602,9231,Jalra-M  50mg/500mg Tablet,Tablet,234.92,Anti-Diabetic
2603,9232,Sulisent 100mg Tablet,Tablet,466.65,Anti-Diabetic
2604,9233,Gluconorm SR 500mg Tablet,Tablet,26.77,Anti-Diabetic (Biguanides)
2605,9234,Glykind-M Tablet,Tablet,62.74,Anti-Diabetic
2606,9235,Januvia 100mg Tablet,Tablet,267.75,Anti-Diabetic
2607,9236,Gluconorm G2 Tablet PR,Tablet,184.53,Anti-Diabetic (Biguanides)
2608,9237,Gibtulio 25mg Tablet,Tablet,528.7,Anti-Diabetic
2609,9238,Glycomet-GP 2 Forte Tablet SR,Tablet,84.78,Anti-Diabetic (Biguanides)
2610,9239,Tenlimac Tablet,Tablet,58.65,Anti-Diabetic
2611,9240,Aldonil Tablet,Tablet,106.08,Anti-Diabetic
2612,9241,Aldonil OD Tablet,Tablet,179.95,Anti-Diabetic
2613,9242,Aldonil Plus Tablet SR,Tablet,216.58,Anti-Diabetic
2614,9243,Alrista Plus Tablet SR,Tablet,176.71,Anti-Diabetic
2615,9244,Alrista SR Tablet,Tablet,119.68,Anti-Diabetic
2616,9245,Epineuron SR Tablet,Tablet,167.49,Anti-Diabetic
2617,9246,Epalrica-M Tablet SR,Tablet,177.9,Anti-Diabetic
2618,9247,Epineuron Tablet,Tablet,73.31,Anti-Diabetic
2619,9248,Eparel 50 Tablet,Tablet,54.83,Anti-Diabetic
2620,9249,Alrista Forte Tablet,Tablet,194.65,Anti-Diabetic
2621,9250,Pre Aldonil 75 Tablet SR,Tablet,308.72,Anti-Diabetic
2622,9251,Dinrest 150mg Tablet SR,Tablet,80.75,Anti-Diabetic
2623,9252,Epo 150 Tablet SR,Tablet,161.5,Anti-Diabetic
2624,9253,Pre Aldonil 150 mg/150 mg Tablet,Tablet,339.57,Anti-Diabetic
2625,9254,Epalridase 50mg Tablet,Tablet,55.5,Anti-Diabetic
2626,9255,Pre Aldonil OD 150 mg/150 mg Tablet,Tablet,,Anti-Diabetic
2627,9256,Alrista 50mg Tablet,Tablet,82.28,Anti-Diabetic
2628,9257,Aldorace 50mg Tablet,Tablet,,Anti-Diabetic
2629,9258,Aristat 50mg Tablet,Tablet,35.11,Anti-Diabetic
2630,9259,Epstat 150mg Tablet SR,Tablet,155.55,Anti-Diabetic
2631,9260,Epalrica-MP Tablet,Tablet,174.67,Anti-Diabetic
2632,9261,Nurestat 50mg Tablet,Tablet,63.75,Anti-Diabetic
2633,9262,Epalpex 150 SR Tablet,Tablet,167.45,Anti-Diabetic
2634,9263,Restat 50mg Tablet,Tablet,83.3,Anti-Diabetic
2635,9264,Listap 150 SR Tablet,Tablet,233.75,Anti-Diabetic
2636,9265,Epalpex-M SR Tablet,Tablet,206.12,Anti-Diabetic
2637,9266,Mepal 150mg/1500mcg Tablet,Tablet,121.55,Anti-Diabetic
2638,9267,Palestat 50mg Tablet,Tablet,92.65,Anti-Diabetic
2639,9268,Zepler M 150mg/1500mcg Tablet,Tablet,185.3,Anti-Diabetic
2640,9269,Palestat 150mg Tablet ER,Tablet,222.1,Anti-Diabetic
2641,9270,Listap 50mg Tablet,Tablet,116.45,Anti-Diabetic
2642,9271,Immulina 800 Tablet,Tablet,413.95,Anti-Diabetic
2643,9272,Ismigen Tablet,Tablet,384.2,Anti-Diabetic
2644,9273,Immulina Liquid,,614.55,Anti-Diabetic
2645,9274,Immulina 400 Tablet,Tablet,215.05,Anti-Diabetic
2646,9275,Pidotimune 400 Tablet,Tablet,186.15,Anti-Diabetic
2647,9276,Pidotimune 800 Tablet,Tablet,326.4,Anti-Diabetic
2648,9277,BRONCHO VAXOM CAPSULE,Capsule,,Anti-Diabetic
2649,9278,Polimod Tablet,Tablet,195.5,Anti-Diabetic
2650,9279,Pulmigen Sub-Lingual Tablet,Tablet,348.5,Anti-Diabetic
2651,9280,Immubron Tablet,Tablet,,Anti-Diabetic
2652,9281,Polimod Oral Liquid,,276.25,Anti-Diabetic
2653,9282,Pidolet 800mg Tablet,Tablet,339.15,Anti-Diabetic
2654,9283,Pidolet 400mg Tablet,Tablet,208.25,Anti-Diabetic
2655,9284,Secnil Forte Tablet,Tablet,135.76,Anti-Diabetic
2656,9285,Satrogyl 300 Tablet,Tablet,121.12,Anti-Diabetic
2657,9286,Metrogyl Compound Plus  Tablet,Tablet,85.5,Anti-Diabetic
2658,9287,Amicline Plus Tablet,Tablet,59.5,Anti-Diabetic
2659,9288,Tinilox Mps Tablet,Tablet,59.73,Anti-Diabetic
2660,9289,Metrogyl Compound 400mg/500mg Tablet,Tablet,64.33,Anti-Diabetic
2661,9290,Ambizyme 300mg Tablet,Tablet,29.75,Anti-Diabetic
2662,9291,Metroquin 300 mg/200 mg Tablet,Tablet,44.2,Anti-Diabetic
2663,9292,Tagera Forte  500mg Tablet,Tablet,31.35,Anti-Diabetic
2664,9293,Sprot 200 mg/250 mg Tablet,Tablet,23.16,Anti-Diabetic
2665,9294,Tinilox Mps Suspension,Suspension,51.68,Anti-Diabetic
2666,9295,Dyrade M 400 mg/500 mg Tablet,Tablet,,Anti-Diabetic
2667,9296,Prozactin 1000mg Tablet,Tablet,29.75,Anti-Diabetic
2668,9297,Dyrade M DS   400 mg/500 mg Tablet,Tablet,16.53,Anti-Diabetic
2669,9298,Amirid Tablet,Tablet,50.15,Anti-Diabetic
2670,9299,Seczol DS 1000mg Tablet,Tablet,,Anti-Diabetic
2671,9300,Satrogyl 500mg Tablet,Tablet,79.9,Anti-Diabetic
2672,9301,Enterosulphazyme Plus Tablet,Tablet,23.8,Anti-Diabetic
2673,9302,Dyrade M 200 mg/250 mg Tablet,Tablet,,Anti-Diabetic
2674,9303,Flagentyl 1000mg Tablet,Tablet,27.78,Anti-Diabetic
2675,9304,DYRADE M 100 MG/125 MG SYRUP,,,Anti-Diabetic
2676,9305,Tagera 500mg Tablet,Tablet,27.16,Anti-Diabetic
2677,9306,Dimet Plus Tablet,Tablet,25.9,Anti-Diabetic
2678,9307,Amitab 1000mg Tablet,Tablet,33.91,Anti-Diabetic
2679,9308,Ambizyme Liquid,,23.9,Anti-Diabetic
2680,9309,Entosec 1000mg Tablet,Tablet,28.34,Anti-Diabetic
2681,9310,Aldezol DF 400mg/500mg Tablet,Tablet,19.5,Anti-Diabetic
2682,9311,A Nil Tablet,Tablet,5.71,Anti-Diabetic
2683,9312,Dilotin Mps 250 mg/300 mg/25 mg Tablet,Tablet,29.04,Anti-Diabetic
2684,9313,Sez Forte 1gm Tablet,Tablet,53.12,Anti-Diabetic
2685,9314,Satromax 300mg Tablet,Tablet,82.02,Anti-Diabetic
2686,9315,Secnil 500mg Injection,Injection,64.34,Anti-Diabetic
2687,9316,Metrodil M Syrup,,14.28,Anti-Diabetic
2688,9317,Seclong DS 1000mg Tablet,Tablet,22.1,Anti-Diabetic
2689,9318,Aldezol DF Syrup,,10.15,Anti-Diabetic
2690,9319,Tinidil 250 mg/300 mg/25 mg Tablet,Tablet,21.25,Anti-Diabetic
2691,9320,Secnil 500mg Syrup,,17.41,Anti-Diabetic
2692,9321,Metrodil M 400mg/500mg Tablet,Tablet,15.3,Anti-Diabetic
2693,9322,Tilemetin 60mg Injection,Injection,40.83,Anti-Diabetic
2694,9323,Ambiform 1000mg Tablet,Tablet,27.71,Anti-Diabetic
2695,9324,Netromax 300mg Injection,Injection,322.07,Anti-Diabetic
2696,9325,Kanamac 750 Injection,Injection,34.59,Anti-Diabetic
2697,9326,Netromycin 300mg Injection,Injection,,Anti-Diabetic
2698,9327,Neopred Tablet,Tablet,5.89,Anti-Diabetic
2699,9328,Kanamac 1000 Injection,Injection,37.11,Anti-Diabetic
2700,9329,Netromax 25mg Injection,Injection,50.23,Anti-Diabetic
2701,9330,Kanamac 500 Injection,Injection,20.25,Anti-Diabetic
2702,9331,Netromax 10mg Injection,Injection,,Anti-Diabetic
2703,9332,Netmicin 300mg Injection,Injection,395.93,Anti-Diabetic
2704,9333,Netilmac 300mg Injection,Injection,299.2,Anti-Diabetic
2705,9334,Netspan 25 Injection,Injection,44.62,Anti-Diabetic
2706,9335,Netspan 10mg Injection,Injection,,Anti-Diabetic
2707,9336,Netromax 50mg Injection,Injection,99.11,Anti-Diabetic
2708,9337,Potentox 125 mg/500 mg Injection,Injection,174.25,Anti-Diabetic
2709,9338,Neticin 300mg Injection,Injection,363.72,Anti-Diabetic
2710,9339,Netilmycin 300mg Injection,Injection,224.24,Anti-Diabetic
2711,9340,Netromax 150mg Injection,Injection,214.2,Anti-Diabetic
2712,9341,Neocin 350mg Tablet,Tablet,59.07,Anti-Diabetic
2713,9342,Potentox 250 mg/1000 mg Injection,Injection,321.3,Anti-Diabetic
2714,9343,Netspan 300mg Injection,Injection,357,Anti-Diabetic
2715,9344,Netilmac 10mg Injection,Injection,25.71,Anti-Diabetic
2716,9345,Kancin 1gm Injection,Injection,26.56,Anti-Diabetic
2717,9346,Netromycin 100mg Injection,Injection,27,Anti-Diabetic
2718,9347,Netspan 50mg Injection,Injection,109.22,Anti-Diabetic
2719,9348,Netmicin 200mg Injection,Injection,299,Anti-Diabetic
2720,9349,Neopred 20mg Tablet,Tablet,13.34,Anti-Diabetic
2721,9350,Netromax 200mg Injection,Injection,226.92,Anti-Diabetic
2722,9351,Netromycin 25mg Injection,Injection,,Anti-Diabetic
2723,9352,Netilmac 25mg Injection,Injection,39.95,Anti-Diabetic
2724,9353,Netromycin 10mg Injection,Injection,,Anti-Diabetic
2725,9354,Netilmac 150mg Injection,Injection,174.25,Anti-Diabetic
2726,9355,Netilmac 50mg Injection,Injection,80.75,Anti-Diabetic
2727,9356,Netromycin 50mg Injection,Injection,,Anti-Diabetic
2728,9357,Potentox 500 mg/2000 mg Injection,Injection,572.05,Anti-Diabetic
2729,9358,Netlimix 300mg Injection,Injection,382.5,Anti-Diabetic
2730,9359,Efficin 500mg Injection,Injection,14.02,Anti-Diabetic
2731,9360,Primegard 125 mg/500 mg Injection,Injection,113.05,Anti-Diabetic
2732,9361,Kancin 500mg Injection,Injection,15.94,Anti-Diabetic
2733,9362,Efficin 750mg Injection,Injection,,Anti-Diabetic
2734,9363,NICPIME AM  INJECTION 250 MG/1000 MG,Injection,,Anti-Diabetic
2735,9364,Ivermectol 12 Tablet,Tablet,72.25,Anti-Diabetic
2736,9365,Vermact 12 Tablet DT,Tablet,31.67,Anti-Diabetic
2737,9366,Bandy-Plus Tablet,Tablet,20.39,Anti-Diabetic
2738,9367,Scavista 12mg Tablet,Tablet,,Anti-Diabetic
2739,9368,Zentel Tablet,Tablet,7.29,Anti-Diabetic
2740,9369,Bandy-Plus 12 Tablet,Tablet,25.5,Anti-Diabetic
2741,9370,Zentel Oral Suspension,Suspension,15.12,Anti-Diabetic
2742,9371,Itin 12 Tablet,Tablet,40.8,Anti-Diabetic
2743,9372,Bandy-Plus Suspension,Suspension,25.5,Anti-Diabetic
2744,9373,Bandy Suspension,Suspension,15.11,Anti-Diabetic
2745,9374,Ivecop 12 Tablet,Tablet,22.95,Anti-Diabetic
2746,9375,Ivoral Forte Tablet,Tablet,34,Anti-Diabetic
2747,9376,Mebex Tablet,Tablet,14.93,Anti-Diabetic
2748,9377,Nizonide 500 Tablet,Tablet,76.24,Anti-Diabetic
2749,9378,Noworm Tablet,Tablet,7.29,Anti-Diabetic
2750,9379,Ivrea Shampoo,,96.05,Anti-Diabetic
2751,9380,Bandy Tablet,Tablet,7.28,Anti-Diabetic
2752,9381,Vermectin 12mg Tablet,Tablet,,Anti-Diabetic
2753,9382,Albendazole 400mg Tablet,Tablet,6.89,Anti-Diabetic
2754,9383,Noworm Oral Suspension,Suspension,15.11,Anti-Diabetic
2755,9384,Scavista 12A Tablet,Tablet,15.37,Anti-Diabetic
2756,9385,Mectin 12mg Tablet,Tablet,12.75,Anti-Diabetic
2757,9386,Ivecop 6 Tablet,Tablet,12.75,Anti-Diabetic
2758,9387,Iverpan 12mg Tablet,Tablet,12.75,Anti-Diabetic
2759,9388,Vermact 6mg Tablet,Tablet,19.23,Anti-Diabetic
2760,9389,Dicaris  Adults Tablet,Tablet,39.1,Anti-Diabetic
2761,9390,Iverscab 12mg Dispersible Tablet,Tablet,45.05,Anti-Diabetic
2762,9391,Iverfast 12mg Tablet,Tablet,15.3,Anti-Diabetic
2763,9392,Ivermectol 6 Tablet,Tablet,35.7,Anti-Diabetic
2764,9393,Nemocid Oral Suspension,Suspension,19.25,Anti-Diabetic
2765,9394,Bendex 400 Tablet,Tablet,8.71,Anti-Diabetic
2766,9395,Evimectina Tablet,Tablet,20.4,Anti-Diabetic
2767,9396,Iverpil 12mg Tablet,Tablet,13.58,Anti-Diabetic
2768,9397,Vermact Plus 12 mg/400 mg Tablet,Tablet,23.19,Anti-Diabetic
2769,9398,Ivermect 12mg Tablet,Tablet,45.9,Anti-Diabetic
2770,9399,Nuforce Plus 150 mg/6 mg Tablet,Tablet,17.76,Anti-Diabetic
2771,9400,Ivrea 1 Cream,,126.65,Anti-Diabetic
2772,9401,Jetta 12mg Tablet,Tablet,19.97,Anti-Diabetic
2773,9402,Ivercid 12mg Tablet,Tablet,49.38,Anti-Diabetic
2774,9403,Nemocid Tablet,Tablet,11.3,Anti-Diabetic
2775,9404,Fluvir 75mg Capsule,Capsule,490,Anti-Diabetic
2776,9405,Antiflu 75mg Capsule,Capsule,629.2,Anti-Diabetic
2777,9406,Olsivir Capsule,Capsule,490,Anti-Diabetic
2778,9407,Fluvia 75mg Capsule,Capsule,,Anti-Diabetic
2779,9408,Fluvir 30mg Tablet,Tablet,,Anti-Diabetic
2780,9409,Fluvir Oral Suspension,Suspension,570,Anti-Diabetic
2781,9410,Natflu 75mg Capsule,Capsule,,Anti-Diabetic
2782,9411,Starflu 75mg Capsule,Capsule,,Anti-Diabetic
2783,9412,Antiflu 12mg/ml Syrup,,574.75,Anti-Diabetic
2784,9413,Mcosvir 75mg Capsule,Capsule,,Anti-Diabetic
2785,9414,Mcosvir Syrup,,,Anti-Diabetic
2786,9415,R-Cinex Capsule,Capsule,,Anti-Diabetic
2787,9416,Akt 4 Kit,,,Anti-Diabetic
2788,9417,R-Cinex 600 Tablet,Tablet,,Anti-Diabetic
2789,9418,Akurit 4 Tablet,Tablet,,Anti-Diabetic
2790,9419,Forecox Tablet,Tablet,,Anti-Diabetic
2791,9420,Akt 3 Kit,,,Anti-Diabetic
2792,9421,Combutol 800 Tablet,Tablet,,Anti-Diabetic
2793,9422,Akt 2 Tablet,Tablet,,Anti-Diabetic
2794,9423,Solonex Tablet,Tablet,,Anti-Diabetic
2795,9424,R-Cin 600 Capsule,Capsule,,Anti-Diabetic
2796,9425,Macox Plus Tablet,Tablet,,Anti-Diabetic
2797,9426,Akurit-3 Tablet,Tablet,,Anti-Diabetic
2798,9427,R-Cinex E Tablet,Tablet,,Anti-Diabetic
2799,9428,R-Cin 450 Capsule,Capsule,,Anti-Diabetic
2800,9429,Combutol 1000 Tablet,Tablet,,Anti-Diabetic
2801,9430,Ambistryn-S 0.75gm Injection,Injection,,Anti-Diabetic
2802,9431,R-Cinex EZ Tablet,Tablet,,Anti-Diabetic
2803,9432,Pyzina 750 Tablet,Tablet,,Anti-Diabetic
2804,9433,Rhe-FD Tablet,Tablet,,Anti-Diabetic
2805,9434,Combunex 800 Tablet,Tablet,,Anti-Diabetic
2806,9435,Isoniazid 300mg Tablet,Tablet,,Anti-Diabetic
2807,9436,Streptomycin 0.75gm Injection,Injection,,Anti-Diabetic
2808,9437,Forecox 150 Tablet,Tablet,,Anti-Diabetic
2809,9438,Rifa I 6 Tablet,Tablet,,Anti-Diabetic
2810,9439,Rifampicin Inh 450 mg/300 mg Capsule,Capsule,,Anti-Diabetic
2811,9440,Forecox Kit,,,Anti-Diabetic
2812,9441,Combutol 600 Tablet,Tablet,,Anti-Diabetic
2813,9442,P Zide 750 Tablet,Tablet,,Anti-Diabetic
2814,9443,Solonex DT Tablet,Tablet,,Anti-Diabetic
2815,9444,Akurit Tablet,Tablet,,Anti-Diabetic
2816,9445,Macox-ZH  Kid Tablet DT,Tablet,,Anti-Diabetic
2817,9446,R-Cin 300 Capsule,Capsule,,Anti-Diabetic
2818,9447,Mycurit 4 mg Tablet,Tablet,,Anti-Diabetic
2819,9448,Isokin 300 Tablet,Tablet,,Anti-Diabetic
2820,9449,Isonex 300mg Tablet,Tablet,,Anti-Diabetic
2821,9450,Ambistryn-S 1gm Injection,Injection,,Anti-Diabetic
2822,9451,Macox Plus 600 Tablet,Tablet,,Anti-Diabetic
2823,9452,Pyzina 1000 Tablet,Tablet,,Anti-Diabetic
2824,9453,Mycobutol 800 Tablet,Tablet,,Anti-Diabetic
2825,9454,Pyzina 500 Tablet,Tablet,,Anti-Diabetic
2826,9455,Valcivir 1000 Tablet,Tablet,220.59,Anti-Diabetic
2827,9456,Parkitidin Tablet,Tablet,102,Anti-Diabetic
2828,9457,Valcivir 500 Tablet,Tablet,136.06,Anti-Diabetic
2829,9458,Amantrel Tablet,Tablet,156.15,Anti-Diabetic
2830,9459,Amantrel Capsule,Capsule,156.15,Anti-Diabetic
2831,9460,Famcimac 500 Tablet,Tablet,219.72,Anti-Diabetic
2832,9461,Valtoval 1g Tablet,Tablet,203.15,Anti-Diabetic
2833,9462,Penvir 500 Tablet,Tablet,203.36,Anti-Diabetic
2834,9463,Virovir 500 Tablet,Tablet,246.5,Anti-Diabetic
2835,9464,Amantex Tablet,Tablet,153,Anti-Diabetic
2836,9465,Myhep All Tablet,Tablet,,Anti-Diabetic
2837,9466,Virson Ophthalmic Gel,,102.85,Anti-Diabetic
2838,9467,Valgan Tablet,Tablet,1219.24,Anti-Diabetic
2839,9468,Sovihep V Tablet,Tablet,14875,Anti-Diabetic
2840,9469,Zimivir 1000 Tablet,Tablet,186.24,Anti-Diabetic
2841,9470,Hepcvel Tablet,Tablet,15725,Anti-Diabetic
2842,9471,Valanext 1000mg Tablet,Tablet,168.3,Anti-Diabetic
2843,9472,Penvir 250 Tablet,Tablet,184.87,Anti-Diabetic
2844,9473,Velpanat Tablet,Tablet,,Anti-Diabetic
2845,9474,Virovir 250 Tablet,Tablet,239.06,Anti-Diabetic
2846,9475,Valamac 1000mg Tablet,Tablet,126.22,Anti-Diabetic
2847,9476,Microvir 500 Tablet,Tablet,267.75,Anti-Diabetic
2848,9477,Natclovir 250 Capsule,Capsule,1032.75,Anti-Diabetic
2849,9478,Reclaim Tablet,Tablet,17000,Anti-Diabetic
2850,9479,Resof Total 400mg/100mg Tablet,Tablet,14875,Anti-Diabetic
2851,9480,Valtoval 500 Tablet,Tablet,126.65,Anti-Diabetic
2852,9481,Gancigel Ophthalmic Gel,,87.12,Anti-Diabetic
2853,9482,Herpival 1000mg Tablet,Tablet,182.75,Anti-Diabetic
2854,9483,Microvir 250 Tablet,Tablet,117.05,Anti-Diabetic
2855,9484,Valamac 500mg Tablet,Tablet,71.91,Anti-Diabetic
2856,9485,Famtrex 500mg Tablet,Tablet,244.14,Anti-Diabetic
2857,9486,Famcimac 250 Tablet,Tablet,199.75,Anti-Diabetic
2858,9487,Velasof Tablet,Tablet,15509.1,Anti-Diabetic
2859,9488,Velpaclear Tablet,Tablet,14875,Anti-Diabetic
2860,9489,Sovihep 400mg Tablet,Tablet,17411.88,Anti-Diabetic
2861,9490,Zimivir 500 Tablet,Tablet,116.19,Anti-Diabetic
2862,9491,MY Hep 400mg Tablet,Tablet,10200,Anti-Diabetic
2863,9492,Valanext 500mg Tablet,Tablet,102.85,Anti-Diabetic
2864,9493,Ribavin 200 Capsule,Capsule,292.82,Anti-Diabetic
2865,9494,Valcyte 450mg Tablet,Tablet,,Anti-Diabetic
2866,9495,Augmentin 625 Duo Tablet,Tablet,170.5,Anti-Diabetic
2867,9496,Clavam 625 Tablet,Tablet,170.47,Anti-Diabetic
2868,9497,Moxikind-CV 625 Tablet,Tablet,130.68,Anti-Diabetic
2869,9498,Amoxyclav 625 Tablet,Tablet,96.26,Anti-Diabetic
2870,9499,Moxclav 625 Tablet,Tablet,170.5,Anti-Diabetic
2871,9500,Oflox 200 Tablet,Tablet,62.22,Anti-Diabetic
2872,9501,Almox 500 Capsule,Capsule,61.28,Anti-Diabetic
2873,9502,Mox 500mg Capsule,Capsule,91.94,Anti-Diabetic
2874,9503,Mega-CV 625 Tablet,Tablet,135.42,Anti-Diabetic
2875,9504,Novamox 500 Capsule,Capsule,91.94,Anti-Diabetic
2876,9505,Zanocin 200 Tablet,Tablet,63.32,Anti-Diabetic
2877,9506,Megapen Capsule,Capsule,41.73,Anti-Diabetic
2878,9507,Zenflox 200 Tablet,Tablet,45.52,Anti-Diabetic
2879,9508,Ampoxin 500 Capsule,Capsule,62.6,Anti-Diabetic
2880,9509,Mox CV 625 Tablet,Tablet,170.5,Anti-Diabetic
2881,9510,Augmentin Duo Oral Suspension,Suspension,51.41,Anti-Diabetic
2882,9511,Clavam Dry Syrup,,51.22,Anti-Diabetic
2883,9512,Moxikind-CV 375 Tablet,Tablet,127.5,Anti-Diabetic
2884,9513,Augmentin 1.2gm Injection,Injection,116.99,Anti-Diabetic
2885,9514,Ampilox Capsule,Capsule,70.89,Anti-Diabetic
2886,9515,Oflomac 200 Tablet,Tablet,56.78,Anti-Diabetic
2887,9516,Almox 250 Capsule,Capsule,20.9,Anti-Diabetic
2888,9517,Augmentin 1000 Duo Tablet,Tablet,422.92,Anti-Diabetic
2889,9518,Alkem Amoxicillin 250mg Capsule,Capsule,88.45,Anti-Diabetic
2890,9519,Sensiclav 625 Tablet,Tablet,128.76,Anti-Diabetic
2891,9520,Augmentin 375 Tablet,Tablet,194.65,Anti-Diabetic
2892,9521,Bactoclav 625 Tablet,Tablet,167.36,Anti-Diabetic
2893,9522,Mox 250mg Capsule,Capsule,31.37,Anti-Diabetic
2894,9523,Moxiforce-CV 625 Tablet,Tablet,130.68,Anti-Diabetic
2895,9524,Augmentin DDS Suspension,Suspension,121.59,Anti-Diabetic
2896,9525,Clavam 375 Tablet,Tablet,161.5,Anti-Diabetic
2897,9526,Indclav 625 Tablet,Tablet,167.96,Anti-Diabetic
2898,9527,Zenflox Eye/Ear Drop,,39.93,Anti-Diabetic
2899,9528,Moxikind-CV Dry Syrup,,48.09,Anti-Diabetic
2900,9529,Novaclav 625 Tablet,Tablet,100.41,Anti-Diabetic
2901,9530,Amoxycillin 500mg Capsule,Capsule,27.12,Anti-Diabetic
2902,9531,Novamox CV 625mg Tablet,Tablet,167.33,Anti-Diabetic
2903,9532,Almox-CV 625 Tablet,Tablet,97.21,Anti-Diabetic
2904,9533,Oflox Eye/Ear Drop,,36.9,Anti-Diabetic
2905,9534,Nodimox Plus 500 Capsule,Capsule,39.1,Anti-Diabetic
2906,9535,Ticarnic  3.1 Injection,Injection,630.7,Anti-Diabetic
2907,9536,Clatiplus 3000mg/100mg Injection,Injection,772.65,Anti-Diabetic
2908,9537,Timentin 3.1 Injection,Injection,711.66,Anti-Diabetic
2909,9538,Ticarset 3000mg/100mg Injection,Injection,833,Anti-Diabetic
2910,9539,Ticarnate 3.1gm Injection,Injection,849.15,Anti-Diabetic
2911,9540,Timcyn 3000 mg/100 mg Injection,Injection,542.26,Anti-Diabetic
2912,9541,Ticar C 3000mg/100mg Injection,Injection,1100.75,Anti-Diabetic
2913,9542,Ticlawin Injection,Injection,764.15,Anti-Diabetic
2914,9543,Ticarnip 3000mg/1000mg Injection,Injection,807.5,Anti-Diabetic
2915,9544,Yestic 3.1g Injection,Injection,752.8,Anti-Diabetic
2916,9545,Ticantrol 3000mg/100mg Injection,Injection,765,Anti-Diabetic
2917,9546,Ticalclav 3000mg/100mg Injection,Injection,845.75,Anti-Diabetic
2918,9547,Ticarvib Injection,Injection,637.5,Anti-Diabetic
2919,9548,Taxim-O 200 Tablet,Tablet,91.08,Anti-Diabetic
2920,9549,Monocef-O 200 Tablet,Tablet,131.54,Anti-Diabetic
2921,9550,Ceftum 500mg Tablet,Tablet,366.35,Anti-Diabetic
2922,9551,Monocef 1gm Injection,Injection,51.17,Anti-Diabetic
2923,9552,Zifi 200 Tablet,Tablet,91.04,Anti-Diabetic
2924,9553,Cefix 200 Tablet,Tablet,89.39,Anti-Diabetic
2925,9554,Cefakind 500 Tablet,Tablet,294.15,Anti-Diabetic
2926,9555,Mahacef 200 Tablet,Tablet,70.83,Anti-Diabetic
2927,9556,Zocef 500 Tablet,Tablet,688.5,Anti-Diabetic
2928,9557,Gudcef 200 Tablet,Tablet,123.42,Anti-Diabetic
2929,9558,Monocef-SB 1g Injection,Injection,134.9,Anti-Diabetic
2930,9559,Cepodem 200 Tablet,Tablet,141.95,Anti-Diabetic
2931,9560,Zifi-O Tablet,Tablet,129.2,Anti-Diabetic
2932,9561,Mahacef-Plus Tablet,Tablet,126.22,Anti-Diabetic
2933,9562,Taxim-O Delicious Pineapple Dry Syrup,,41.11,Anti-Diabetic
2934,9563,Cefolac 200 Tablet,Tablet,86.83,Anti-Diabetic
2935,9564,Zifi CV 200 Tablet,Tablet,215.05,Anti-Diabetic
2936,9565,Enteroquinol 250mg Tablet,Tablet,,Anti-Diabetic
2937,9566,Gudcef-CV 200 Tablet,Tablet,224.4,Anti-Diabetic
2938,9567,Cepodem XP 325 Tablet,Tablet,303.45,Anti-Diabetic
2939,9568,Taxim OF Tablet,Tablet,116.87,Anti-Diabetic
2940,9569,Sporidex 500 Capsule,Capsule,150.87,Anti-Diabetic
2941,9570,Monocef-O CV 200/125 Tablet,Tablet,229.07,Anti-Diabetic
2942,9571,Ceftas 200 Tablet,Tablet,70.86,Anti-Diabetic
2943,9572,Zocef-CV 500 Tablet,Tablet,441.15,Anti-Diabetic
2944,9573,Cefakind-CV 500 Tablet,Tablet,336.6,Anti-Diabetic
2945,9574,Ceftum 250mg Tablet,Tablet,196.43,Anti-Diabetic
2946,9575,Cetil 500 Tablet,Tablet,764.15,Anti-Diabetic
2947,9576,Phexin 500mg Capsule,Capsule,167.11,Anti-Diabetic
2948,9577,Magnex Forte 1.5gm Injection,Injection,619.7,Anti-Diabetic
2949,9578,Taxim 1gm Injection,Injection,31.95,Anti-Diabetic
2950,9579,Macpod 200 Tablet,Tablet,130.9,Anti-Diabetic
2951,9580,Doxcef 200 Tablet,Tablet,118.62,Anti-Diabetic
2952,9581,Zedocef 200 Tablet,Tablet,130.9,Anti-Diabetic
2953,9582,Droxyl 500 Tablet,Tablet,37.53,Anti-Diabetic
2954,9583,Swich 200 Tablet,Tablet,156.4,Anti-Diabetic
2955,9584,Pulmocef 500 Tablet,Tablet,340,Anti-Diabetic
2956,9585,Zostum-O 200mg Tablet,Tablet,225.25,Anti-Diabetic
2957,9586,Cefakind 250 Tablet,Tablet,147.08,Anti-Diabetic
2958,9587,Biotax 1gm Injection,Injection,31.5,Anti-Diabetic
2959,9588,Biomycetin Ear Drop,,26.99,Anti-Diabetic
2960,9589,Paraxin Ear Drop,,8.26,Anti-Diabetic
2961,9590,Chloro Ear Drop,,26.2,Anti-Diabetic
2962,9591,Chlorocain Ear Drop,,20.45,Anti-Diabetic
2963,9592,CED Ear Drop,,9.35,Anti-Diabetic
2964,9593,Denicol 0.5% Ear Drop,,19.12,Anti-Diabetic
2965,9594,Simercetin Ear Drop,,11.56,Anti-Diabetic
2966,9595,Dapsone Tablet,Tablet,318.26,Anti-Diabetic
2967,9596,Acnedap Gel,,279.75,Anti-Diabetic
2968,9597,Hansepran 100 Capsule,Capsule,32.39,Anti-Diabetic
2969,9598,Hansepran 50 Capsule,Capsule,19.01,Anti-Diabetic
2970,9599,Acnedap Plus Gel,,350.9,Anti-Diabetic
2971,9600,Thalix 100 Capsule,Capsule,569.13,Anti-Diabetic
2972,9601,Lenangio 10 Capsule,Capsule,861.05,Anti-Diabetic
2973,9602,Clofozine 100mg Capsule,Capsule,173.64,Anti-Diabetic
2974,9603,Thalix 50 Capsule,Capsule,328.95,Anti-Diabetic
2975,9604,Lenalid 10 Capsule,Capsule,3838.75,Anti-Diabetic
2976,9605,Acnewar Plus Gel,,274,Anti-Diabetic
2977,9606,Acnewar Gel,,203.15,Anti-Diabetic
2978,9607,Thycad 100mg Capsule,Capsule,426.05,Anti-Diabetic
2979,9608,Thycad 50mg Capsule,Capsule,227.83,Anti-Diabetic
2980,9609,Lenangio 5mg Capsule,Capsule,537.2,Anti-Diabetic
2981,9610,Clofozine 50mg Capsule,Capsule,105.68,Anti-Diabetic
2982,9611,Acnesone Gel,,40.05,Anti-Diabetic
2983,9612,Lenalid 25 Capsule,Capsule,7902.32,Anti-Diabetic
2984,9613,Lenangio 25mg Capsule,Capsule,2345.15,Anti-Diabetic
2985,9614,Feza 50 Capsule,Capsule,11.9,Anti-Diabetic
2986,9615,Lepromine 100mg Capsule,Capsule,18.33,Anti-Diabetic
2987,9616,Lenmid 10 Capsule,Capsule,848.82,Anti-Diabetic
2988,9617,Clofros 100mg Capsule,Capsule,21.25,Anti-Diabetic
2989,9618,Lepromine 50mg Capsule,Capsule,12.3,Anti-Diabetic
2990,9619,Lenome 25mg Capsule,Capsule,2584.79,Anti-Diabetic
2991,9620,Lenalid 5 Capsule,Capsule,4386,Anti-Diabetic
2992,9621,Clofros 50mg Capsule,Capsule,10.62,Anti-Diabetic
2993,9622,Fazim 50mg Capsule,Capsule,12.21,Anti-Diabetic
2994,9623,Thaloda 100mg Capsule,Capsule,545.52,Anti-Diabetic
2995,9624,Myelosafe Capsule,Capsule,83.3,Anti-Diabetic
2996,9625,Lenome 10 Capsule,Capsule,1437.46,Anti-Diabetic
2997,9626,Celomide 10 Capsule,Capsule,1445,Anti-Diabetic
2998,9627,Dapsib Gel,,,Anti-Diabetic
2999,9628,Redemide 100mg Capsule,Capsule,527.7,Anti-Diabetic
3000,9629,Thalide 100mg Capsule,Capsule,661.16,Anti-Diabetic
3001,9630,Immithal 100mg Capsule,Capsule,670.65,Anti-Diabetic
3002,9631,Lenalid 15 Capsule,Capsule,5350.62,Anti-Diabetic
3003,9632,Clofaz 100mg Soft Gelatin Capsule,Capsule,22.31,Anti-Diabetic
3004,9633,Nutamide 50mg Capsule,Capsule,272,Anti-Diabetic
3005,9634,Thaloma 100mg Capsule,Capsule,704.22,Anti-Diabetic
3006,9635,Zenflox-UTI Tablet,Tablet,158.39,Anti-Diabetic
3007,9636,Percin Tablet,Tablet,407.28,Anti-Diabetic
3008,9637,Moxinow Tablet SR,Tablet,190.1,Anti-Diabetic
3009,9638,Levoflox 500 Infusion,,160.45,Anti-Diabetic
3010,9639,Zinox Tablet,Tablet,594.15,Anti-Diabetic
3011,9640,Zanocin F 200 mg/200 mg Tablet,Tablet,143.65,Anti-Diabetic
3012,9641,Nflox B 400mg Tablet,Tablet,41.01,Anti-Diabetic
3013,9642,Norflox Eye/Ear Drops,,11.31,Anti-Diabetic
3014,9643,Flavospas O 200 mg/200 mg Tablet,Tablet,168.98,Anti-Diabetic
3015,9644,Norflokem 400mg Tablet,Tablet,50.15,Anti-Diabetic
3016,9645,B-Cin Tablet,Tablet,162.86,Anti-Diabetic
3017,9646,Milixim-M 400mg/400mg Tablet SR,Tablet,212.5,Anti-Diabetic
3018,9647,Moxicip Infusion,,285.4,Anti-Diabetic
3019,9648,Normax 400mg Tablet,Tablet,41.65,Anti-Diabetic
3020,9649,L-Cin A Tablet,Tablet,66.26,Anti-Diabetic
3021,9650,Ciplox 2mg Injection,Injection,45.9,Anti-Diabetic
3022,9651,Levomac AZ Tablet,Tablet,,Anti-Diabetic
3023,9652,Ciprofloxacin Usp 200mg Infusion,,9.92,Anti-Diabetic
3024,9653,Norbactin 400mg Tablet,Tablet,39.21,Anti-Diabetic
3025,9654,Uroflox 400mg Tablet,Tablet,18.84,Anti-Diabetic
3026,9655,Azibact L 500 mg/500 mg Tablet,Tablet,,Anti-Diabetic
3027,9656,Cifran 200mg Infusion,,46.07,Anti-Diabetic
3028,9657,Prulin Tablet,Tablet,307.27,Anti-Diabetic
3029,9658,L-Cin Infusion,,121.51,Anti-Diabetic
3030,9659,Urifree-O Tablet,Tablet,189.34,Anti-Diabetic
3031,9660,Flavoride-Plus Tablet,Tablet,152.15,Anti-Diabetic
3032,9661,M Cin 400mg Infusion,,183.6,Anti-Diabetic
3033,9662,Loxof 500mg Infusion,,75.22,Anti-Diabetic
3034,9663,Pruflox Tablet,Tablet,327.72,Anti-Diabetic
3035,9664,Utibid 400mg Tablet,Tablet,36.34,Anti-Diabetic
3036,9665,Norflox LB 400mg Tablet,Tablet,41.22,Anti-Diabetic
3037,9666,Norilet 400mg Tablet,Tablet,,Anti-Diabetic
3038,9667,Norbid 400mg Tablet,Tablet,,Anti-Diabetic
3039,9668,Levofuxin 500mg Injection,Injection,100.3,Anti-Diabetic
3040,9669,Norflox   100mg Tablet DT,Tablet,15.13,Anti-Diabetic
3041,9670,Levomac 500mg Infusion,,130.9,Anti-Diabetic
3042,9671,Urinet O Tablet,Tablet,117.3,Anti-Diabetic
3043,9672,Flox 100mg Syrup,,19.21,Anti-Diabetic
3044,9673,Punox 600 Tablet,Tablet,404.6,Anti-Diabetic
3045,9674,B-Cin 200mg Tablet,Tablet,217.34,Anti-Diabetic
3046,9675,Tenvir Tablet,Tablet,1318.74,Anti-Diabetic
3047,9676,Entavir 0.5mg Tablet,Tablet,696.86,Anti-Diabetic
3048,9677,Tenvir AF 25mg Tablet,Tablet,1264.92,Anti-Diabetic
3049,9678,Viraday Tablet,Tablet,3315,Anti-Diabetic
3050,9679,Tafnat Tablet,Tablet,1264.92,Anti-Diabetic
3051,9680,Lamivir HBV Tablet,Tablet,122.39,Anti-Diabetic
3052,9681,Entaliv 0.5 Tablet,Tablet,2090.59,Anti-Diabetic
3053,9682,Tenvir-EM Tablet,Tablet,2057,Anti-Diabetic
3054,9683,Trioday Tablet,Tablet,2762.61,Anti-Diabetic
3055,9684,Duovir N Tablet,Tablet,563.07,Anti-Diabetic
3056,9685,Hepbest Tablet,Tablet,1317.5,Anti-Diabetic
3057,9686,Lopimune Tablet,Tablet,3052.89,Anti-Diabetic
3058,9687,Tenohep Tablet,Tablet,441.73,Anti-Diabetic
3059,9688,THYMOLIV 1.6 MG INJECTION,Injection,,Anti-Diabetic
3060,9689,Avonza Tablet,Tablet,1840.25,Anti-Diabetic
3061,9690,Tentide AF 25mg Tablet,Tablet,1318.86,Anti-Diabetic
3062,9691,Ricovir 300mg Tablet,Tablet,991.95,Anti-Diabetic
3063,9692,Entehep 0.5 Tablet,Tablet,2084.2,Anti-Diabetic
3064,9693,Tenohep AF Tablet,Tablet,1264.92,Anti-Diabetic
3065,9694,Trustiva Tablet,Tablet,3230,Anti-Diabetic
3066,9695,Triomune 150mg/30mg/200mg Tablet,Tablet,435.88,Anti-Diabetic
3067,9696,Encure Tablet,Tablet,654.17,Anti-Diabetic
3068,9697,Instgra Tablet,Tablet,3028.56,Anti-Diabetic
3069,9698,Tafero Tablet,Tablet,1264.8,Anti-Diabetic
3070,9699,Durataf 25mg Tablet,Tablet,1615,Anti-Diabetic
3071,9700,Duovir Tablet,Tablet,1099.51,Anti-Diabetic
3072,9701,Entavir 1mg Tablet,Tablet,1107.24,Anti-Diabetic
3073,9702,X Vir 0.5mg Tablet,Tablet,1782.45,Anti-Diabetic
3074,9703,Aluvia 200mg/50mg Tablet,Tablet,,Anti-Diabetic
3075,9704,Reviro 300mg Tablet,Tablet,,Anti-Diabetic
3076,9705,Truvada 200 mg/300 mg Tablet,Tablet,2133.5,Anti-Diabetic
3077,9706,Telura Tablet,Tablet,2551.7,Anti-Diabetic
3078,9707,Teevir Tablet,Tablet,,Anti-Diabetic
3079,9708,Tenolam E Tablet,Tablet,2602.7,Anti-Diabetic
3080,9709,Ritocom 50 mg/200 mg Tablet,Tablet,,Anti-Diabetic
3081,9710,Lamivir 150 Tablet,Tablet,103.79,Anti-Diabetic
3082,9711,Vonavir Tablet,Tablet,3315,Anti-Diabetic
3083,9712,Efavir 600 Tablet,Tablet,1643.4,Anti-Diabetic
3084,9713,Tafero EM Tablet,Tablet,1466.25,Anti-Diabetic
3085,9714,Azithral 500 Tablet,Tablet,118.88,Anti-Diabetic
3086,9715,Azee 500 Tablet,Tablet,118.88,Anti-Diabetic
3087,9716,Clear Gel,,159,Anti-Diabetic
3088,9717,Acnesol Gel,,80,Anti-Diabetic
3089,9718,Zady 500 Tablet,Tablet,111.01,Anti-Diabetic
3090,9719,Erytop Gel,,146.39,Anti-Diabetic
3091,9720,Claribid 500 Tablet,Tablet,468.01,Anti-Diabetic
3092,9721,Roxid 150 Tablet,Tablet,136.85,Anti-Diabetic
3093,9722,Dalacin C 300mg Capsule,Capsule,206.24,Anti-Diabetic
3094,9723,Lizolid 600 Tablet,Tablet,277.85,Anti-Diabetic
3095,9724,Azicip 500 Tablet,Tablet,71.33,Anti-Diabetic
3096,9725,Azax 500 Tablet,Tablet,71.25,Anti-Diabetic
3097,9726,Zathrin 500 Tablet,Tablet,118.88,Anti-Diabetic
3098,9727,Candid-CL Vaginal Suppository,,113.47,Anti-Diabetic
3099,9728,Azee 250 Tablet,Tablet,117.82,Anti-Diabetic
3100,9729,Azithral 200 Liquid,,51.42,Anti-Diabetic
3101,9730,ATM 500 Tablet,Tablet,118.89,Anti-Diabetic
3102,9731,Aziwok 500 Tablet,Tablet,118.89,Anti-Diabetic
3103,9732,Azibact 500 Tablet,Tablet,,Anti-Diabetic
3104,9733,Cansoft-CL Vaginal Suppository,,88.61,Anti-Diabetic
3105,9734,Clindac A 1% Gel,,,Anti-Diabetic
3106,9735,Azee 200mg Dry Syrup,,46.12,Anti-Diabetic
3107,9736,Lizoforce 600 Tablet,Tablet,121.24,Anti-Diabetic
3108,9737,Azikem 500mg Tablet,Tablet,,Anti-Diabetic
3109,9738,Claribid 250 Tablet,Tablet,265.5,Anti-Diabetic
3110,9739,Azimax 500 Tablet,Tablet,118.88,Anti-Diabetic
3111,9740,Lynx Injection,Injection,14.45,Anti-Diabetic
3112,9741,Linox 600 Tablet,Tablet,313.44,Anti-Diabetic
3113,9742,Linid Tablet,Tablet,313.57,Anti-Diabetic
3114,9743,Clingen Vaginal Suppository,,112.2,Anti-Diabetic
3115,9744,Zithrox 500 Tablet,Tablet,,Anti-Diabetic
3116,9745,Lynx 500 Capsule,Capsule,118.15,Anti-Diabetic
3117,9746,Clarinova 250 Tablet,Tablet,88.32,Anti-Diabetic
3118,9747,Zady 250 Tablet,Tablet,,Anti-Diabetic
3119,9748,Azithral 250mg DT Tablet,Tablet,117.82,Anti-Diabetic
3120,9749,Azifast 500 Tablet,Tablet,71.33,Anti-Diabetic
3121,9750,Azivent 500 Tablet,Tablet,95.6,Anti-Diabetic
3122,9751,Zathrin 250 Tablet,Tablet,117.75,Anti-Diabetic
3123,9752,Pentids 400 Tablet,Tablet,14.02,Anti-Diabetic
3124,9753,Pipzo 4.5gm Injection,Injection,232.85,Anti-Diabetic
3125,9754,Tazar 4.5g Injection,Injection,214.31,Anti-Diabetic
3126,9755,Piptaz 4.5gm Injection,Injection,501.5,Anti-Diabetic
3127,9756,Tazomac 4.5gm Injection,Injection,201.67,Anti-Diabetic
3128,9757,Penidure LA 12 Injection,Injection,17.3,Anti-Diabetic
3129,9758,Pentids 800 Tablet,Tablet,24.93,Anti-Diabetic
3130,9759,Tazact 4.5gm Injection,Injection,416.91,Anti-Diabetic
3131,9760,Durataz 4000 mg/500 mg Injection,Injection,203.86,Anti-Diabetic
3132,9761,Pipzo 1.125 gm Injection,Injection,82.33,Anti-Diabetic
3133,9762,Maxotaz 4000 mg/500 mg Injection,Injection,197.95,Anti-Diabetic
3134,9763,Penidure LA 6 Injection,Injection,7.3,Anti-Diabetic
3135,9764,Piptaz 4000 mg/500 mg Injection,Injection,636.65,Anti-Diabetic
3136,9765,Pipzo 2.25 gm Injection,Injection,160.72,Anti-Diabetic
3137,9766,Pentids 200 Tablet,Tablet,4.84,Anti-Diabetic
3138,9767,Kaypen 250mg Tablet,Tablet,,Anti-Diabetic
3139,9768,Tazact 2.25gm Injection,Injection,198.45,Anti-Diabetic
3140,9769,Tazofast 4000 mg/500 mg Injection,Injection,379.47,Anti-Diabetic
3141,9770,Tazact 1.125 gm Injection,Injection,82.36,Anti-Diabetic
3142,9771,ZOSYN 4000MG/500MG INJECTION,Injection,,Anti-Diabetic
3143,9772,Pepar 4.5gm Injection,Injection,,Anti-Diabetic
3144,9773,Penidure LA 24 Injection,Injection,,Anti-Diabetic
3145,9774,P.P.F 400000IU Injection,Injection,5.25,Anti-Diabetic
3146,9775,Tazilin 4000 mg/500 mg Injection,Injection,284.46,Anti-Diabetic
3147,9776,Benzylpenicillin 1000000IU Injection,Injection,7.51,Anti-Diabetic
3148,9777,Fortified Procaine Penicillin 1000000IU Injection,Injection,15.92,Anti-Diabetic
3149,9778,Tazomac PS 1000mg/125mg Injection,Injection,76.36,Anti-Diabetic
3150,9779,Pipralin 1gm Injection,Injection,,Anti-Diabetic
3151,9780,Tazotum Injection,Injection,342.1,Anti-Diabetic
3152,9781,Durataz 1000 mg/125 mg Injection,Injection,76.36,Anti-Diabetic
3153,9782,Tazar 2.25 G Injection,Injection,167.81,Anti-Diabetic
3154,9783,Tazar 1.125 G Injection,Injection,83.74,Anti-Diabetic
3155,9784,Microtaz 4000 mg/500 mg Injection,Injection,255,Anti-Diabetic
3156,9785,Piptaz 2000 mg/250 mg Injection,Injection,368.05,Anti-Diabetic
3157,9786,Revotaz 4000 mg/500 mg Injection,Injection,345.81,Anti-Diabetic
3158,9787,Tazcan 4.5gm Injection,Injection,246.5,Anti-Diabetic
3159,9788,Tazoren 4.5 gm Injection,Injection,362.95,Anti-Diabetic
3160,9789,TAZIRA 4.5 GM INJECTION,Injection,,Anti-Diabetic
3161,9790,Fosirol Powder,,360.48,Anti-Diabetic
3162,9791,Targocid 400mg Injection,Injection,1875.13,Anti-Diabetic
3163,9792,Fosfocin Powder,,253.3,Anti-Diabetic
3164,9793,Monurol Granules,,354.45,Anti-Diabetic
3165,9794,Novefos Powder,,352.75,Anti-Diabetic
3166,9795,Targocid 200mg Injection,Injection,1148.63,Anti-Diabetic
3167,9796,Vanlid 250mg Capsule,Capsule,1234.89,Anti-Diabetic
3168,9797,Ticocin 400 Injection,Injection,1733.49,Anti-Diabetic
3169,9798,Fosfoe Delicious Mango Powder,,322.15,Anti-Diabetic
3170,9799,T-Planin 400 Injection,Injection,770,Anti-Diabetic
3171,9800,Vancomycin 500mg Injection,Injection,239.06,Anti-Diabetic
3172,9801,Lupifos Powder,,323,Anti-Diabetic
3173,9802,Vanking 500mg Injection,Injection,248.2,Anti-Diabetic
3174,9803,Teicobiotic 400mg Injection,Injection,1721.25,Anti-Diabetic
3175,9804,Vanlid 500mg Tablet,Tablet,231.82,Anti-Diabetic
3176,9805,Tigi 50mg Injection,Injection,2380,Anti-Diabetic
3177,9806,Vanlid 250mg Injection,Injection,193.66,Anti-Diabetic
3178,9807,Fosidal Powder,,323,Anti-Diabetic
3179,9808,Utizap Granules,,293.25,Anti-Diabetic
3180,9809,Fosfona Powder,,306,Anti-Diabetic
3181,9810,Utifly Sachet,,340,Anti-Diabetic
3182,9811,Tgkem 50mg Injection,Injection,1104.15,Anti-Diabetic
3183,9812,Vanking 1000 Infusion,,502.35,Anti-Diabetic
3184,9813,TYGACIL 50 MG INJECTION,Injection,,Anti-Diabetic
3185,9814,Fosforal 3gm Granules,,229.5,Anti-Diabetic
3186,9815,Tigebax Injection,Injection,3332,Anti-Diabetic
3187,9816,Vancogen 1gm Injection,Injection,487.9,Anti-Diabetic
3188,9817,Fosrium Powder,,323,Anti-Diabetic
3189,9818,Tiganex 50mg Injection,Injection,2895.95,Anti-Diabetic
3190,9819,Vanlid 500 Infusion,,249.98,Anti-Diabetic
3191,9820,T-Planin 200 Injection,Injection,485,Anti-Diabetic
3192,9821,Vantox-CP 1gm Injection,Injection,415.59,Anti-Diabetic
3193,9822,Ticocin 200mg Injection,Injection,822.37,Anti-Diabetic
3194,9823,Tigez 50mg Injection,Injection,,Anti-Diabetic
3195,9824,Tecoplan 400mg Injection,Injection,1299.61,Anti-Diabetic
3196,9825,Novefos Tablet,Tablet,293.25,Anti-Diabetic
3197,9826,Zutig 50 Injection,Injection,2795.65,Anti-Diabetic
3198,9827,Fosfotas 4gm Injection,Injection,3131.4,Anti-Diabetic
3199,9828,Vancocin CP 500mg Injection,Injection,316.2,Anti-Diabetic
3200,9829,Teiconova 400mg Injection,Injection,1213.8,Anti-Diabetic
3201,9830,Hetrazan 100 Tablet,Tablet,37.54,Anti-Diabetic
3202,9831,Banocide Forte Tablet,Tablet,36.88,Anti-Diabetic
3203,9832,Unicarbazan Forte Tablet,Tablet,18.87,Anti-Diabetic
3204,9833,Deecee Forte 150 mg/2.5 mg Tablet,Tablet,26.35,Anti-Diabetic
3205,9834,Benocide 100mg Forte  Tablet,Tablet,36.2,Anti-Diabetic
3206,9835,Decet-BD Tablet,Tablet,41.39,Anti-Diabetic
3207,9836,Florocid Injection,Injection,105.4,Anti-Diabetic
3208,9837,Dec Tablet,Tablet,,Anti-Diabetic
3209,9838,Eofil Forte 250 mg/4 mg Tablet,Tablet,38.25,Anti-Diabetic
3210,9839,Dec Forte Tablet,Tablet,42.5,Anti-Diabetic
3211,9840,Eofil 150mg Tablet,Tablet,17.68,Anti-Diabetic
3212,9841,Deecee 100mg Tablet,Tablet,13.6,Anti-Diabetic
3213,9842,Banocide 50mg Tablet,Tablet,9.82,Anti-Diabetic
3214,9843,DC Forte 150 mg/2.5 mg Tablet,Tablet,20.08,Anti-Diabetic
3215,9844,Trozan OD 300mg/10mg Tablet,Tablet,,Anti-Diabetic
3216,9845,Resophyl 150mg Tablet,Tablet,14.6,Anti-Diabetic
3217,9846,Trofil 60mg/100mg/2mg Tablet,Tablet,,Anti-Diabetic
3218,9847,Decet OD 300mg/10mg Tablet,Tablet,,Anti-Diabetic
3219,9848,Hetrazan 120mg Syrup,,18,Anti-Diabetic
3220,9849,Carbamyl Forte 150 mg/2.5 mg Tablet,Tablet,15.3,Anti-Diabetic
3221,9850,Dicarb 100mg Tablet,Tablet,12.15,Anti-Diabetic
3222,9851,Banocide 50mg Syrup,,34.42,Anti-Diabetic
3223,9852,Zinofil Forte Tablet,Tablet,,Anti-Diabetic
3224,9853,Eofiles OD Tablet,Tablet,20.74,Anti-Diabetic
3225,9854,Resophyl Forte Tablet,Tablet,18.51,Anti-Diabetic
3226,9855,Deecee 50mg Syrup,,36.01,Anti-Diabetic
3227,9856,Zinofil Tablet,Tablet,,Anti-Diabetic
3228,9857,Decet 150mg Tablet,Tablet,5.66,Anti-Diabetic
3229,9858,Delcar Forte 250 mg/5 mg Tablet,Tablet,22.87,Anti-Diabetic
3230,9859,Dec 50mg Syrup,,45.05,Anti-Diabetic
3231,9860,Unicarbazan 50 mg/1.25 mg Tablet,Tablet,13.57,Anti-Diabetic
3232,9861,Decee Syrup,,45.9,Anti-Diabetic
3233,9862,Esnotone Tablet,Tablet,6.8,Anti-Diabetic
3234,9863,Bcd Tablet,Tablet,29.14,Anti-Diabetic
3235,9864,Carlev Forte 300mg/5mg Tablet,Tablet,31.28,Anti-Diabetic
3236,9865,Banocide 120mg Syrup,,34.42,Anti-Diabetic
3237,9866,Sodium Stibogluconate Injection,Injection,211.87,Anti-Diabetic
3238,9867,Acefil BD 150mg/5mg Tablet,Tablet,,Anti-Diabetic
3239,9868,Faronem 200 Tablet,Tablet,439.45,Anti-Diabetic
3240,9869,Meromac 1gm Injection,Injection,549.1,Anti-Diabetic
3241,9870,Faronem ER Tablet,Tablet,579.7,Anti-Diabetic
3242,9871,Farobact 200 Tablet,Tablet,442.77,Anti-Diabetic
3243,9872,Duonem 300 ER Tablet,Tablet,588.11,Anti-Diabetic
3244,9873,Merosure O Tablet,Tablet,392.7,Anti-Diabetic
3245,9874,Meronem 1000mg Injection,Injection,2532.15,Anti-Diabetic
3246,9875,Orpenem 300mg Tablet ER,Tablet,475.91,Anti-Diabetic
3247,9876,Merosure O ER 300 Tablet,Tablet,493.68,Anti-Diabetic
3248,9877,Merotrol 1gm Injection,Injection,892.29,Anti-Diabetic
3249,9878,Merocrit 1gm Injection,Injection,3113.55,Anti-Diabetic
3250,9879,Farobact 300mg Tablet ER,Tablet,534.82,Anti-Diabetic
3251,9880,Exfaro 300 Tablet,Tablet,535.5,Anti-Diabetic
3252,9881,Mero 1g Injection,Injection,550.94,Anti-Diabetic
3253,9882,Merosure 1gm Injection,Injection,617.1,Anti-Diabetic
3254,9883,Lupinem 500mg Injection,Injection,619.65,Anti-Diabetic
3255,9884,Faronac Tablet,Tablet,416.5,Anti-Diabetic
3256,9885,Orpenem 200 Tablet,Tablet,408,Anti-Diabetic
3257,9886,Farotive 300 ER Tablet,Tablet,484.5,Anti-Diabetic
3258,9887,Meronem 500mg Injection,Injection,1253.75,Anti-Diabetic
3259,9888,Duonem 200 Tablet,Tablet,216.07,Anti-Diabetic
3260,9889,Mero 500mg Injection,Injection,331.5,Anti-Diabetic
3261,9890,Faronac 300mg Tablet ER,Tablet,485.35,Anti-Diabetic
3262,9891,Exfaro 200 Tablet,Tablet,400.35,Anti-Diabetic
3263,9892,Merrobe 1000mg Injection,Injection,,Anti-Diabetic
3264,9893,Invanz 1gm Injection,Injection,2635,Anti-Diabetic
3265,9894,Meromac 0.5gm Injection,Injection,326.32,Anti-Diabetic
3266,9895,Zilamac 500 mg/500 mg Injection,Injection,502.35,Anti-Diabetic
3267,9896,Merotec 1000mg Injection,Injection,652.12,Anti-Diabetic
3268,9897,Mero SB Injection,Injection,,Anti-Diabetic
3269,9898,Merofic Plus 1gm Injection,Injection,2804.15,Anti-Diabetic
3270,9899,Meroza 1000mg Injection,Injection,3027.7,Anti-Diabetic
3271,9900,Meromac Plus 1000mg/500mg Injection,Injection,721.82,Anti-Diabetic
3272,9901,Merobax SB 1.5gm Injection,Injection,1162.8,Anti-Diabetic
3273,9902,Zaxter 1gm Kit,,764.15,Anti-Diabetic
3274,9903,I Nem 500mg/500mg Injection,Injection,,Anti-Diabetic
3275,9904,Azenam 1gm Injection,Injection,603.5,Anti-Diabetic
3276,9905,Faroalfa Tablet,Tablet,510,Anti-Diabetic
3277,9906,Gerta Injection,Injection,2779.5,Anti-Diabetic
3278,9907,Merobax 1000mg Injection,Injection,986,Anti-Diabetic
3279,9908,Nizonide-O Tablet,Tablet,113.42,Anti-Diabetic
3280,9909,Zenticide 600mg Tablet,Tablet,289.85,Anti-Diabetic
3281,9910,Nizonide-O Oral Suspension,Suspension,78.96,Anti-Diabetic
3282,9911,Zenflox-Plus 100mg/50mg Dry Syrup,,,Anti-Diabetic
3283,9912,Nixide O Tablet,Tablet,,Anti-Diabetic
3284,9913,Helminthex 50mg Tablet,Tablet,108.8,Anti-Diabetic
3285,9914,Zenflox NT 100 mg/50 mg Syrup,,,Anti-Diabetic
3286,9915,Oflox N 500 mg/200 mg Tablet,Tablet,,Anti-Diabetic
3287,9916,Netazox-OF Tablet,Tablet,,Anti-Diabetic
3288,9917,Zoxakind O 100 mg/50 mg Syrup,,,Anti-Diabetic
3289,9918,Nitazet O Tablet,Tablet,,Anti-Diabetic
3290,9919,Bestoflox N 100 mg/50 mg Suspension,Suspension,,Anti-Diabetic
3291,9920,Zenflox NT 500mg/200mg Tablet,Tablet,,Anti-Diabetic
3292,9921,Bonflox-N Suspension,Suspension,,Anti-Diabetic
3293,9922,Netazox-OF Suspension,Suspension,,Anti-Diabetic
3294,9923,Ornidox NT Syrup,,,Anti-Diabetic
3295,9924,Bestoflox N 500 mg/200 mg Tablet,Tablet,,Anti-Diabetic
3296,9925,Frezon 500 mg/200 mg Tablet,Tablet,,Anti-Diabetic
3297,9926,Nito Tablet,Tablet,,Anti-Diabetic
3298,9927,Nitasafe O Oral Suspension,Suspension,78.75,Anti-Diabetic
3299,9928,Nitadel Tablet,Tablet,,Anti-Diabetic
3300,9929,ON N Syrup,,,Anti-Diabetic
3301,9930,Oftil NZ Syrup,,,Anti-Diabetic
3302,9931,NORMIGYL 100MG/50MG DRY SYRUP,,,Anti-Diabetic
3303,9932,Oflokos NZ 500mg/200mg Tablet,Tablet,76.5,Anti-Diabetic
3304,9933,Toflox N Tablet,Tablet,,Anti-Diabetic
3305,9934,Inflobid NXT 500mg/200mg Tablet,Tablet,,Anti-Diabetic
3306,9935,Flagynor 500 mg/200 mg Tablet,Tablet,,Anti-Diabetic
3307,9936,Alo NT 500mg/200mg Tablet,Tablet,,Anti-Diabetic
3308,9937,Orant N Dry Syrup,,,Anti-Diabetic
3309,9938,Nitacin 500mg/200mg Tablet,Tablet,,Anti-Diabetic
3310,9939,Symbocin N 500mg/200mg Tablet,Tablet,,Anti-Diabetic
3311,9940,Nitadox-O 500mg/200mg Tablet,Tablet,,Anti-Diabetic
3312,9941,Ose N Oral Suspension,Suspension,,Anti-Diabetic
3313,9942,Emflox NT 500mg/200mg Tablet,Tablet,,Anti-Diabetic
3314,9943,PL NZ Syrup,,,Anti-Diabetic
3315,9944,Covax-NZ Tablet,Tablet,,Anti-Diabetic
3316,9945,Polka NT 500mg/200mg Tablet,Tablet,90.52,Anti-Diabetic
3317,9946,Waga-NT Syrup,,,Anti-Diabetic
3318,9947,Typhicure-NZ Dry Syrup,,,Anti-Diabetic
3319,9948,Terbinaforce Tablet,Tablet,70.35,Anti-Diabetic
3320,9949,Fluka 150 Tablet,Tablet,11.24,Anti-Diabetic
3321,9950,Terbinaforce Cream,,66.55,Anti-Diabetic
3322,9951,Forcan 150 Tablet,Tablet,11.24,Anti-Diabetic
3323,9952,Grisovin-FP Tablet,Tablet,15.12,Anti-Diabetic
3324,9953,Nuforce 150 Tablet,Tablet,18.62,Anti-Diabetic
3325,9954,Zocon 150 Tablet,Tablet,22.01,Anti-Diabetic
3326,9955,AF 150 Tablet DT,Tablet,8.81,Anti-Diabetic
3327,9956,Zocon 200 Tablet,Tablet,35.62,Anti-Diabetic
3328,9957,AF 400 Tablet,Tablet,19.55,Anti-Diabetic
3329,9958,Zimig 250mg Tablet,Tablet,239.27,Anti-Diabetic
3330,9959,Terbicip Cream,,98.61,Anti-Diabetic
3331,9960,Terbinaforce 500 Tablet,Tablet,129.59,Anti-Diabetic
3332,9961,Sebifin Tablet,Tablet,321.3,Anti-Diabetic
3333,9962,Terbest Cream,,58,Anti-Diabetic
3334,9963,Syscan 150 Capsule,Capsule,17.51,Anti-Diabetic
3335,9964,Zorbax 500mg Tablet,Tablet,102,Anti-Diabetic
3336,9965,Zimig 1% Cream,,,Anti-Diabetic
3337,9966,Tyza Tablet,Tablet,126.65,Anti-Diabetic
3338,9967,Onecan 150 Tablet,Tablet,44.96,Anti-Diabetic
3339,9968,Forcan 200 Tablet,Tablet,71.29,Anti-Diabetic
3340,9969,Gris ODT Tablet,Tablet,155.55,Anti-Diabetic
3341,9970,Terbitotal Tablet,Tablet,61.62,Anti-Diabetic
3342,9971,Fusys 150 Tablet,Tablet,67.44,Anti-Diabetic
3343,9972,Flucos 150 Tablet,Tablet,44.92,Anti-Diabetic
3344,9973,Sebifin Cream,,,Anti-Diabetic
3345,9974,Terbest Tablet,Tablet,71.4,Anti-Diabetic
3346,9975,Tyza Cream,,105,Anti-Diabetic
3347,9976,Terbicip Tablet,Tablet,147.08,Anti-Diabetic
3348,9977,Ifin 500 Tablet,Tablet,166.6,Anti-Diabetic
3349,9978,Ecovin 500 Tablet,Tablet,97.75,Anti-Diabetic
3350,9979,Griseofulvin FP  250mg Tablet,Tablet,13.78,Anti-Diabetic
3351,9980,Zocon 400 Tablet,Tablet,29.62,Anti-Diabetic
3352,9981,AF 200 Tablet,Tablet,11.05,Anti-Diabetic
3353,9982,Grisovin-FP 500mg Tablet,Tablet,34.69,Anti-Diabetic
3354,9983,Trfy 250 Tablet,Tablet,160.65,Anti-Diabetic
3355,9984,Lamifin Lotion,,230,Anti-Diabetic
3356,9985,Zocon 50 DT Tablet,Tablet,40.76,Anti-Diabetic
3357,9986,Vorier 200mg Tablet,Tablet,2143,Anti-Diabetic
3358,9987,Septran C Tablet,Tablet,2.12,Anti-Diabetic
3359,9988,Terramycin SF Capsule,Capsule,9.89,Anti-Diabetic
3360,9989,Monopas Tablet,Tablet,,Anti-Diabetic
3361,9990,Sulphadiazine 500mg Tablet,Tablet,10.97,Anti-Diabetic
3362,9991,Q-Pas Granules,,,Anti-Diabetic
3363,9992,Salphaz Tablet,Tablet,102,Anti-Diabetic
3364,9993,Mycopas Granules,,,Anti-Diabetic
3365,9994,Mycopas Tablet,Tablet,,Anti-Diabetic
3366,9995,Doxy-1 L-Dr Forte Capsule,Capsule,77.35,Anti-Diabetic
3367,9996,Doxt-SL Capsule,Capsule,77.61,Anti-Diabetic
3368,9997,Doxinate Tablet,Tablet,161.01,Anti-Diabetic
3369,9998,Doxy 1 Tablet,Tablet,73.58,Anti-Diabetic
3370,9999,Microdox-LBX Capsule,Capsule,59.07,Anti-Diabetic
3371,10000,Doxy Tablet,Tablet,59.07,Anti-Diabetic
3372,10001,Doxy T 100mg Tablet,Tablet,29.75,Anti-Diabetic
3373,10002,Doxypal DR-L Capsule,Capsule,68.85,Anti-Diabetic
3374,10003,Doxylab Capsule,Capsule,41.01,Anti-Diabetic
3375,10004,Resteclin 500 Capsule,Capsule,24.87,Anti-Diabetic
3376,10005,Doxy Plus 100mg Tablet,Tablet,49.09,Anti-Diabetic
3377,10006,Doxinate OD Tablet,Tablet,157.27,Anti-Diabetic
3378,10007,Revidox-LB Capsule,Capsule,64.51,Anti-Diabetic
3379,10008,Minicycline Capsule,Capsule,22.37,Anti-Diabetic
3380,10009,Doxt-SL Tablet,Tablet,,Anti-Diabetic
3381,10010,Doxybond-LB Capsule,Capsule,75.86,Anti-Diabetic
3382,10011,Nosic 10mg/10mg Tablet,Tablet,124.35,Anti-Diabetic
3383,10012,LB Doxy Tablet,Tablet,38.25,Anti-Diabetic
3384,10013,Minoz OD 100 Capsule MR,Capsule,391,Anti-Diabetic
3385,10014,Nixidox Capsule,Capsule,68,Anti-Diabetic
3386,10015,Lenteclin 100mg Capsule,Capsule,9.98,Anti-Diabetic
3387,10016,Doxific 100mg Injection,Injection,444.55,Anti-Diabetic
3388,10017,Minoz 100 Tablet,Tablet,352.75,Anti-Diabetic
3389,10018,Pregnidoxin NU 10mg Tablet,Tablet,121.08,Anti-Diabetic
3390,10019,Doxol LB Capsule,Capsule,55.67,Anti-Diabetic
3391,10020,Dobact Dox 100 mg/100 mg Tablet,Tablet,97.58,Anti-Diabetic
3392,10021,Doxinate -G Tablet,Tablet,78.02,Anti-Diabetic
3393,10022,Doxyplus-LB Capsule,Capsule,55.25,Anti-Diabetic
3394,10023,Doxrid 100mg Tablet,Tablet,26.35,Anti-Diabetic
3395,10024,Codox-L Capsule,Capsule,67.15,Anti-Diabetic
3396,10025,Resteclin 250 Capsule,Capsule,14.01,Anti-Diabetic
3397,10026,Codox 100mg Capsule,Capsule,23.71,Anti-Diabetic
3398,10027,Doxt -S 100 Soflets,,,Anti-Diabetic
3399,10028,Minoz ER 65 Tablet,Tablet,320.87,Anti-Diabetic
3400,10029,Microdox 100mg Capsule,Capsule,36.38,Anti-Diabetic
3401,10030,Doxy A 100mg Capsule,Capsule,12.75,Anti-Diabetic
3402,10031,Involym Capsule,Capsule,351.9,Anti-Diabetic
3403,10032,Minoz 50 Tablet,Tablet,214.62,Anti-Diabetic
3404,10033,Doxypal 100mg Capsule DR,Capsule,63.32,Anti-Diabetic
3405,10034,Damoxy Tablet,Tablet,133.07,Anti-Diabetic
3406,10035,Ornida 500mg Tablet,Tablet,86.06,Anti-Diabetic
3407,10036,Ornidazole 500mg Tablet,Tablet,33.15,Anti-Diabetic
3408,10037,ORNI 500 Tablet,Tablet,119.09,Anti-Diabetic
3409,10038,Ornigreat Gel,,56.1,Anti-Diabetic
3410,10039,Entamizole Plus 500mg Tablet,Tablet,39.23,Anti-Diabetic
3411,10040,Horn Tablet,Tablet,44.2,Anti-Diabetic
3412,10041,Clorni Gel,,75,Anti-Diabetic
3413,10042,Dazolic 500mg Tablet,Tablet,95.2,Anti-Diabetic
3414,10043,Nidazole 500mg Tablet,Tablet,37.82,Anti-Diabetic
3415,10044,Metrogyl Plus Gel,,,Anti-Diabetic
3416,10045,Ornida IV Infusion,,50.58,Anti-Diabetic
3417,10046,OZ 500mg Tablet,Tablet,38.16,Anti-Diabetic
3418,10047,Nimorazol Tablet,Tablet,110.75,Anti-Diabetic
3419,10048,Ornimax 500mg Tablet,Tablet,52.36,Anti-Diabetic
3420,10049,Oniz 500mg Tablet,Tablet,70.93,Anti-Diabetic
3421,10050,Ornol 500mg Tablet,Tablet,40.64,Anti-Diabetic
3422,10051,Ornipen 500mg Tablet,Tablet,67.15,Anti-Diabetic
3423,10052,Ornizole 500mg Tablet,Tablet,33.15,Anti-Diabetic
3424,10053,Giro 500mg Tablet,Tablet,64.43,Anti-Diabetic
3425,10054,Nidazole 500mg Infusion,,29.75,Anti-Diabetic
3426,10055,Ornigyl IV 500mg Infusion,,43.52,Anti-Diabetic
3427,10056,Azolic 500mg Tablet,Tablet,68,Anti-Diabetic
3428,10057,Onidaz 500mg Tablet,Tablet,38.25,Anti-Diabetic
3429,10058,Ninda 500mg Tablet,Tablet,42.5,Anti-Diabetic
3430,10059,Ramord 500mg Tablet,Tablet,46.75,Anti-Diabetic
3431,10060,Orbest 500mg Tablet,Tablet,40.8,Anti-Diabetic
3432,10061,Ormed 500mg Tablet,Tablet,40.8,Anti-Diabetic
3433,10062,StayHappi Ornidazole 500mg Tablet,Tablet,14.17,Anti-Diabetic
3434,10063,DAZOLIC 500 MG INFUSION,,,Anti-Diabetic
3435,10064,Dool 500mg Tablet,Tablet,40.8,Anti-Diabetic
3436,10065,Nidapar 500mg Tablet,Tablet,3.74,Anti-Diabetic
3437,10066,Ornia 500mg Tablet,Tablet,27.62,Anti-Diabetic
3438,10067,Odizole 500mg Infusion,,39.1,Anti-Diabetic
3439,10068,Orniden Infusion,,32.69,Anti-Diabetic
3440,10069,Lotromycin 500mg Tablet,Tablet,38.25,Anti-Diabetic
3441,10070,Ornikare Infusion,,110.5,Anti-Diabetic
3442,10071,Critzol 500mg Infusion,,61.62,Anti-Diabetic
3443,10072,Ornage Tablet,Tablet,52.7,Anti-Diabetic
3444,10073,Lifobid-O Infusion,,57.8,Anti-Diabetic
3445,10074,Ornizen 500mg Tablet,Tablet,41.48,Anti-Diabetic
3446,10075,Septran Tablet,Tablet,7.43,Anti-Diabetic
3447,10076,Septran DS 800mg/160mg Tablet,Tablet,19.23,Anti-Diabetic
3448,10077,Bactrim DS Tablet,Tablet,19.19,Anti-Diabetic
3449,10078,Septran Pead Suspension,Suspension,15.71,Anti-Diabetic
3450,10079,Bacstol Tablet,Tablet,67.74,Anti-Diabetic
3451,10080,Co Trimoxazole DS 800mg/160mg Tablet,Tablet,11.9,Anti-Diabetic
3452,10081,Bacstol 200 Tablet,Tablet,97.7,Anti-Diabetic
3453,10082,Sepmax DS Tablet,Tablet,12.56,Anti-Diabetic
3454,10083,Ciplin DS DS Tablet,Tablet,13.28,Anti-Diabetic
3455,10084,Bactrim Syrup,,10.02,Anti-Diabetic
3456,10085,Oriprim DS 800mg/160mg Tablet,Tablet,12.56,Anti-Diabetic
3457,10086,Bactrim Tablet,Tablet,5.3,Anti-Diabetic
3458,10087,Co Trimoxazole SS 400mg/80mg Tablet,Tablet,6.8,Anti-Diabetic
3459,10088,Ridprim DS Tablet,Tablet,27.2,Anti-Diabetic
3460,10089,Septran Paediatric Tablet,Tablet,2.12,Anti-Diabetic
3461,10090,Tabrol DS Tablet,Tablet,11.84,Anti-Diabetic
3462,10091,Kolibitor Solution for infusion,Solution,175.95,Anti-Diabetic
3463,10092,Ciplin 400mg/80mg Tablet,Tablet,,Anti-Diabetic
3464,10093,Maxtrim Suspension,Suspension,25.5,Anti-Diabetic
3465,10094,Oriprim Suspension,Suspension,11.25,Anti-Diabetic
3466,10095,Bioprim Syrup,,9.56,Anti-Diabetic
3467,10096,Tmp 300mg Tablet,Tablet,7.05,Anti-Diabetic
3468,10097,Keno 200mg Tablet,Tablet,51,Anti-Diabetic
3469,10098,Cotrizole Injection,Injection,50.07,Anti-Diabetic
3470,10099,Comax 400 mg/80 mg Tablet,Tablet,5.63,Anti-Diabetic
3471,10100,Klotrim Injection,Injection,170,Anti-Diabetic
3472,10101,Metstol 100mg Tablet,Tablet,50.15,Anti-Diabetic
3473,10102,Colizole 400mg/80mg Tablet,Tablet,5.03,Anti-Diabetic
3474,10103,Jolltrim-DS Tablet,Tablet,29.75,Anti-Diabetic
3475,10104,Fortrim 400mg/80mg Tablet,Tablet,7.48,Anti-Diabetic
3476,10105,Ciplin 200mg/40mg Suspension,Suspension,,Anti-Diabetic
3477,10106,Sepnil 400mg/80mg Tablet,Tablet,5.1,Anti-Diabetic
3478,10107,Otrim Oral Suspension,Suspension,9.57,Anti-Diabetic
3479,10108,Suprim DS Tablet,Tablet,15.47,Anti-Diabetic
3480,10109,Sulphan SS 400mg/80mg Tablet,Tablet,5.65,Anti-Diabetic
3481,10110,Ridprim-SS Tablet,Tablet,6.12,Anti-Diabetic
3482,10111,Supristol DS 800mg/160mg Tablet,Tablet,8.11,Anti-Diabetic
3483,10112,Synastat 800mg/160mg Tablet,Tablet,13.63,Anti-Diabetic
3484,10113,Wypal Suspension,Suspension,52.59,Anti-Diabetic
3485,10114,Amixide-H Tablet,Tablet,,Anti-Diabetic
3486,10115,Libotryp 12.5 mg/5 mg Tablet,Tablet,,Anti-Diabetic
3487,10116,Lumerax 80 Tablet,Tablet,131.95,Anti-Diabetic
3488,10117,Falcigo 120mg Injection,Injection,363.45,Anti-Diabetic
3489,10118,Malirid-DS Tablet,Tablet,29.85,Anti-Diabetic
3490,10119,Synriam 150/750mg Tablet,Tablet,184.87,Anti-Diabetic
3491,10120,Libotryp DS 25 mg/10 mg Tablet,Tablet,,Anti-Diabetic
3492,10121,E Mal 150mg Injection,Injection,355.72,Anti-Diabetic
3493,10122,Match 150mg Injection,Injection,87.11,Anti-Diabetic
3494,10123,Falcigo-SP Kit,,276.76,Anti-Diabetic
3495,10124,Falcigo 60mg Injection,Injection,190.89,Anti-Diabetic
3496,10125,Larinate 120mg Injection,Injection,360.4,Anti-Diabetic
3497,10126,Libotryp XL 25 Tablet,Tablet,,Anti-Diabetic
3498,10127,Amitone Plus Tablet,Tablet,,Anti-Diabetic
3499,10128,Falcigo Plus Tablet,Tablet,448.29,Anti-Diabetic
3500,10129,Amixide 10mg Tablet,Tablet,,Anti-Diabetic
3501,10130,Combither Forte 80 mg/480 mg Tablet,Tablet,123.34,Anti-Diabetic
3502,10131,Rezatrin Forte Tablet,Tablet,131.95,Anti-Diabetic
3503,10132,Aculip H 12.5 mg/5 mg Tablet,Tablet,,Anti-Diabetic
3504,10133,Arte Plus CD Tablet,Tablet,131.91,Anti-Diabetic
3505,10134,Trixide-H 25mg/10mg Tablet,Tablet,,Anti-Diabetic
3506,10135,Falcigo 50mg Tablet,Tablet,153.53,Anti-Diabetic
3507,10136,Larinate 200 Kit Tablet,Tablet,265.93,Anti-Diabetic
3508,10137,Lumet 80 Tablet,Tablet,131.9,Anti-Diabetic
3509,10138,Lumether Forte Tablet,Tablet,142.48,Anti-Diabetic
3510,10139,Lumerax 40mg/240mg Tablet,Tablet,91.9,Anti-Diabetic
3511,10140,Malirid 7.5mg Tablet,Tablet,13.8,Anti-Diabetic
3512,10141,Match Plus 80 mg/480 mg Tablet,Tablet,,Anti-Diabetic
3513,10142,Lonart DS 80mg/480mg Tablet,Tablet,115.6,Anti-Diabetic
3514,10143,Rez-Q 300 Tablet,Tablet,50.23,Anti-Diabetic
3515,10144,Rapither AB 150mg Injection,Injection,66.3,Anti-Diabetic
3516,10145,Amitryn-C Tablet,Tablet,,Anti-Diabetic
3517,10146,Aculip H 12.5mg/5mg Tablet,Tablet,,Anti-Diabetic
3518,10147,Larinate 60mg Injection,Injection,197.2,Anti-Diabetic
3519,10148,Reziz 25 mg/500 mg Tablet,Tablet,,Anti-Diabetic
3520,10149,Lumerax 60mg/360mg Tablet,Tablet,156.29,Anti-Diabetic
3521,10150,Reziz Suspension,Suspension,15.27,Anti-Diabetic
3522,10151,Trixide-H Tablet,Tablet,,Anti-Diabetic
3523,10152,Lumerax Dry Syrup,,178.87,Anti-Diabetic
3524,10153,Endoxan Tablet,Tablet,36.06,Anti-Diabetic
3525,10154,Temoside 100 Capsule,Capsule,2295.12,Anti-Diabetic
3526,10155,Endoxan N 500mg Injection,Injection,69.72,Anti-Diabetic
3527,10156,Endoxan 1000mg Injection,Injection,148.25,Anti-Diabetic
3528,10157,ENDOXAN 500 MG TABLET,Tablet,,Anti-Diabetic
3529,10158,Temoside 250 Capsule,Capsule,4781.49,Anti-Diabetic
3530,10159,Fluracil 500mg Injection,Injection,,Anti-Diabetic
3531,10160,5FU Cbc 500mg Injection,Injection,19.55,Anti-Diabetic
3532,10161,Temodal 100mg Capsule,Capsule,8627.26,Anti-Diabetic
3533,10162,Cycloxan 50mg Tablet,Tablet,32.84,Anti-Diabetic
3534,10163,Endoxan Asta 500mg Injection,Injection,61.37,Anti-Diabetic
3535,10164,Clokeran 5mg Tablet,Tablet,1861.5,Anti-Diabetic
3536,10165,Holoxan 1gm Injection,Injection,334.81,Anti-Diabetic
3537,10166,Cyclocel 500mg Injection,Injection,62.9,Anti-Diabetic
3538,10167,Temotero 100 Capsule,Capsule,6933.45,Anti-Diabetic
3539,10168,Temoside 20 Capsule,Capsule,458.95,Anti-Diabetic
3540,10169,Glioz 100mg Capsule,Capsule,9100.99,Anti-Diabetic
3541,10170,Endoxan N 1000mg Injection,Injection,217.09,Anti-Diabetic
3542,10171,Belustine 40 Capsule,Capsule,956.25,Anti-Diabetic
3543,10172,Phosmid 50mg Tablet,Tablet,28.33,Anti-Diabetic
3544,10173,Cycloxan 500mg Injection,Injection,61.13,Anti-Diabetic
3545,10174,Eldamide 50mg Tablet,Tablet,19.21,Anti-Diabetic
3546,10175,Celkeran 5mg Tablet,Tablet,1975.82,Anti-Diabetic
3547,10176,5 Flucel 500 Injection 10ml,Injection,91.37,Anti-Diabetic
3548,10177,Cysmide 50mg Tablet,Tablet,29.75,Anti-Diabetic
3549,10178,Lustine 40mg Capsule,Capsule,326.4,Anti-Diabetic
3550,10179,Temcad 100mg Capsule,Capsule,3718.75,Anti-Diabetic
3551,10180,Bendit 100mg Injection,Injection,3096.85,Anti-Diabetic
3552,10181,Cyclomet 50mg Tablet,Tablet,22.65,Anti-Diabetic
3553,10182,Alkeran 2mg Tablet,Tablet,307.97,Anti-Diabetic
3554,10183,Temodal 250mg Capsule,Capsule,19404.2,Anti-Diabetic
3555,10184,Clokeran 2 Tablet,Tablet,816,Anti-Diabetic
3556,10185,Nublast 100mg Capsule,Capsule,6467.64,Anti-Diabetic
3557,10186,Temcad 250mg Capsule,Capsule,8500,Anti-Diabetic
3558,10187,Nublast 250mg Capsule,Capsule,15300,Anti-Diabetic
3559,10188,Fluracil 250mg Injection,Injection,,Anti-Diabetic
3560,10189,Ipoget 1gm Injection,Injection,419.05,Anti-Diabetic
3561,10190,Endoxan 200mg Injection,Injection,42.32,Anti-Diabetic
3562,10191,Endoxan N 200mg Injection,Injection,56.36,Anti-Diabetic
3563,10192,Lomtin 40mg Capsule,Capsule,611.15,Anti-Diabetic
3564,10193,ACTEMRA 400 MG INJECTION,Injection,,Anti-Diabetic
3565,10194,ACTEMRA 200 MG INJECTION,Injection,,Anti-Diabetic
3566,10195,Veenat 400 Tablet,Tablet,898.45,Anti-Diabetic
3567,10196,ACTEMRA 80 MG INJECTION,Injection,,Anti-Diabetic
3568,10197,Imatib 400 Tablet,Tablet,1018.3,Anti-Diabetic
3569,10198,Cyendiv 150mg Soft Gelatin Capsule,Capsule,22087.25,Anti-Diabetic
3570,10199,Myelostat 500mg Capsule,Capsule,117.05,Anti-Diabetic
3571,10200,Imatinib 400 Tablet,Tablet,2125,Anti-Diabetic
3572,10201,Soranib Tablet,Tablet,1693,Anti-Diabetic
3573,10202,Reditux 500mg Injection,Injection,32675.41,Anti-Diabetic
3574,10203,Votrient 400mg Tablet,Tablet,14228,Anti-Diabetic
3575,10204,Cytodrox Capsule,Capsule,111.92,Anti-Diabetic
3576,10205,Kryxana 200mg Tablet,Tablet,20250,Anti-Diabetic
3577,10206,Lenvima 4mg Capsule,Capsule,9112,Anti-Diabetic
3578,10207,Cyendiv 100mg Soft Gelatin Capsule,Capsule,,Anti-Diabetic
3579,10208,Hydrea 500mg Capsule,Capsule,117.7,Anti-Diabetic
3580,10209,Geftinat 250mg Tablet,Tablet,5015,Anti-Diabetic
3581,10210,Avastin 100mg Injection,Injection,27412.5,Anti-Diabetic
3582,10211,Hydrosar Capsule,Capsule,99.52,Anti-Diabetic
3583,10212,Zelgor 250mg Tablet,Tablet,11050,Anti-Diabetic
3584,10213,Opdyta 100mg Injection,Injection,94500,Anti-Diabetic
3585,10214,Sorafenat 200mg Tablet,Tablet,7548,Anti-Diabetic
3586,10215,Glivec 400mg Tablet,Tablet,2007.82,Anti-Diabetic
3587,10216,Riborea 500mg Capsule,Capsule,102,Anti-Diabetic
3588,10217,Hydrogem 500mg Capsule,Capsule,54.4,Anti-Diabetic
3589,10218,Eleftha 440mg Injection,Injection,16995.75,Anti-Diabetic
3590,10219,Keytruda Injection,Injection,236500,Anti-Diabetic
3591,10220,Jakavi 5mg Tablet,Tablet,25571.4,Anti-Diabetic
3592,10221,Sprycel 50mg Tablet,Tablet,192238.1,Anti-Diabetic
3593,10222,Mylostat 500mg Capsule,Capsule,80.44,Anti-Diabetic
3594,10223,Mabtas RA 500mg Injection,Injection,32675.58,Anti-Diabetic
3595,10224,Abirapro 250mg Tablet,Tablet,,Anti-Diabetic
3596,10225,Vivitra 440mg Injection,Injection,53633.92,Anti-Diabetic
3597,10226,Lenvima 10mg Capsule,Capsule,22780,Anti-Diabetic
3598,10227,Imat 400 Tablet,Tablet,,Anti-Diabetic
3599,10228,Durea 500mg Capsule,Capsule,103.79,Anti-Diabetic
3600,10229,Avastin 400mg Injection,Injection,111000,Anti-Diabetic
3601,10230,Erlocip 150 Tablet,Tablet,6357.15,Anti-Diabetic
3602,10231,Avastin Injection,Injection,32373.8,Anti-Diabetic
3603,10232,Zecyte 250mg Tablet,Tablet,,Anti-Diabetic
3604,10233,Folitrax 7.5 Tablet,Tablet,103.09,Anti-Diabetic
3605,10234,Folitrax 15 Tablet,Tablet,299.68,Anti-Diabetic
3606,10235,Folitrax 10 Tablet,Tablet,108.09,Anti-Diabetic
3607,10236,Folitrax 5 Tablet,Tablet,74.53,Anti-Diabetic
3608,10237,Mext 7.5 Tablet,Tablet,103.1,Anti-Diabetic
3609,10238,Mext 7.5 F Combipack,,56.01,Anti-Diabetic
3610,10239,Folitrax 2.5 Tablet,Tablet,42.58,Anti-Diabetic
3611,10240,Flonida 5% Cream,,190.4,Anti-Diabetic
3612,10241,Folitrax 15 Injection,Injection,49.6,Anti-Diabetic
3613,10242,Folitrax 20 Tablet,Tablet,146.75,Anti-Diabetic
3614,10243,Capegard 500 Tablet,Tablet,609.54,Anti-Diabetic
3615,10244,6-MP 50mg Tablet,Tablet,61.3,Anti-Diabetic
3616,10245,Oncotrex 7.5 Tablet,Tablet,101.21,Anti-Diabetic
3617,10246,Folitrax 50 Injection,Injection,85.61,Anti-Diabetic
3618,10247,Trexjoy Gel,,254.15,Anti-Diabetic
3619,10248,Folitrax 25 Injection,Injection,42.81,Anti-Diabetic
3620,10249,Xeloda 500mg Tablet,Tablet,1195,Anti-Diabetic
3621,10250,Oncotrex 5 Tablet,Tablet,74.48,Anti-Diabetic
3622,10251,Mexate 7.5 Tablet,Tablet,41.23,Anti-Diabetic
3623,10252,Flonida 1% Cream,,86.7,Anti-Diabetic
3624,10253,Folitrax 25 Tablet,Tablet,196.26,Anti-Diabetic
3625,10254,Neotrexate Tablet,Tablet,,Anti-Diabetic
3626,10255,Folitrax 20 Injection,Injection,80.49,Anti-Diabetic
3627,10256,Mexate 10 Tablet,Tablet,43.22,Anti-Diabetic
3628,10257,Mtx 7.5mg Tablet,Tablet,82.87,Anti-Diabetic
3629,10258,Capsy 500mg Tablet,Tablet,1177.44,Anti-Diabetic
3630,10259,Cacit 500mg Tablet,Tablet,1354.05,Anti-Diabetic
3631,10260,Mext 15 Tablet,Tablet,244.37,Anti-Diabetic
3632,10261,Mexate 15 Tablet,Tablet,,Anti-Diabetic
3633,10262,Azadine Injection,Injection,3358.43,Anti-Diabetic
3634,10263,Tykerb 250mg Tablet,Tablet,12015,Anti-Diabetic
3635,10264,Mext 10 Tablet,Tablet,106.06,Anti-Diabetic
3636,10265,Imutrex 10 Tablet,Tablet,42.41,Anti-Diabetic
3637,10266,Imutrex 7.5 Tablet,Tablet,103.08,Anti-Diabetic
3638,10267,Imutrex 2.5mg Tablet,Tablet,40.07,Anti-Diabetic
3639,10268,Imusis 5mg Tablet,Tablet,74.83,Anti-Diabetic
3640,10269,Capetero 500mg Tablet,Tablet,,Anti-Diabetic
3641,10270,Luporal Capsule,Capsule,1321.32,Anti-Diabetic
3642,10271,Libset Tablet,Tablet,5095.75,Anti-Diabetic
3643,10272,Biotrexate 2.5mg Tablet,Tablet,42.07,Anti-Diabetic
3644,10273,Adriamycin 50mg Injection,Injection,743.23,Anti-Diabetic
3645,10274,Mitomycin C 40mg Injection,Injection,1908.84,Anti-Diabetic
3646,10275,Hamsyl Injection,Injection,44400,Anti-Diabetic
3647,10276,Mitomycin C 10mg Injection,Injection,358.72,Anti-Diabetic
3648,10277,Bleomycin Sulphate Injection,Injection,556.55,Anti-Diabetic
3649,10278,Mitomycin 10mg Injection,Injection,506.5,Anti-Diabetic
3650,10279,Lipodox 50mg Injection,Injection,15640,Anti-Diabetic
3651,10280,Lipodox 20mg Injection,Injection,6834,Anti-Diabetic
3652,10281,Bleocel 15IU Injection,Injection,309.64,Anti-Diabetic
3653,10282,Adrim 50mg Injection,Injection,743.23,Anti-Diabetic
3654,10283,Mitomycin 40mg Injection,Injection,2620,Anti-Diabetic
3655,10284,Adriamycin 10mg Injection,Injection,413.33,Anti-Diabetic
3656,10285,Mitomycin C 2mg Injection,Injection,146.4,Anti-Diabetic
3657,10286,Farmorubicin RD 50mg Injection,Injection,2692.8,Anti-Diabetic
3658,10287,Nitrol 20mg Injection,Injection,334.9,Anti-Diabetic
3659,10288,Pegadria 20mg Injection,Injection,2447.57,Anti-Diabetic
3660,10289,Dauneon 20mg Injection,Injection,213.31,Anti-Diabetic
3661,10290,Metodox 50mg Injection,Injection,180.11,Anti-Diabetic
3662,10291,Dacilon 0.5mg Injection,Injection,,Anti-Diabetic
3663,10292,Doxilyd 50mg Injection,Injection,445.24,Anti-Diabetic
3664,10293,Mito 10mg Injection,Injection,382.5,Anti-Diabetic
3665,10294,Daunomycin 20mg Injection,Injection,339.08,Anti-Diabetic
3666,10295,Daunotec 20mg Injection,Injection,338.83,Anti-Diabetic
3667,10296,Bleochem 15IU Injection,Injection,502.71,Anti-Diabetic
3668,10297,Zavedos 5mg Injection,Injection,6330.88,Anti-Diabetic
3669,10298,Zubidox 50mg Injection,Injection,807.5,Anti-Diabetic
3670,10299,Lippod 20mg Injection,Injection,5565.48,Anti-Diabetic
3671,10300,Epithra 100mg Injection,Injection,1628.6,Anti-Diabetic
3672,10301,Zodox 50mg Injection,Injection,743.23,Anti-Diabetic
3673,10302,Doxotero 50mg Injection,Injection,583.79,Anti-Diabetic
3674,10303,Adriamycin RTU 50mg Injection,Injection,743.23,Anti-Diabetic
3675,10304,Adrim 10mg Injection,Injection,182.14,Anti-Diabetic
3676,10305,Lippod 50mg Injection,Injection,15470,Anti-Diabetic
3677,10306,Epitero 50 Injection,Injection,831.3,Anti-Diabetic
3678,10307,Mitozan 2mg Injection,Injection,314.5,Anti-Diabetic
3679,10308,Bleocip 15IU Injection,Injection,502.71,Anti-Diabetic
3680,10309,Oncotron 2mg Injection,Injection,,Anti-Diabetic
3681,10310,Alrubicin 100mg Injection,Injection,1966.9,Anti-Diabetic
3682,10311,Actinocin 0.5mg Injection,Injection,420.75,Anti-Diabetic
3683,10312,Duxocin 10mg Injection,Injection,185.81,Anti-Diabetic
3684,10313,Alzumab 25mg Injection,Injection,6995.3,Anti-Diabetic
3685,10314,Exemptia 40mg/0.8ml Injection,Injection,21250,Anti-Diabetic
3686,10315,Plamumab 40mg Injection,Injection,13660.69,Anti-Diabetic
3687,10316,Adfrar Injection,Injection,21250,Anti-Diabetic
3688,10317,Mabura 40mg Injection,Injection,21250,Anti-Diabetic
3689,10318,Adlumab 40mg Injection,Injection,21250,Anti-Diabetic
3690,10319,Adalirel 40mg Injection,Injection,18700,Anti-Diabetic
3691,10320,Mabvinra 40mg Injection,Injection,20399.15,Anti-Diabetic
3692,10321,Envira 40mg Injection,Injection,19921.87,Anti-Diabetic
3693,10322,Exemptia 20mg/0.4ml Injection,Injection,21250,Anti-Diabetic
3694,10323,Adalimac 40mg Injection,Injection,18973.21,Anti-Diabetic
3695,10324,Adaly Injection,Injection,21165,Anti-Diabetic
3696,10325,Cipleumab 40mg Injection,Injection,15300,Anti-Diabetic
3697,10326,Letroz Tablet,Tablet,174.73,Anti-Diabetic
3698,10327,Letoval Tablet,Tablet,174.73,Anti-Diabetic
3699,10328,TAMODEX 20 MG TABLET,Tablet,27.61,Anti-Diabetic
3700,10329,Fempro Tablet,Tablet,53.55,Anti-Diabetic
3701,10330,Stimu-Let 5mg Tablet,Tablet,173.4,Anti-Diabetic
3702,10331,Calutide 50 Tablet,Tablet,441.84,Anti-Diabetic
3703,10332,Letrohope 2.5 Tablet,Tablet,90.29,Anti-Diabetic
3704,10333,Altraz Tablet,Tablet,688.5,Anti-Diabetic
3705,10334,Femistra Tablet,Tablet,228,Anti-Diabetic
3706,10335,Ovacare LZ Tablet,Tablet,157.25,Anti-Diabetic
3707,10336,Stimu-Let Tablet,Tablet,151.91,Anti-Diabetic
3708,10337,Cytotam 20 Tablet,Tablet,21.25,Anti-Diabetic
3709,10338,Nolvadex 10mg Tablet,Tablet,21.59,Anti-Diabetic
3710,10339,Femara 2.5mg Tablet,Tablet,398,Anti-Diabetic
3711,10340,Fertolet Tablet,Tablet,31,Anti-Diabetic
3712,10341,Caluran 50 CP Tablet,Tablet,944.09,Anti-Diabetic
3713,10342,Arimidex 1mg Tablet,Tablet,,Anti-Diabetic
3714,10343,Letpro 2.5mg Tablet,Tablet,136.6,Anti-Diabetic
3715,10344,Armotraz Tablet,Tablet,534.56,Anti-Diabetic
3716,10345,Stimufol 2.5mg Tablet,Tablet,137.71,Anti-Diabetic
3717,10346,Mamofen 20 Tablet,Tablet,22.95,Anti-Diabetic
3718,10347,LETROFIL 2.5 MG TABLET,Tablet,177.65,Anti-Diabetic
3719,10348,Tabi Tablet,Tablet,1091.68,Anti-Diabetic
3720,10349,Letsi 2.5mg Tablet,Tablet,148.58,Anti-Diabetic
3721,10350,Cytotam 10mg Tablet,Tablet,16.46,Anti-Diabetic
3722,10351,Xtane Tablet,Tablet,900.97,Anti-Diabetic
3723,10352,E-Ova L 2.5 Tablet,Tablet,127.62,Anti-Diabetic
3724,10353,Tamodex 10mg Tablet,Tablet,23.08,Anti-Diabetic
3725,10354,Elinal  Tablet,Tablet,377.78,Anti-Diabetic
3726,10355,Anabrez Tablet,Tablet,224.19,Anti-Diabetic
3727,10356,CCQ-L Tablet,Tablet,160.65,Anti-Diabetic
3728,10357,Pinkletro 5mg Tablet,Tablet,166.6,Anti-Diabetic
3729,10358,Goodova-L Tablet,Tablet,152.44,Anti-Diabetic
3730,10359,Tamtero 20mg Tablet,Tablet,27.07,Anti-Diabetic
3731,10360,Azel 40mg Capsule,Capsule,15368.85,Anti-Diabetic
3732,10361,Letisha Tablet,Tablet,186.09,Anti-Diabetic
3733,10362,Tamoxilon 20mg Tablet,Tablet,,Anti-Diabetic
3734,10363,Lets 2.5mg Tablet,Tablet,202.52,Anti-Diabetic
3735,10364,Oncolet 2.5mg Tablet,Tablet,,Anti-Diabetic
3736,10365,Caditam 20mg Tablet,Tablet,24.39,Anti-Diabetic
3737,10366,Megasty 160mg Tablet,Tablet,769.25,Anti-Diabetic
3738,10367,Endace 40 Tablet,Tablet,264.86,Anti-Diabetic
3739,10368,Endace 160 Tablet,Tablet,931.57,Anti-Diabetic
3740,10369,Megahenz 40 Tablet,Tablet,221,Anti-Diabetic
3741,10370,Megesta 160 Tablet,Tablet,505.75,Anti-Diabetic
3742,10371,Megahenz 160mg Tablet,Tablet,637.5,Anti-Diabetic
3743,10372,Honvan Tablet,Tablet,247.6,Anti-Diabetic
3744,10373,Megeetron 40mg Tablet,Tablet,191.25,Anti-Diabetic
3745,10374,Megeetron 160mg Tablet,Tablet,688.5,Anti-Diabetic
3746,10375,Megon Tablet,Tablet,761.6,Anti-Diabetic
3747,10376,Sargest 160mg Tablet,Tablet,527,Anti-Diabetic
3748,10377,Mhega 160mg Tablet,Tablet,786.25,Anti-Diabetic
3749,10378,Unistrol 40mg Tablet,Tablet,213.77,Anti-Diabetic
3750,10379,Megetra 160mg Tablet,Tablet,637.5,Anti-Diabetic
3751,10380,Megetra 40mg Tablet,Tablet,212.5,Anti-Diabetic
3752,10381,Oncostrol 160 Tablet,Tablet,807.5,Anti-Diabetic
3753,10382,Neostrol 160mg Tablet,Tablet,680.85,Anti-Diabetic
3754,10383,Mestrel 40mg Tablet,Tablet,244.8,Anti-Diabetic
3755,10384,Honvan MT 300mg Injection,Injection,22.82,Anti-Diabetic
3756,10385,Neukine 300mcg Injection,Injection,1302.61,Anti-Diabetic
3757,10386,Grafeel Injection,Injection,1504.03,Anti-Diabetic
3758,10387,Grastim Injection,Injection,1278.43,Anti-Diabetic
3759,10388,Pegasta Injection,Injection,8755,Anti-Diabetic
3760,10389,Peggrafeel 6mg Injection,Injection,2558.5,Anti-Diabetic
3761,10390,Pegstim Injection,Injection,3053.99,Anti-Diabetic
3762,10391,Neupogen 300mcg Injection,Injection,,Anti-Diabetic
3763,10392,Pegex 6mg Injection,Injection,2936.75,Anti-Diabetic
3764,10393,Religrast 300mcg Injection,Injection,,Anti-Diabetic
3765,10394,Lupifil 300mcg Injection,Injection,2177.89,Anti-Diabetic
3766,10395,Emgrast 300mcg Injection,Injection,2380,Anti-Diabetic
3767,10396,Granfill 300mcg Injection,Injection,340,Anti-Diabetic
3768,10397,Endokine 300mcg Injection,Injection,1185.45,Anti-Diabetic
3769,10398,Colstim Injection,Injection,1081.13,Anti-Diabetic
3770,10399,Xgrast 300mcg Injection,Injection,1912.41,Anti-Diabetic
3771,10400,Emgrast M 500mcg Injection,Injection,2615.45,Anti-Diabetic
3772,10401,Peg-ReliGrast Injection,Injection,2481.27,Anti-Diabetic
3773,10402,Lupifil P 6mg Injection,Injection,3546.2,Anti-Diabetic
3774,10403,Glenstim Peg 6mg Injection,Injection,3115.25,Anti-Diabetic
3775,10404,Neupeg 6mg Injection,Injection,5822.49,Anti-Diabetic
3776,10405,Leucomax Injection,Injection,5525,Anti-Diabetic
3777,10406,Neukine 150mcg Injection,Injection,1144.95,Anti-Diabetic
3778,10407,Filgen 300mcg Injection,Injection,2124.15,Anti-Diabetic
3779,10408,Frastim 300mcg Injection,Injection,2390.62,Anti-Diabetic
3780,10409,Zystim 300mcg Injection,Injection,1134.27,Anti-Diabetic
3781,10410,NEULASTIM 6MG INJECTION,Injection,,Anti-Diabetic
3782,10411,Fastograf 300mcg Injection,Injection,1225.98,Anti-Diabetic
3783,10412,Mozifor Injection,Injection,74200,Anti-Diabetic
3784,10413,Imupeg 6mg Injection,Injection,5936.78,Anti-Diabetic
3785,10414,Peg Frastim 6mg Injection,Injection,3413.6,Anti-Diabetic
3786,10415,Filcad 300mcg Injection,Injection,2329.32,Anti-Diabetic
3787,10416,Adfil 6mg Injection,Injection,8330,Anti-Diabetic
3788,10417,Imumax 300mcg Injection,Injection,,Anti-Diabetic
3789,10418,Macrogen 400mg Injection,Injection,1518.31,Anti-Diabetic
3790,10419,Filneon 300mcg Injection,Injection,994.5,Anti-Diabetic
3791,10420,Fillif 300mcg Injection,Injection,988.12,Anti-Diabetic
3792,10421,Nufil 300mcg Injection,Injection,,Anti-Diabetic
3793,10422,Neufil 300mcg Injection,Injection,1961.87,Anti-Diabetic
3794,10423,Fillif Peg 6mg Injection,Injection,6023.44,Anti-Diabetic
3795,10424,Ancount Injection,Injection,963.83,Anti-Diabetic
3796,10425,Azoran Tablet,Tablet,90.18,Anti-Diabetic
3797,10426,Tacroz Forte Ointment,,680,Anti-Diabetic
3798,10427,MMF Tablet,Tablet,566.1,Anti-Diabetic
3799,10428,Cellcept 500mg Tablet,Tablet,555.39,Anti-Diabetic
3800,10429,Tacroz Ointment,,276.25,Anti-Diabetic
3801,10430,Pangraf 1 Capsule,Capsule,343.7,Anti-Diabetic
3802,10431,Tacmod Forte Ointment,,420.75,Anti-Diabetic
3803,10432,Imograf Forte Ointment,,191.25,Anti-Diabetic
3804,10433,Azoran 25 Tablet,Tablet,153.68,Anti-Diabetic
3805,10434,Seromune 500 Tablet,Tablet,411.36,Anti-Diabetic
3806,10435,AZR Tablet,Tablet,90.32,Anti-Diabetic
3807,10436,Takfa Forte Ointment,,338.3,Anti-Diabetic
3808,10437,Tacvido Forte Cream,,446.25,Anti-Diabetic
3809,10438,Topgraf 0.1% Ointment,,414.29,Anti-Diabetic
3810,10439,Tecum 0.1% Ointment,,284.75,Anti-Diabetic
3811,10440,Prograf 1mg Hard Capsule,Capsule,357,Anti-Diabetic
3812,10441,Talimus Ointment,,289.85,Anti-Diabetic
3813,10442,Mycept 500 Tablet,Tablet,665.12,Anti-Diabetic
3814,10443,Pangraf 0.5 Capsule,Capsule,194.52,Anti-Diabetic
3815,10444,Myfortic 360mg Tablet,Tablet,782,Anti-Diabetic
3816,10445,Tacroz Forte XL Ointment,,850,Anti-Diabetic
3817,10446,Hhmus 0.1% Ointment,,352.75,Anti-Diabetic
3818,10447,Takfa Ointment,,122.4,Anti-Diabetic
3819,10448,Immutil Tablet,Tablet,613.7,Anti-Diabetic
3820,10449,Tacrograf 1 Capsule,Capsule,370.6,Anti-Diabetic
3821,10450,Mycept-S 360 Tablet,Tablet,510,Anti-Diabetic
3822,10451,Tacrotor 0.1% Ointment,,475.7,Anti-Diabetic
3823,10452,MMF -S Tablet,Tablet,510,Anti-Diabetic
3824,10453,Tbis 0.1% Ointment,,921.91,Anti-Diabetic
3825,10454,Mycofit 500 Tablet,Tablet,730.87,Anti-Diabetic
3826,10455,Mycofit-S 360 Tablet,Tablet,1030.2,Anti-Diabetic
3827,10456,Mofilet 500 Tablet,Tablet,730.86,Anti-Diabetic
3828,10457,Dyfira 240 Capsule DR,Capsule,3697.5,Anti-Diabetic
3829,10458,Tacvido Forte Ointment,,446.25,Anti-Diabetic
3830,10459,Tacroz Forte Solution,Solution,637.5,Anti-Diabetic
3831,10460,Tacrovera Forte Ointment,,280.5,Anti-Diabetic
3832,10461,ATZ 50 Tablet,Tablet,88.63,Anti-Diabetic
3833,10462,Relibeta Injection,Injection,5767.25,Anti-Diabetic
3834,10463,AVONEX 30 MCG INJECTION,Injection,8123.45,Anti-Diabetic
3835,10464,Betaferon 250mcg Injection,Injection,5913.87,Anti-Diabetic
3836,10465,Reliferon 3MIU Injection,Injection,502.18,Anti-Diabetic
3837,10466,Rebif 44mcg Injection,Injection,5125.5,Anti-Diabetic
3838,10467,Intalfa 3MIU Injection,Injection,550.58,Anti-Diabetic
3839,10468,Alferon 3MIU Injection,Injection,850,Anti-Diabetic
3840,10469,Pegasys 180mcg Injection,Injection,,Anti-Diabetic
3841,10470,Pegihep 80mcg Injection,Injection,11009.54,Anti-Diabetic
3842,10471,Zavinex 3MIU Injection,Injection,998.75,Anti-Diabetic
3843,10472,Roferon A 3Million IU Injection,Injection,,Anti-Diabetic
3844,10473,Intalfa 5Million IU Injection,Injection,670.89,Anti-Diabetic
3845,10474,Egliton 3MIU Injection,Injection,323.81,Anti-Diabetic
3846,10475,Pegihep 120mcg Injection,Injection,14247.61,Anti-Diabetic
3847,10476,Pegihep 100mcg Injection,Injection,13999.5,Anti-Diabetic
3848,10477,Reliferon 5Million IU Injection,Injection,564.64,Anti-Diabetic
3849,10478,Intron A 30% Solution for Injection,Injection,20850.5,Anti-Diabetic
3850,10479,Exxura 180mcg Solution for Injection,Injection,7798.75,Anti-Diabetic
3851,10480,Pegliton 80mcg Injection,Injection,8500,Anti-Diabetic
3852,10481,Shanferon 3MIU Injection,Injection,758.92,Anti-Diabetic
3853,10482,Pegvir 80mcg Injection,Injection,10625,Anti-Diabetic
3854,10483,Intron A 18MIU Multidose Pen,,12510.3,Anti-Diabetic
3855,10484,Pegvir 120mcg Injection,Injection,14166.69,Anti-Diabetic
3856,10485,Titaferon 80mcg Injection,Injection,,Anti-Diabetic
3857,10486,Egliton 5Million IU Injection,Injection,603.5,Anti-Diabetic
3858,10487,Zavinex 5Million IU Injection,Injection,1491.75,Anti-Diabetic
3859,10488,Pegvir 50mcg Injection,Injection,6135.44,Anti-Diabetic
3860,10489,Taspiance 180mcg Injection,Injection,7798.75,Anti-Diabetic
3861,10490,Teferon 80mcg Powder for Injection,Injection,3825,Anti-Diabetic
3862,10491,Taspiance 135mcg Injection,Injection,5577.62,Anti-Diabetic
3863,10492,Shanferon 5MIU Injection,Injection,1143.25,Anti-Diabetic
3864,10493,Pegasys 135mcg Injection,Injection,,Anti-Diabetic
3865,10494,Exxura 135mcg Solution for Injection,Injection,5856.5,Anti-Diabetic
3866,10495,Pegliton 50mcg Injection,Injection,6046.9,Anti-Diabetic
3867,10496,Hepcinix 50mcg Injection,Injection,8330,Anti-Diabetic
3868,10497,Teferon 120 Injection,Injection,5525,Anti-Diabetic
3869,10498,Teferon 100mcg Powder for Injection,Injection,4675,Anti-Diabetic
3870,10499,Pegintroxyl 120mcg Injection,Injection,11594.85,Anti-Diabetic
3871,10500,Viraferonpeg 120mcg Injection,Injection,15251.55,Anti-Diabetic
3872,10501,Pegihep 50mcg Injection,Injection,7771.43,Anti-Diabetic
3873,10502,Neurovin Tablet,Tablet,91.8,Anti-Diabetic
3874,10503,Posid 50mg Capsule,Capsule,483.44,Anti-Diabetic
3875,10504,COGNITOL 5 MG TABLET,Tablet,84.15,Anti-Diabetic
3876,10505,Cytocristin 1mg Injection,Injection,41.39,Anti-Diabetic
3877,10506,Taxol 100mg Injection,Injection,6864.6,Anti-Diabetic
3878,10507,Vinlon 1mg Injection,Injection,40.8,Anti-Diabetic
3879,10508,Taxonab 100mg Injection,Injection,5728.86,Anti-Diabetic
3880,10509,Cytoblastin 10mg Injection,Injection,227.67,Anti-Diabetic
3881,10510,Etosid 50mg Capsule,Capsule,323,Anti-Diabetic
3882,10511,Paclitax Nab 100mg Injection,Injection,,Anti-Diabetic
3883,10512,Genexol PM 100mg Injection,Injection,15529.92,Anti-Diabetic
3884,10513,Doceaqualip 80mg Injection,Injection,17603.5,Anti-Diabetic
3885,10514,Etopa 50mg Capsule,Capsule,404.6,Anti-Diabetic
3886,10515,Etoplast 50mg Capsule,Capsule,399.95,Anti-Diabetic
3887,10516,Daxotel 120mg Injection,Injection,13700.24,Anti-Diabetic
3888,10517,Uniblastin 10mg Injection,Injection,203.15,Anti-Diabetic
3889,10518,Cytax 260mg Injection,Injection,7413.7,Anti-Diabetic
3890,10519,Pacliall 100mg Injection,Injection,4456.46,Anti-Diabetic
3891,10520,Nanoxel 300mg Injection,Injection,12611.02,Anti-Diabetic
3892,10521,Vinpace 5mg Tablet,Tablet,64.17,Anti-Diabetic
3893,10522,Mitotax 100mg Injection,Injection,,Anti-Diabetic
3894,10523,Paclitax 260mg Injection,Injection,,Anti-Diabetic
3895,10524,Vinpocare 5 Tablet,Tablet,221,Anti-Diabetic
3896,10525,Pacliaqualip 30mg Injection,Injection,2805,Anti-Diabetic
3897,10526,Intaxel 260mg Injection,Injection,11469.47,Anti-Diabetic
3898,10527,Etosid 100mg Injection,Injection,161.5,Anti-Diabetic
3899,10528,Topside 100mg Injection,Injection,233.75,Anti-Diabetic
3900,10529,Abraxane 100mg Injection,Injection,14144,Anti-Diabetic
3901,10530,Mitotax 300mg Injection,Injection,,Anti-Diabetic
3902,10531,Bevetex 100mg Injection,Injection,10625,Anti-Diabetic
3903,10532,Nab Altaxel Injection,Injection,4583.41,Anti-Diabetic
3904,10533,Nanoxel 100mg Injection,Injection,6137.37,Anti-Diabetic
3905,10534,Etovel 500mg Capsule,Capsule,375.7,Anti-Diabetic
3906,10535,Posid 100mg Injection,Injection,111.31,Anti-Diabetic
3907,10536,Taxotere 80mg Injection,Injection,17944.35,Anti-Diabetic
3908,10537,Docetere 120mg Injection,Injection,13071.55,Anti-Diabetic
3909,10538,Lastet 50mg Capsule,Capsule,340,Anti-Diabetic
3910,10539,Nab Paclitero 100mg Injection,Injection,3928.7,Anti-Diabetic
3911,10540,Jevtana Injection,Injection,94999,Anti-Diabetic
3912,10541,Taxocare 120mg Injection,Injection,8500,Anti-Diabetic
3913,10542,Kenadion 10mg Injection,Injection,45.43,Anti-Diabetic
3914,10543,Kapilin 10mg Injection,Injection,,Anti-Diabetic
3915,10544,K-NAT Injection,Injection,31.45,Anti-Diabetic
3916,10545,Styptocid 1mg Injection,Injection,11.05,Anti-Diabetic
3917,10546,Klot 10mg Injection,Injection,5.52,Anti-Diabetic
3918,10547,Styptochrome 0.75mg Injection,Injection,16.57,Anti-Diabetic
3919,10548,Stadren 5mg Injection,Injection,30.6,Anti-Diabetic
3920,10549,Neo K 1mg Injection,Injection,25.33,Anti-Diabetic
3921,10550,Kerutin-C Injection,Injection,22.63,Anti-Diabetic
3922,10551,Stopcrome 2ml Injection,Injection,6.12,Anti-Diabetic
3923,10552,Hemolok Gel,,,Anti-Diabetic
3924,10553,Medizox PR Gel,,199,Anti-Diabetic
3925,10554,Ultracet Tablet,Tablet,,Anti-Diabetic
3926,10555,Trenaxa 500 Tablet,Tablet,92.74,Anti-Diabetic
3927,10556,Pause 500 Tablet,Tablet,154.54,Anti-Diabetic
3928,10557,Calpol T  Tablet,Tablet,,Anti-Diabetic
3929,10558,Ultracet Semi Tablet,Tablet,,Anti-Diabetic
3930,10559,Pause-MF Tablet,Tablet,357.51,Anti-Diabetic
3931,10560,Trenaxa MF Tablet,Tablet,204,Anti-Diabetic
3932,10561,Texakind-MF Tablet,Tablet,194.65,Anti-Diabetic
3933,10562,Trapic MF Tablet,Tablet,305.15,Anti-Diabetic
3934,10563,Sylate 500 Tablet,Tablet,253.55,Anti-Diabetic
3935,10564,Acuvin Tablet,Tablet,,Anti-Diabetic
3936,10565,Texakind 500mg Tablet,Tablet,106.49,Anti-Diabetic
3937,10566,Trenaxa Injection 5ml,Injection,66.46,Anti-Diabetic
3938,10567,Styptovit E 500mg Tablet,Tablet,47.22,Anti-Diabetic
3939,10568,Mega Flexon Tablet,Tablet,,Anti-Diabetic
3940,10569,Tranostat Tablet,Tablet,154.54,Anti-Diabetic
3941,10570,Ultracet 500mg/50mg Tablet,Tablet,,Anti-Diabetic
3942,10571,Trapic E Tablet,Tablet,191.25,Anti-Diabetic
3943,10572,Etosys Tablet,Tablet,159.28,Anti-Diabetic
3944,10573,Trapic 500mg Tablet,Tablet,154.55,Anti-Diabetic
3945,10574,Chromostat Tablet,Tablet,69.49,Anti-Diabetic
3946,10575,Pause 500mg Injection,Injection,65.19,Anti-Diabetic
3947,10576,Proxyvon Plus  Capsule,Capsule,,Anti-Diabetic
3948,10577,Tolydol Tablet,Tablet,,Anti-Diabetic
3949,10578,Clot-XL 500 Tablet,Tablet,161.84,Anti-Diabetic
3950,10579,Tramazac-P Tablet DT,Tablet,,Anti-Diabetic
3951,10580,Sylate T 500 mg/250 mg Tablet,Tablet,320.24,Anti-Diabetic
3952,10581,Trapic 650 Tablet,Tablet,260.95,Anti-Diabetic
3953,10582,Ultra Plus Tablet,Tablet,,Anti-Diabetic
3954,10583,Gudril Tablet,Tablet,,Anti-Diabetic
3955,10584,Ethasyl 500 Tablet,Tablet,198.05,Anti-Diabetic
3956,10585,K-Stat 500mg Tablet,Tablet,219.3,Anti-Diabetic
3957,10586,Tranlok E 500mg/250mg Tablet,Tablet,182.75,Anti-Diabetic
3958,10587,PT 325mg/37.5mg Tablet,Tablet,,Anti-Diabetic
3959,10588,Pause-XT Tablet,Tablet,366.82,Anti-Diabetic
3960,10589,Tramasure-Plus RF Tablet,Tablet,,Anti-Diabetic
3961,10590,Tamik BC Tablet,Tablet,237.7,Anti-Diabetic
3962,10591,Tranostat-MF Tablet,Tablet,154.27,Anti-Diabetic
3963,10592,Melano-TX OD Tablet SR,Tablet,211.65,Anti-Diabetic
3964,10593,Tricare Tablet,Tablet,,Anti-Diabetic
3965,10594,Leucorin Tablet,Tablet,356.29,Anti-Diabetic
3966,10595,Leucovorin Injection,Injection,212.5,Anti-Diabetic
3967,10596,Mesna Injection,Injection,28.09,Anti-Diabetic
3968,10597,Biovorin 15 Tablet,Tablet,,Anti-Diabetic
3969,10598,Mistabron 200mg Respirator Solution,Solution,173.54,Anti-Diabetic
3970,10599,Mistabron 600mg Respirator Solution,Solution,173.54,Anti-Diabetic
3971,10600,Leucovorin 15mg Injection,Injection,252.45,Anti-Diabetic
3972,10601,Covorin 50mg Injection,Injection,212.5,Anti-Diabetic
3973,10602,Leucorin 50mg Injection,Injection,304.3,Anti-Diabetic
3974,10603,Biovorin 50mg Injection,Injection,277.1,Anti-Diabetic
3975,10604,Biovorin 15mg Injection,Injection,111.01,Anti-Diabetic
3976,10605,Calcium Leucovorin 50mg Injection,Injection,,Anti-Diabetic
3977,10606,Calcium Leucovorin 15mg Injection,Injection,85.81,Anti-Diabetic
3978,10607,Mesolit Injection,Injection,75.65,Anti-Diabetic
3979,10608,Holoxan 100mg/2gm Injection,Injection,1053.44,Anti-Diabetic
3980,10609,Rasburnat Injection,Injection,7480,Anti-Diabetic
3981,10610,Lucal 50mg Injection,Injection,226.66,Anti-Diabetic
3982,10611,Uromitexan 200mg Injection,Injection,88.31,Anti-Diabetic
3983,10612,Mesbro 600mg Injection,Injection,170,Anti-Diabetic
3984,10613,Ifex M Injection,Injection,311.67,Anti-Diabetic
3985,10614,Rasby Injection,Injection,7480,Anti-Diabetic
3986,10615,Rasbelon Injection,Injection,6885,Anti-Diabetic
3987,10616,Recovorin 50mg Injection,Injection,225.78,Anti-Diabetic
3988,10617,Rasuric 1.5mg Injection,Injection,6056.25,Anti-Diabetic
3989,10618,Covorin 15mg Tablet,Tablet,660.45,Anti-Diabetic
3990,10619,Lucal 15mg Injection,Injection,80.95,Anti-Diabetic
3991,10620,Unifolin 15mg Tablet,Tablet,,Anti-Diabetic
3992,10621,Fastovorin 50mg Injection,Injection,276.25,Anti-Diabetic
3993,10622,Leutero 50mg Injection,Injection,212.5,Anti-Diabetic
3994,10623,Holoxan Uromitexan 200mg/1gm Injection,Injection,396.11,Anti-Diabetic
3995,10624,Unifolin 15mg Injection,Injection,403.75,Anti-Diabetic
3996,10625,Recovorin 15mg Injection,Injection,81.29,Anti-Diabetic
3997,10626,Chemophos 500mg Injection,Injection,1688.1,Anti-Diabetic
3998,10627,Ethyol 500mg Injection,Injection,11124.8,Anti-Diabetic
3999,10628,Neovorin Injection,Injection,57.8,Anti-Diabetic
4000,10629,Uromitexan Infusion,,27.17,Anti-Diabetic
4001,10630,Ifomid M 1G Injection,Injection,357.38,Anti-Diabetic
4002,10631,Soloxan-RD Injection,Injection,345.1,Anti-Diabetic
4003,10632,Leucowel Injection,Injection,215.05,Anti-Diabetic
4004,10633,Ceftamide M 200mg/1000mg Injection,Injection,398.65,Anti-Diabetic
4005,10634,Albumin 20% Injection,Injection,1381.25,Anti-Diabetic
4006,10635,Alburel 20gm Solution for Infusion,Solution,4678.02,Anti-Diabetic
4007,10636,Human Albumin Infusion,,4250,Anti-Diabetic
4008,10637,HUMAN ALBUMIN 20% INFUSION,,,Anti-Diabetic
4009,10638,Albucel 20% Infusion,,4308.65,Anti-Diabetic
4010,10639,Alburel-T Injection,Injection,4678.02,Anti-Diabetic
4011,10640,Human Albumin 5% Infusion,,4666.5,Anti-Diabetic
4012,10641,Flexbumin 20% Infusion,,4454,Anti-Diabetic
4013,10642,Albuprime Injection,Injection,3629.5,Anti-Diabetic
4014,10643,Expavon 6% Infusion,,508.3,Anti-Diabetic
4015,10644,Albiomin 5% Infusion,,5667.8,Anti-Diabetic
4016,10645,Albutas 20% Injection,Injection,3952.5,Anti-Diabetic
4017,10646,Albumax 20% Infusion,,5181,Anti-Diabetic
4018,10647,Buminate 20% Infusion,,1062.5,Anti-Diabetic
4019,10648,Albumin Grifols 20% Infusion,,5950,Anti-Diabetic
4020,10649,Microspan Infusion,,365.5,Anti-Diabetic
4021,10650,Alburel 5% Solution for Infusion,Solution,1285.62,Anti-Diabetic
4022,10651,Microspan D 10gm/5gm Infusion,,365.5,Anti-Diabetic
4023,10652,Hestar 200 Infusion,,334.73,Anti-Diabetic
4024,10653,Albudac 20% Injection,Injection,536.01,Anti-Diabetic
4025,10654,Alburen 20% Solution for Infusion,Solution,,Anti-Diabetic
4026,10655,Hestar 3% Infusion,,246.84,Anti-Diabetic
4027,10656,Microspan NS 10gm/0.9gm Infusion,,346.45,Anti-Diabetic
4028,10657,Albumin Gcc 20% Infusion,,4250,Anti-Diabetic
4029,10658,Albiomin 20% Infusion,,5083,Anti-Diabetic
4030,10659,Plasmanate 5% Infusion,,4495.19,Anti-Diabetic
4031,10660,Nirtran 5D 10gm/5gm Infusion,,334.69,Anti-Diabetic
4032,10661,Buminate Infusion,,3347.3,Anti-Diabetic
4033,10662,Rallidex IN NS 10gm/0.9gm Infusion,,380.8,Anti-Diabetic
4034,10663,Albubet Safe 20% Infusion,,4887.5,Anti-Diabetic
4035,10664,Zenalb 20% Injection,Injection,5015,Anti-Diabetic
4036,10665,Abiclor 20% Injection,Injection,4050.25,Anti-Diabetic
4037,10666,Albutein Infusion,,3346.87,Anti-Diabetic
4038,10667,Tetraspan 6% Infusion,,552.5,Anti-Diabetic
4039,10668,Hemalb Infusion,,3440.8,Anti-Diabetic
4040,10669,Prebumin 20% Injection,Injection,4441.25,Anti-Diabetic
4041,10670,Infusamin 20% Infusion,,3514.67,Anti-Diabetic
4042,10671,Albumina Umana Infusion,,1912.5,Anti-Diabetic
4043,10672,Eliquis 2.5mg Tablet,Tablet,616.25,Anti-Diabetic
4044,10673,Eliquis 5mg Tablet,Tablet,1232.5,Anti-Diabetic
4045,10674,Apigat 2.5 Tablet,Tablet,612,Anti-Diabetic
4046,10675,Apigat 5 Tablet,Tablet,726.75,Anti-Diabetic
4047,10676,Apixabid 2.5 Tablet,Tablet,102,Anti-Diabetic
4048,10677,Apixabid 5 Tablet,Tablet,153,Anti-Diabetic
4049,10678,RINGER LACTATE SOLUTION,Solution,,Anti-Diabetic
4050,10679,Compound Sodium Lacate Infusion,,10.62,Anti-Diabetic
4051,10680,Ringer Lactate R Injection,Injection,15.4,Anti-Diabetic
4052,10681,Nirlife RL Infusion,,42.27,Anti-Diabetic
4053,10682,DEXTROLYTE P INFUSION,,,Anti-Diabetic
4054,10683,Lifelyte Liquid,,35,Anti-Diabetic
4055,10684,Cresp 40 Injection,Injection,2124.15,Anti-Diabetic
4056,10685,Dargen 40 Injection,Injection,2129.25,Anti-Diabetic
4057,10686,Zyrop 4000 Injection,Injection,1297.52,Anti-Diabetic
4058,10687,Wepox 4000 Injection,Injection,1774.37,Anti-Diabetic
4059,10688,Eporise 4000 Injection,Injection,923.95,Anti-Diabetic
4060,10689,Vintor 4000 Injection,Injection,745.45,Anti-Diabetic
4061,10690,Zyrop 10000 Injection,Injection,2543.35,Anti-Diabetic
4062,10691,Vintor 10000IU Injection,Injection,1558.9,Anti-Diabetic
4063,10692,Darbitop 40mcg Injection,Injection,2592.5,Anti-Diabetic
4064,10693,Juvobin 40 Injection,Injection,1954.15,Anti-Diabetic
4065,10694,Renocrit 4000IU Injection,Injection,1010.85,Anti-Diabetic
4066,10695,Eposis 4000IU Injection,Injection,867,Anti-Diabetic
4067,10696,Anfoe 10000IU Injection,Injection,2040,Anti-Diabetic
4068,10697,Anfoe 4000IU Injection,Injection,1104.15,Anti-Diabetic
4069,10698,Epofit 10000IU Injection,Injection,2975,Anti-Diabetic
4070,10699,Epofit 4000IU Injection,Injection,,Anti-Diabetic
4071,10700,Renocrit 10000IU Injection,Injection,2035.08,Anti-Diabetic
4072,10701,Renocel 4000IU Injection,Injection,1258,Anti-Diabetic
4073,10702,Wepox 10000IU Injection,Injection,2469.36,Anti-Diabetic
4074,10703,Repoitin 4000 Injection,Injection,765,Anti-Diabetic
4075,10704,Relipoietin 4000IU Injection,Injection,816,Anti-Diabetic
4076,10705,Eprex 4000 Injection,Injection,1547,Anti-Diabetic
4077,10706,Erypro 4000IU Injection,Injection,789.79,Anti-Diabetic
4078,10707,Transfer 10000 Injection,Injection,2082.5,Anti-Diabetic
4079,10708,Dargen 25 Injection,Injection,1294.55,Anti-Diabetic
4080,10709,Zynesp 40 Injection,Injection,2155.94,Anti-Diabetic
4081,10710,Darba 40mcg Injection,Injection,2040,Anti-Diabetic
4082,10711,Epocept 4000IU Injection,Injection,1572.5,Anti-Diabetic
4083,10712,Cresp 25 Injection,Injection,1486.65,Anti-Diabetic
4084,10713,Espogen 4000IU Injection,Injection,1428,Anti-Diabetic
4085,10714,Renocel 10000IU Injection,Injection,2423.69,Anti-Diabetic
4086,10715,Darbotin 40 Injection,Injection,2510.05,Anti-Diabetic
4087,10716,Transfer 4000 Injection,Injection,1232.5,Anti-Diabetic
4088,10717,Darbecon 40 Injection,Injection,2124.15,Anti-Diabetic
4089,10718,Bionesp 40 Injection,Injection,2008.38,Anti-Diabetic
4090,10719,Anfoe 6000IU Injection,Injection,1700,Anti-Diabetic
4091,10720,Actorise 40 Injection,Injection,2057,Anti-Diabetic
4092,10721,Eposis 10000IU Injection,Injection,2590.48,Anti-Diabetic
4093,10722,Rpo 4000IU Injection,Injection,1258,Anti-Diabetic
4094,10723,Eporise 10000 Injection,Injection,2262.61,Anti-Diabetic
4095,10724,Folvite 5mg Tablet,Tablet,62,Anti-Diabetic
4096,10725,Vitfol 5mg Tablet,Tablet,,Anti-Diabetic
4097,10726,Folinal 5mg Tablet,Tablet,,Anti-Diabetic
4098,10727,Folicon 5mg Tablet,Tablet,,Anti-Diabetic
4099,10728,Nucarnit-F Tablet,Tablet,403.62,Anti-Diabetic
4100,10729,Folican Tablet,Tablet,,Anti-Diabetic
4101,10730,Goodvit Tablet,Tablet,,Anti-Diabetic
4102,10731,Folera Tablet,Tablet,,Anti-Diabetic
4103,10732,Folimac 5mg Tablet,Tablet,,Anti-Diabetic
4104,10733,Folistar Soft Gelatin Capsule,Capsule,,Anti-Diabetic
4105,10734,Vifol 5mg Tablet,Tablet,,Anti-Diabetic
4106,10735,Foliage Tablet,Tablet,,Anti-Diabetic
4107,10736,U-FOL 5mg Tablet,Tablet,,Anti-Diabetic
4108,10737,Foly-Act Tablet,Tablet,,Anti-Diabetic
4109,10738,Qfol 5mg Tablet,Tablet,,Anti-Diabetic
4110,10739,Folicel Tablet,Tablet,,Anti-Diabetic
4111,10740,Folistat 5mg Tablet,Tablet,,Anti-Diabetic
4112,10741,Foly 5mg Tablet,Tablet,,Anti-Diabetic
4113,10742,Folax 5mg Tablet,Tablet,,Anti-Diabetic
4114,10743,Folimet 5mg Tablet,Tablet,,Anti-Diabetic
4115,10744,Rifol 5mg Tablet,Tablet,,Anti-Diabetic
4116,10745,Folacid 5mg Tablet,Tablet,,Anti-Diabetic
4117,10746,Unifol 15 mcg/500 mcg Injection,Injection,51,Anti-Diabetic
4118,10747,Folmaa 5mg Tablet,Tablet,,Anti-Diabetic
4119,10748,Levo F 1.5mg/500mg Tablet,Tablet,101.83,Anti-Diabetic
4120,10749,Livfol 5 Tablet MD,Tablet,,Anti-Diabetic
4121,10750,Folmine 5mg Tablet,Tablet,,Anti-Diabetic
4122,10751,Alfolic 5mg Tablet,Tablet,,Anti-Diabetic
4123,10752,Vufol 5mg Tablet,Tablet,,Anti-Diabetic
4124,10753,UPF 5mg Tablet,Tablet,,Anti-Diabetic
4125,10754,L Fiza F 5mg Tablet,Tablet,,Anti-Diabetic
4126,10755,Inofol 5mg Tablet,Tablet,,Anti-Diabetic
4127,10756,Icefol 5mg Tablet,Tablet,,Anti-Diabetic
4128,10757,Hiflo 5mg Tablet,Tablet,,Anti-Diabetic
4129,10758,Folicyn 5mg Tablet,Tablet,,Anti-Diabetic
4130,10759,Ptero 5mg Tablet,Tablet,,Anti-Diabetic
4131,10760,Olik 5mg Tablet,Tablet,,Anti-Diabetic
4132,10761,Thrombophob Ointment,,109.55,Anti-Diabetic
4133,10762,Clexane 40mg Injection,Injection,361.82,Anti-Diabetic
4134,10763,Clexane 60mg Injection,Injection,532.71,Anti-Diabetic
4135,10764,Thrombophob Gel,,156,Anti-Diabetic
4136,10765,Lonopin 40mg Injection,Injection,361.82,Anti-Diabetic
4137,10766,Lmwx 40 Injection,Injection,361.68,Anti-Diabetic
4138,10767,Lmwx 60 Injection,Injection,532.49,Anti-Diabetic
4139,10768,Lupenox 40mg Injection,Injection,354.45,Anti-Diabetic
4140,10769,Enclex 60 Injection,Injection,542.72,Anti-Diabetic
4141,10770,Enclex 40 Injection,Injection,361.82,Anti-Diabetic
4142,10771,Hexilak Gel,,314.5,Anti-Diabetic
4143,10772,Heparin 25000IU Injection,Injection,160.05,Anti-Diabetic
4144,10773,Lomoh 40 Injection,Injection,,Anti-Diabetic
4145,10774,Loparin 60 Injection,Injection,318.38,Anti-Diabetic
4146,10775,Lupenox 60mg Injection,Injection,,Anti-Diabetic
4147,10776,Lomoh 60 Injection,Injection,,Anti-Diabetic
4148,10777,Loparin 40 Injection,Injection,271.38,Anti-Diabetic
4149,10778,Evaparin Injection,Injection,2890.85,Anti-Diabetic
4150,10779,Cutenox 60mg Injection,Injection,531.25,Anti-Diabetic
4151,10780,Thrombotas Ointment,,,Anti-Diabetic
4152,10781,Cutenox 40mg Injection,Injection,348.5,Anti-Diabetic
4153,10782,Heparin Sodium 5000IU Injection,Injection,59.64,Anti-Diabetic
4154,10783,Corparin 40 Injection,Injection,355.12,Anti-Diabetic
4155,10784,Lonopin 60mg Injection,Injection,542.73,Anti-Diabetic
4156,10785,Clexane 20mg Injection,Injection,368.72,Anti-Diabetic
4157,10786,Enoxarin 40 Injection,Injection,361.81,Anti-Diabetic
4158,10787,Exhep 40 Injection,Injection,,Anti-Diabetic
4159,10788,Fragmin 2500IU Injection,Injection,363.16,Anti-Diabetic
4160,10789,Fragmin 5000IU Injection,Injection,621.1,Anti-Diabetic
4161,10790,Enoxaflo 40mg/0.4ml Injection,Injection,355.15,Anti-Diabetic
4162,10791,Enoxion 40mg Injection,Injection,416.5,Anti-Diabetic
4163,10792,Phlebotroy QPS Topical Solution,Solution,,Anti-Diabetic
4164,10793,Enoxatil 40mg Injection,Injection,355.14,Anti-Diabetic
4165,10794,Hep 25 Injection,Injection,287.3,Anti-Diabetic
4166,10795,Clexane 80mg Injection,Injection,1000.12,Anti-Diabetic
4167,10796,Enoxatroy 60mg/0.6ml Injection,Injection,493.85,Anti-Diabetic
4168,10797,Lowcap 40mg Injection,Injection,355.02,Anti-Diabetic
4169,10798,Lonopin MD 300mg Injection,Injection,2922.3,Anti-Diabetic
4170,10799,Caprin 25000IU Injection,Injection,288.15,Anti-Diabetic
4171,10800,Thrombotroy QPS Solution,Solution,139,Anti-Diabetic
4172,10801,Hynidase Injection,Injection,152.87,Anti-Diabetic
4173,10802,Facidase 1500IU Injection,Injection,,Anti-Diabetic
4174,10803,Hylorase 1500IU Injection,Injection,44.2,Anti-Diabetic
4175,10804,Anvase 1500IU Injection,Injection,58.28,Anti-Diabetic
4176,10805,Omnidase 1500IU Injection,Injection,108.8,Anti-Diabetic
4177,10806,Entodase Injection,Injection,111.35,Anti-Diabetic
4178,10807,Visial 1% Injection,Injection,618.9,Anti-Diabetic
4179,10808,Desirox 500 Tablet,Tablet,1293.56,Anti-Diabetic
4180,10809,Defrijet 500 Tablet,Tablet,,Anti-Diabetic
4181,10810,Kelfer 500 Capsule,Capsule,335.71,Anti-Diabetic
4182,10811,Asunra 400mg Tablet,Tablet,702.95,Anti-Diabetic
4183,10812,Desferal 500mg Injection,Injection,,Anti-Diabetic
4184,10813,Desirox 250mg Tablet,Tablet,775.58,Anti-Diabetic
4185,10814,Defrijet 250 Tablet,Tablet,205.36,Anti-Diabetic
4186,10815,Desifer 400 Tablet,Tablet,459,Anti-Diabetic
4187,10816,Oleptiss 360mg Tablet DT,Tablet,1813.33,Anti-Diabetic
4188,10817,Asunra 100mg Tablet,Tablet,248,Anti-Diabetic
4189,10818,Kelfer 250 Capsule,Capsule,196.35,Anti-Diabetic
4190,10819,Deferglob 500mg Tablet,Tablet,357,Anti-Diabetic
4191,10820,Desifer 100 Tablet,Tablet,145.71,Anti-Diabetic
4192,10821,Deferglob 250mg Tablet,Tablet,170,Anti-Diabetic
4193,10822,Oleptiss 180mg Tablet DT,Tablet,1178.67,Anti-Diabetic
4194,10823,Oleptiss 90mg Tablet DT,Tablet,639.2,Anti-Diabetic
4195,10824,Deferataj 125mg Tablet DT,Tablet,169.15,Anti-Diabetic
4196,10825,Deferataj 500mg Tablet DT,Tablet,414.8,Anti-Diabetic
4197,10826,Deferataj 250mg Tablet DT,Tablet,244.8,Anti-Diabetic
4198,10827,Glycine Irrigation 1.5% Infusion,,100.94,Anti-Diabetic
4199,10828,SODIUM CHLORIDE INFUSION,,,Anti-Diabetic
4200,10829,Neo Hepatex Injection,Injection,26.86,Anti-Diabetic
4201,10830,WHOLE LIVER EXTRA 1%/8 G INJECTION,Injection,,Anti-Diabetic
4202,10831,Cystopen Capsule,Capsule,586.5,Anti-Diabetic
4203,10832,For-IC Capsule,Capsule,627.38,Anti-Diabetic
4204,10833,Comfora Capsule,Capsule,552.5,Anti-Diabetic
4205,10834,Ecosprin 75 Tablet,Tablet,4.13,Anti-Diabetic
4206,10835,Ecosprin Gold  20 Capsule,Capsule,113.13,Anti-Diabetic
4207,10836,Ecosprin 150 Tablet,Tablet,7.47,Anti-Diabetic
4208,10837,Deplatt A 75 Tablet,Tablet,62.52,Anti-Diabetic
4209,10838,Clopitab Tablet,Tablet,82.8,Anti-Diabetic
4210,10839,Brilinta 90mg Tablet,Tablet,357,Anti-Diabetic
4211,10840,Ecosprin Gold  10 Capsule,Capsule,83.88,Anti-Diabetic
4212,10841,Clopitab-A 75 Capsule,Capsule,70.55,Anti-Diabetic
4213,10842,Axcer  90mg Tablet,Tablet,357,Anti-Diabetic
4214,10843,Deplatt-CV  20 Capsule,Capsule,81.73,Anti-Diabetic
4215,10844,Clopilet A 75 Capsule,Capsule,41.65,Anti-Diabetic
4216,10845,Clopilet Tablet,Tablet,98.8,Anti-Diabetic
4217,10846,Deplatt Tablet,Tablet,73.52,Anti-Diabetic
4218,10847,Clopivas 75 Tablet,Tablet,71.91,Anti-Diabetic
4219,10848,Clavix-AS 75 Tablet,Tablet,54.4,Anti-Diabetic
4220,10849,Rosuva Gold 20 Capsule,Capsule,245.65,Anti-Diabetic
4221,10850,Clopivas AP 75 Tablet,Tablet,66.17,Anti-Diabetic
4222,10851,Rozagold  20 Capsule,Capsule,245.65,Anti-Diabetic
4223,10852,Deplatt A 150 Tablet,Tablet,63.62,Anti-Diabetic
4224,10853,Prax 10 Tablet,Tablet,228.82,Anti-Diabetic
4225,10854,Loprin 75 Tablet,Tablet,4.02,Anti-Diabetic
4226,10855,Rozagold  10 Capsule,Capsule,153,Anti-Diabetic
4227,10856,Roseday-Gold Capsule,Capsule,104.38,Anti-Diabetic
4228,10857,Clopitab-A 150 Capsule,Capsule,71.19,Anti-Diabetic
4229,10858,Rosumac Gold Capsule,Capsule,160.65,Anti-Diabetic
4230,10859,Deplatt-CV  Capsule,Capsule,60.26,Anti-Diabetic
4231,10860,Plavix Tablet,Tablet,90.61,Anti-Diabetic
4232,10861,Preva-AS 75 Tablet,Tablet,54.4,Anti-Diabetic
4233,10862,Asprin Tablet DT,Tablet,135.68,Anti-Diabetic
4234,10863,Rosuva Gold 10 Capsule,Capsule,153,Anti-Diabetic
4235,10864,Clavix Tablet,Tablet,96.84,Anti-Diabetic
4236,10865,Ticavic 90 Tablet,Tablet,144.5,Anti-Diabetic
4237,10866,Clopidogrel 75mg Tablet,Tablet,,Anti-Diabetic
4238,10867,Novastat Gold Tablet,Tablet,123.08,Anti-Diabetic
4239,10868,Torplat 90 Tablet,Tablet,236.81,Anti-Diabetic
4240,10869,Lipikind-Plus Capsule,Capsule,72.93,Anti-Diabetic
4241,10870,Prasita 10mg Tablet,Tablet,202.3,Anti-Diabetic
4242,10871,Vasoglor 90 Tablet,Tablet,152.15,Anti-Diabetic
4243,10872,Ticasave Tablet,Tablet,142.8,Anti-Diabetic
4244,10873,Roseday-Gold 20 Capsule,Capsule,177.65,Anti-Diabetic
4245,10874,Apronin 500000IU Injection,Injection,1185.75,Anti-Diabetic
4246,10875,Reliseal Kit,,3599.75,Anti-Diabetic
4247,10876,Aprogen 14mg Injection,Injection,252.45,Anti-Diabetic
4248,10877,Aprostat 500000IU Injection,Injection,1139,Anti-Diabetic
4249,10878,Kallistat Injection,Injection,127.5,Anti-Diabetic
4250,10879,Aprogen 1.4mg Infusion,,888.64,Anti-Diabetic
4251,10880,Aprotin 500000IU Injection,Injection,1160.25,Anti-Diabetic
4252,10881,Haemaprot 1.4mg Infusion,,1150.74,Anti-Diabetic
4253,10882,APROTEC INJECTION,Injection,,Anti-Diabetic
4254,10883,Metcerin Injection,Injection,136,Anti-Diabetic
4255,10884,Neurotol Infusion,,201.58,Anti-Diabetic
4256,10885,Linsol Infusion,,123.25,Anti-Diabetic
4257,10886,Menitol Infusion,,143.22,Anti-Diabetic
4258,10887,Retol G 10gm/10gm Injection,Injection,110.5,Anti-Diabetic
4259,10888,Mengy Injection,Injection,95.62,Anti-Diabetic
4260,10889,Neurogyl Infusion,,159.89,Anti-Diabetic
4261,10890,Glitol Injection,Injection,127.5,Anti-Diabetic
4262,10891,Fabitol G Infusion,,123.25,Anti-Diabetic
4263,10892,Penitol-G Infusion,,152.15,Anti-Diabetic
4264,10893,Saitol Infusion,,102,Anti-Diabetic
4265,10894,Meniden-I.V. Infusion,,131.75,Anti-Diabetic
4266,10895,Newtol 100ml Infusion,,135.15,Anti-Diabetic
4267,10896,Dycitol Infusion,,138.55,Anti-Diabetic
4268,10897,Manidrop-G Infusion,,187,Anti-Diabetic
4269,10898,Montinom-G 10gm/10gm Infusion,,132.6,Anti-Diabetic
4270,10899,Metol 10gm/10gm Infusion,,118.15,Anti-Diabetic
4271,10900,Revatol G 10gm/10gm Infusion,,131.75,Anti-Diabetic
4272,10901,Kratol Infusion,,96.58,Anti-Diabetic
4273,10902,Enitol G 10gm/10gm Infusion,,134.68,Anti-Diabetic
4274,10903,Neximetol-G Infusion,,263.5,Anti-Diabetic
4275,10904,Zemisol Infusion,,85,Anti-Diabetic
4276,10905,Olintol Infusion,,131.75,Anti-Diabetic
4277,10906,Menylox 10gm/10gm Infusion,,153.85,Anti-Diabetic
4278,10907,Grapitol G 10mg/10mg Infusion,,123.25,Anti-Diabetic
4279,10908,Glygest 10gm/10gm Infusion,,123.25,Anti-Diabetic
4280,10909,Gravert Infusion,,139.82,Anti-Diabetic
4281,10910,Limbitol Infusion,,126.65,Anti-Diabetic
4282,10911,Myoseize Infusion,,102.85,Anti-Diabetic
4283,10912,Siptol-G 10gm/10gm Infusion,,84.15,Anti-Diabetic
4284,10913,RL Infusion,,39.19,Anti-Diabetic
4285,10914,Fructodex Saline Infusion,,125.8,Anti-Diabetic
4286,10915,Dns Infusion,,15.03,Anti-Diabetic
4287,10916,Infutec RL Infusion,,40.54,Anti-Diabetic
4288,10917,Dns  Infusion,,40.9,Anti-Diabetic
4289,10918,Dextrose 25% Infusion,,16.02,Anti-Diabetic
4290,10919,5 D 5% Infusion,,24.96,Anti-Diabetic
4291,10920,D5 Infusion,,28.42,Anti-Diabetic
4292,10921,D5 IV Injection,Injection,31.61,Anti-Diabetic
4293,10922,D 10% Infusion,,57.8,Anti-Diabetic
4294,10923,Rallidex Infusion,,374.53,Anti-Diabetic
4295,10924,Nirlife Dextrose Injection,Injection,26.36,Anti-Diabetic
4296,10925,DEXTROSE 10% INFUSION,,,Anti-Diabetic
4297,10926,Celemix Infusion,,1407.81,Anti-Diabetic
4298,10927,Infutec DNS Infusion,,28.59,Anti-Diabetic
4299,10928,25 D Infusion,,13.54,Anti-Diabetic
4300,10929,Electrolyte P  Infusion,,93.44,Anti-Diabetic
4301,10930,Dextrose 5% Infusion,,28.43,Anti-Diabetic
4302,10931,Leclyte P Infusion,,37.81,Anti-Diabetic
4303,10932,Electrolyte M 5% Infusion,,25.23,Anti-Diabetic
4304,10933,10 D Infusion,,118.93,Anti-Diabetic
4305,10934,Salitol Tablet,Tablet,,Anti-Diabetic
4306,10935,Aculife 25% Infusion,,15.98,Anti-Diabetic
4307,10936,Gelaspan Infusion,,420.75,Anti-Diabetic
4308,10937,Dex 25% Infusion,,18.7,Anti-Diabetic
4309,10938,Nirlife DNS Infusion,,28.59,Anti-Diabetic
4310,10939,Ringer Lactate IP Poly Infusion,,30.81,Anti-Diabetic
4311,10940,Leclyte G PL Infusion,,37.81,Anti-Diabetic
4312,10941,Intasol Infusion,,153,Anti-Diabetic
4313,10942,D 5% Infusion,,15.03,Anti-Diabetic
4314,10943,IMPROLYTE INFUSION,,,Anti-Diabetic
4315,10944,Fewash 1.2% Liquid,,,Anti-Diabetic
4316,10945,Botropase Injection,Injection,113.22,Anti-Diabetic
4317,10946,Botroclot Topical Solution,Solution,109.01,Anti-Diabetic
4318,10947,Romy Injection,Injection,2965,Anti-Diabetic
4319,10948,Revolade 50mg Tablet,Tablet,14434,Anti-Diabetic
4320,10949,Revolade 25mg Tablet,Tablet,6837,Anti-Diabetic
4321,10950,Styptocid Tablet,Tablet,31.65,Anti-Diabetic
4322,10951,Clot 5mg Injection,Injection,41.65,Anti-Diabetic
4323,10952,Botroclot Forte Lotion,,752.25,Anti-Diabetic
4324,10953,Reptilase 1IU Injection,Injection,70.91,Anti-Diabetic
4325,10954,Antisnake Venom Polyvalent Injection,Injection,369.43,Anti-Diabetic
4326,10955,Anti Snake Injection,Injection,807.5,Anti-Diabetic
4327,10956,Troylase 1IU Injection,Injection,81.91,Anti-Diabetic
4328,10957,Sigmachrome 5mg Injection,Injection,29.66,Anti-Diabetic
4329,10958,Asvs Polyvalent Injection,Injection,481.35,Anti-Diabetic
4330,10959,Clotase 0.2CU Solution,Solution,82.87,Anti-Diabetic
4331,10960,Klog 40mg Injection,Injection,79.19,Anti-Diabetic
4332,10961,Haemstat 0.75mg Injection,Injection,4.16,Anti-Diabetic
4333,10962,Apricol Forte 2.5mg Injection,Injection,3.82,Anti-Diabetic
4334,10963,Stic Injection,Injection,46.75,Anti-Diabetic
4335,10964,Clotase 0.2CU Injection,Injection,85.68,Anti-Diabetic
4336,10965,Spcrome 0.75mg Injection,Injection,5.1,Anti-Diabetic
4337,10966,Klog 10mg Injection,Injection,11.05,Anti-Diabetic
4338,10967,Xychrome 10mg Injection,Injection,11.9,Anti-Diabetic
4339,10968,Obrochrome 25mg Injection,Injection,11.9,Anti-Diabetic
4340,10969,Kenadion 1mg Injection 0.5 ml,Injection,12.15,Anti-Diabetic
4341,10970,Injek 1mg Injection,Injection,13.77,Anti-Diabetic
4342,10971,K-Win 10mg Injection,Injection,43.82,Anti-Diabetic
4343,10972,Vita K 10mg Injection,Injection,12.75,Anti-Diabetic
4344,10973,Kneon 5.2mg Injection,Injection,15.3,Anti-Diabetic
4345,10974,Kenadion 1mg Tablet,Tablet,,Anti-Diabetic
4346,10975,Reokay Injection,Injection,5.52,Anti-Diabetic
4347,10976,Kip 1mg Injection,Injection,14.02,Anti-Diabetic
4348,10977,Injek 10mg Injection,Injection,165.75,Anti-Diabetic
4349,10978,Vitamik 1mg Injection,Injection,2.55,Anti-Diabetic
4350,10979,Kip 10mg Injection,Injection,38.25,Anti-Diabetic
4351,10980,Hars K 10mg Injection,Injection,9.22,Anti-Diabetic
4352,10981,Tito-K 10mg Injection,Injection,5.1,Anti-Diabetic
4353,10982,Govit-K Injection,Injection,22.53,Anti-Diabetic
4354,10983,Phyto K1 5mg Tablet,Tablet,66.28,Anti-Diabetic
4355,10984,Kvi 1mg Injection,Injection,13.6,Anti-Diabetic
4356,10985,Phyto K1 1mg Injection,Injection,69.95,Anti-Diabetic
4357,10986,Vitadione 10mg Injection,Injection,38.25,Anti-Diabetic
4358,10987,Weldion 1mg Injection,Injection,15.22,Anti-Diabetic
4359,10988,Loram-H 2.5 Tablet,Tablet,,Anti-Diabetic
4360,10989,Losa RH 2.5 mg/50 mg/12.5 mg Tablet,Tablet,,Anti-Diabetic
4361,10990,Loram-H 5 Tablet,Tablet,,Anti-Diabetic
4362,10991,Zorem Plus 5mg/50mg/12.5mg Tablet,Tablet,117.3,Anti-Diabetic
4363,10992,Ramtel H Tablet,Tablet,,Anti-Diabetic
4364,10993,Losanorm HR Tablet,Tablet,,Anti-Diabetic
4365,10994,Telipril H 5 mg Tablet,Tablet,,Anti-Diabetic
4366,10995,Teram H 40mg Tablet,Tablet,,Anti-Diabetic
4367,10996,Sartace H 2.5 mg/50 mg/12.5 mg Tablet,Tablet,,Anti-Diabetic
4368,10997,Teram H 2.5mg/40mg/12.5mg Tablet,Tablet,,Anti-Diabetic
4369,10998,Tozaar RH Tablet,Tablet,,Anti-Diabetic
4370,10999,Zorem Plus 2.5mg/50mg/12.5mg Tablet,Tablet,97.75,Anti-Diabetic
4371,11000,LR H Tablet,Tablet,,Anti-Diabetic
4372,11001,Etotan-HR Tablet,Tablet,,Anti-Diabetic
4373,11002,Coversyl Plus  Tablet,Tablet,148.75,Anti-Diabetic
4374,11003,Cardace H 5 Tablet,Tablet,186.39,Anti-Diabetic
4375,11004,Enace D 10 Tablet,Tablet,309.86,Anti-Diabetic
4376,11005,Cardace H 2.5 Tablet,Tablet,114.45,Anti-Diabetic
4377,11006,Enapril-HT Tablet,Tablet,111.35,Anti-Diabetic
4378,11007,Coversyl Plus  HD Tablet,Tablet,161.5,Anti-Diabetic
4379,11008,Ramistar-H 5  Tablet,Tablet,226.4,Anti-Diabetic
4380,11009,Envas H Tablet,Tablet,67.15,Anti-Diabetic
4381,11010,Enace D 5 Tablet,Tablet,186.69,Anti-Diabetic
4382,11011,Cardace H 10 Tablet,Tablet,224.32,Anti-Diabetic
4383,11012,Ramcor-H 5 Tablet,Tablet,109.99,Anti-Diabetic
4384,11013,Ramihart-H 5 Tablet,Tablet,98.17,Anti-Diabetic
4385,11014,Listril Plus Tablet,Tablet,95.75,Anti-Diabetic
4386,11015,Hopace-H 5 Capsule,Capsule,140.25,Anti-Diabetic
4387,11016,Ramisave CH 5 Capsule,Capsule,97.71,Anti-Diabetic
4388,11017,Ramistar-H 2.5  Tablet,Tablet,75.69,Anti-Diabetic
4389,11018,Macpril H 5 Tablet,Tablet,110.5,Anti-Diabetic
4390,11019,Ramihart-H 2.5 Tablet,Tablet,71.88,Anti-Diabetic
4391,11020,Perigard-D 4mg/1.25mg Tablet,Tablet,84.06,Anti-Diabetic
4392,11021,Lipril-H Tablet,Tablet,77.09,Anti-Diabetic
4393,11022,Ramistar-H 10 Tablet,Tablet,276.67,Anti-Diabetic
4394,11023,Ramcor-H 2.5 Tablet,Tablet,90.14,Anti-Diabetic
4395,11024,Envas H 10mg/25mg Tablet,Tablet,67.15,Anti-Diabetic
4396,11025,Hopace-H 2.5 Capsule,Capsule,88.4,Anti-Diabetic
4397,11026,Enam D 5mg/12.5mg Tablet,Tablet,23.43,Anti-Diabetic
4398,11027,Ramipres-H Tablet,Tablet,94.1,Anti-Diabetic
4399,11028,Macpril H 2.5 Tablet,Tablet,62.05,Anti-Diabetic
4400,11029,Zorem-HT 2.5 Tablet,Tablet,74.8,Anti-Diabetic
4401,11030,Ramisave H 5 Capsule,Capsule,108.13,Anti-Diabetic
4402,11031,Zorem-HT 5 Tablet,Tablet,119,Anti-Diabetic
4403,11032,Enzide 10 mg/25 mg Tablet,Tablet,27.2,Anti-Diabetic
4404,11033,Hopecard-H 5/12.5 Capsule,Capsule,88.82,Anti-Diabetic
4405,11034,EL HT 10 mg/25 mg Tablet,Tablet,31.63,Anti-Diabetic
4406,11035,Eviper D 4 mg/1.25 mg Tablet,Tablet,92.65,Anti-Diabetic
4407,11036,Rindopril D 4mg/1.25mg Tablet,Tablet,147.05,Anti-Diabetic
4408,11037,Viviril-D 10mg/25mg Tablet,Tablet,23.59,Anti-Diabetic
4409,11038,Enace D 2.5 Tablet,Tablet,78.45,Anti-Diabetic
4410,11039,Rami Race H 2.5mg/12.5mg Tablet,Tablet,57.8,Anti-Diabetic
4411,11040,Odipril-H Capsule,Capsule,42.5,Anti-Diabetic
4412,11041,Cardace 2.5 Tablet,Tablet,70.83,Anti-Diabetic
4413,11042,Envas 5 Tablet,Tablet,45.66,Anti-Diabetic
4414,11043,Cardace 5 Tablet,Tablet,111.53,Anti-Diabetic
4415,11044,Ramistar 2.5 Tablet,Tablet,70.01,Anti-Diabetic
4416,11045,Envas 2.5 Tablet,Tablet,27.46,Anti-Diabetic
4417,11046,Coversyl 4mg Tablet,Tablet,114.75,Anti-Diabetic
4418,11047,Cardace 1.25 Tablet,Tablet,68.03,Anti-Diabetic
4419,11048,Ramistar 5 Tablet,Tablet,73.04,Anti-Diabetic
4420,11049,Envas 10 Tablet,Tablet,70,Anti-Diabetic
4421,11050,Hopace 2.5 Tablet,Tablet,46.36,Anti-Diabetic
4422,11051,Enam 5 Tablet,Tablet,45.14,Anti-Diabetic
4423,11052,Ramcor 5 Capsule,Capsule,70.16,Anti-Diabetic
4424,11053,Ramcor 2.5 Capsule,Capsule,44.93,Anti-Diabetic
4425,11054,Enam 2.5 Tablet,Tablet,27.08,Anti-Diabetic
4426,11055,Lipril 5 Tablet,Tablet,127.5,Anti-Diabetic
4427,11056,Ziram 5 Tablet,Tablet,43.55,Anti-Diabetic
4428,11057,Enapril 5 Tablet,Tablet,45.7,Anti-Diabetic
4429,11058,Ramipres 5 Tablet,Tablet,74.35,Anti-Diabetic
4430,11059,Ramihart 5 Capsule,Capsule,45.36,Anti-Diabetic
4431,11060,Ramistar 1.25 Tablet,Tablet,71.65,Anti-Diabetic
4432,11061,Listril 5 Tablet,Tablet,127.21,Anti-Diabetic
4433,11062,Coversyl 2mg Tablet,Tablet,97.75,Anti-Diabetic
4434,11063,Dilvas 5 Tablet,Tablet,30.37,Anti-Diabetic
4435,11064,Ziram 2.5 Tablet,Tablet,24.14,Anti-Diabetic
4436,11065,Enapril 2.5 Tablet,Tablet,25.62,Anti-Diabetic
4437,11066,Odipril 5 Capsule,Capsule,55.25,Anti-Diabetic
4438,11067,Coversyl 8mg Tablet,Tablet,144.5,Anti-Diabetic
4439,11068,Ramipril 2.5mg Capsule,Capsule,38.25,Anti-Diabetic
4440,11069,Ramipres 2.5 Tablet,Tablet,47.14,Anti-Diabetic
4441,11070,Hopace 5 Tablet,Tablet,105.1,Anti-Diabetic
4442,11071,Envas IV 1.25mg Injection,Injection,181.9,Anti-Diabetic
4443,11072,Cardace 10 Tablet,Tablet,286.62,Anti-Diabetic
4444,11073,Macpril 5 Tablet,Tablet,74.35,Anti-Diabetic
4445,11074,Ramihart 2.5 Capsule,Capsule,35.21,Anti-Diabetic
4446,11075,Nuril 5 Tablet,Tablet,30.46,Anti-Diabetic
4447,11076,Listril 10 Tablet,Tablet,235.58,Anti-Diabetic
4448,11077,Cardace Protect 5 Tablet,Tablet,225.7,Anti-Diabetic
4449,11078,Cardace Protect 2.5 Tablet,Tablet,137.24,Anti-Diabetic
4450,11079,Stator R 5mg/10mg Tablet,Tablet,97.75,Anti-Diabetic
4451,11080,Atocor R 5mg/10mg Tablet,Tablet,96.9,Anti-Diabetic
4452,11081,Modlip R 5mg/10mg Tablet,Tablet,83.3,Anti-Diabetic
4453,11082,Modlip R 2.5mg/10mg Tablet,Tablet,59.5,Anti-Diabetic
4454,11083,Rampitor 2.5mg/10mg Tablet,Tablet,,Anti-Diabetic
4455,11084,Rampitor 5mg/10mg Tablet,Tablet,,Anti-Diabetic
4456,11085,Lifepill 2A 20 mg/5 mg Capsule,Capsule,,Anti-Diabetic
4457,11086,Lifepill 2A 5mg/10mg Capsule,Capsule,,Anti-Diabetic
4458,11087,Atocor R 2.5mg/10mg Tablet,Tablet,79.9,Anti-Diabetic
4459,11088,Alpostin 500mcg Injection,Injection,5663.79,Anti-Diabetic
4460,11089,Prostal Injection,Injection,4689.45,Anti-Diabetic
4461,11090,Prostin VR 500mcg Injection,Injection,7650,Anti-Diabetic
4462,11091,Prostin VR Paediatric Injection,Injection,,Anti-Diabetic
4463,11092,Bioglandin 500mcg Injection,Injection,4972.5,Anti-Diabetic
4464,11093,Lipaglyn Tablet,Tablet,282.54,Anti-Diabetic
4465,11094,Bilypsa Tablet,Tablet,1270.66,Anti-Diabetic
4466,11095,Ezedoc 10 Tablet,Tablet,121.46,Anti-Diabetic
4467,11096,Ezentia Tablet,Tablet,133.45,Anti-Diabetic
4468,11097,Ezetib 10mg Tablet,Tablet,50.15,Anti-Diabetic
4469,11098,Ezetimide 10mg Tablet,Tablet,59.25,Anti-Diabetic
4470,11099,Ezechol 10mg Tablet,Tablet,90.95,Anti-Diabetic
4471,11100,Mibe 10mg Tablet,Tablet,50.07,Anti-Diabetic
4472,11101,Lipezet 10mg Tablet,Tablet,104.48,Anti-Diabetic
4473,11102,Ezedoc 5mg Tablet,Tablet,72.46,Anti-Diabetic
4474,11103,Ezitrol 10mg Tablet,Tablet,102,Anti-Diabetic
4475,11104,Zeteze 10mg Tablet,Tablet,63.84,Anti-Diabetic
4476,11105,Ezzicad 10mg Tablet,Tablet,56.61,Anti-Diabetic
4477,11106,Ezee Fresh Capsule,Capsule,68,Anti-Diabetic
4478,11107,Zetica 10mg Tablet,Tablet,106.25,Anti-Diabetic
4479,11108,Etimibe 10mg Tablet,Tablet,103.79,Anti-Diabetic
4480,11109,Zetimax 10mg Tablet,Tablet,103.74,Anti-Diabetic
4481,11110,Acipicap 250mg Capsule,Capsule,59.92,Anti-Diabetic
4482,11111,Ezibloc 10mg Tablet,Tablet,102,Anti-Diabetic
4483,11112,Ezlip 10mg Tablet,Tablet,67.32,Anti-Diabetic
4484,11113,Cosanol 10mg Tablet,Tablet,,Anti-Diabetic
4485,11114,Allchol 10mg Tablet,Tablet,,Anti-Diabetic
4486,11115,Ezta 10mg Tablet,Tablet,104.02,Anti-Diabetic
4487,11116,Octolip 10mg Tablet,Tablet,,Anti-Diabetic
4488,11117,Heartfelt 20mg Tablet,Tablet,,Anti-Diabetic
4489,11118,Heartfelt 10mg Tablet,Tablet,,Anti-Diabetic
4490,11119,Zeticure 10 Tablet,Tablet,76.5,Anti-Diabetic
4491,11120,Loram  2.5 Tablet,Tablet,125.76,Anti-Diabetic
4492,11121,Loram  5 Tablet,Tablet,129.41,Anti-Diabetic
4493,11122,Telma-R 5 Tablet,Tablet,157.25,Anti-Diabetic
4494,11123,Telma-R 2.5 Tablet,Tablet,136,Anti-Diabetic
4495,11124,LR 2.5 mg/50 mg Tablet,Tablet,48.87,Anti-Diabetic
4496,11125,LR Tablet,Tablet,65.25,Anti-Diabetic
4497,11126,Tozaar R Tablet,Tablet,65.45,Anti-Diabetic
4498,11127,ENVAS-RB 5MG/25MG TABLET,Tablet,,Anti-Diabetic
4499,11128,Covarace 2.5 mg/50 mg Tablet,Tablet,60.06,Anti-Diabetic
4500,11129,Tazloc R Tablet,Tablet,89.04,Anti-Diabetic
4501,11130,Zorem LT 2.5mg/50mg Tablet,Tablet,57.8,Anti-Diabetic
4502,11131,Tozaar R 5mg/50mg Tablet,Tablet,82.87,Anti-Diabetic
4503,11132,Arbitel R 40 mg/5 mg Tablet,Tablet,69.27,Anti-Diabetic
4504,11133,Telista RM Tablet,Tablet,73.86,Anti-Diabetic
4505,11134,Cresar R 40mg/2.5mg Tablet,Tablet,52.56,Anti-Diabetic
4506,11135,Telista RM 40mg/5mg Tablet,Tablet,90.36,Anti-Diabetic
4507,11136,Etotan-R 2.5mg/50mg Tablet,Tablet,50.15,Anti-Diabetic
4508,11137,Ramitan 2.5mg/50mg Tablet,Tablet,86.21,Anti-Diabetic
4509,11138,VALENT R  TABLET 80 MG/2.5 MG,Tablet,,Anti-Diabetic
4510,11139,ARBITACE 25MG TABLET,Tablet,,Anti-Diabetic
4511,11140,Forticard 5mg/50mg Tablet,Tablet,64.37,Anti-Diabetic
4512,11141,Losapril 5 mg/25 mg Tablet,Tablet,31.37,Anti-Diabetic
4513,11142,Covarace 5 mg/50 mg Tablet,Tablet,68.65,Anti-Diabetic
4514,11143,Revas R 5mg/50mg Tablet,Tablet,,Anti-Diabetic
4515,11144,Telipril 5 mg Tablet,Tablet,,Anti-Diabetic
4516,11145,LR 1.25mg/25 mg Tablet,Tablet,60.05,Anti-Diabetic
4517,11146,Elram Tablet,Tablet,43.56,Anti-Diabetic
4518,11147,Arbitel R 40 mg/2.5 mg Tablet,Tablet,64.6,Anti-Diabetic
4519,11148,Adpace 4 mg/50 mg Tablet,Tablet,118.54,Anti-Diabetic
4520,11149,TELSARTAN R 5MG TABLET,Tablet,,Anti-Diabetic
4521,11150,VALENT R  TABLET 80 MG/5 MG,Tablet,,Anti-Diabetic
4522,11151,TELIPRIL 2.5 MG TABLET,Tablet,,Anti-Diabetic
4523,11152,Telminorm R Tablet,Tablet,,Anti-Diabetic
4524,11153,Ramitan 5mg/50mg Tablet,Tablet,123.25,Anti-Diabetic
4525,11154,TERAM 5MG TABLET,Tablet,,Anti-Diabetic
4526,11155,Telmisat R 40mg/5mg Tablet,Tablet,83.74,Anti-Diabetic
4527,11156,Sartel R 40mg/5mg Tablet,Tablet,81.6,Anti-Diabetic
4528,11157,Arbace 40 mg/5 mg Tablet,Tablet,84.46,Anti-Diabetic
4529,11158,Zorem LT 5 mg/50 mg Tablet,Tablet,,Anti-Diabetic
4530,11159,LR 5 MG/50 MG TABLET,Tablet,,Anti-Diabetic
4531,11160,Metosartan 50 Tablet ER,Tablet,159.37,Anti-Diabetic
4532,11161,Metosartan 25 Tablet ER,Tablet,132.17,Anti-Diabetic
4533,11162,Tazloc-Beta 50  Tablet PR,Tablet,134.09,Anti-Diabetic
4534,11163,Telmikind Beta 50 Tablet ER,Tablet,99.36,Anti-Diabetic
4535,11164,Telvas Beta 50 Tablet ER,Tablet,91.8,Anti-Diabetic
4536,11165,Telmikind Beta 40mg/25mg Tablet ER,Tablet,82.75,Anti-Diabetic
4537,11166,Tazloc-Beta 25 Tablet PR,Tablet,119.64,Anti-Diabetic
4538,11167,Telvas Beta 25 Tablet ER,Tablet,70.55,Anti-Diabetic
4539,11168,Nebicard T Tablet,Tablet,150.62,Anti-Diabetic
4540,11169,Telma-Beta 50 Tablet ER,Tablet,175.95,Anti-Diabetic
4541,11170,Olmezest Beta 25 Tablet ER,Tablet,131.75,Anti-Diabetic
4542,11171,Olmezest Beta 50 Tablet ER,Tablet,142.8,Anti-Diabetic
4543,11172,Telma-Beta 25 Tablet ER,Tablet,143.22,Anti-Diabetic
4544,11173,Telsar Beta 50 Tablet ER,Tablet,173.15,Anti-Diabetic
4545,11174,Telista MT 50 Tablet SR,Tablet,260.1,Anti-Diabetic
4546,11175,Met XL-T 25 Tablet,Tablet,154.27,Anti-Diabetic
4547,11176,Telsar Beta 25 Tablet ER,Tablet,133.41,Anti-Diabetic
4548,11177,Met XL-T 50 Tablet,Tablet,167.02,Anti-Diabetic
4549,11178,Sartel-Beta 50 Tablet ER,Tablet,215.05,Anti-Diabetic
4550,11179,Telmed Beta 50 Tablet,Tablet,147.47,Anti-Diabetic
4551,11180,Embeta-TM 50 Tablet ER,Tablet,215.05,Anti-Diabetic
4552,11181,Arbitel-MT 50 Tablet ER,Tablet,91.8,Anti-Diabetic
4553,11182,Telmaxx 50 Tablet ER,Tablet,175.95,Anti-Diabetic
4554,11183,Telma-NB Tablet,Tablet,128.35,Anti-Diabetic
4555,11184,Telpres-MT 50 Tablet ER,Tablet,267.49,Anti-Diabetic
4556,11185,Tellzy-MT 50 Tablet ER,Tablet,263.2,Anti-Diabetic
4557,11186,Telmaxx 25 Tablet ER,Tablet,143.22,Anti-Diabetic
4558,11187,Cortel M 50 Tablet ER,Tablet,112,Anti-Diabetic
4559,11188,Newtel-Beta 50 Tablet PR,Tablet,55.25,Anti-Diabetic
4560,11189,Olmesar-M 50 Tablet ER,Tablet,129.2,Anti-Diabetic
4561,11190,Arbitel-MT 25 Tablet ER,Tablet,83.3,Anti-Diabetic
4562,11191,Tellzy-MT 25 Tablet ER,Tablet,206.17,Anti-Diabetic
4563,11192,Metpure-Tel 40 Tablet ER,Tablet,135.45,Anti-Diabetic
4564,11193,Losar-Beta Tablet,Tablet,117.85,Anti-Diabetic
4565,11194,Telmed Beta 25 Tablet ER,Tablet,109.65,Anti-Diabetic
4566,11195,Newtel-Beta 25 Tablet PR,Tablet,42.5,Anti-Diabetic
4567,11196,Metolar TL 50 Tablet,Tablet,127.28,Anti-Diabetic
4568,11197,Macsart Beta 50 Tablet ER,Tablet,116.36,Anti-Diabetic
4569,11198,Telma-AM Tablet,Tablet,199.32,Anti-Diabetic
4570,11199,Telmikind-AM Tablet,Tablet,48.71,Anti-Diabetic
4571,11200,Cilacar  T Tablet,Tablet,104.74,Anti-Diabetic
4572,11201,Telvas-AM Tablet,Tablet,59.29,Anti-Diabetic
4573,11202,Tazloc-AM Tablet,Tablet,99.45,Anti-Diabetic
4574,11203,Eritel LN 40 Tablet,Tablet,142.55,Anti-Diabetic
4575,11204,Stamlo-T Tablet,Tablet,132.77,Anti-Diabetic
4576,11205,Amlokind-L Tablet,Tablet,49.16,Anti-Diabetic
4577,11206,Telplus Tablet,Tablet,75.65,Anti-Diabetic
4578,11207,Cresar AM Tablet,Tablet,85.69,Anti-Diabetic
4579,11208,Cilaheart-T Tablet,Tablet,82.79,Anti-Diabetic
4580,11209,Telista-AM Tablet,Tablet,184.75,Anti-Diabetic
4581,11210,Cetanil T Tablet,Tablet,154.44,Anti-Diabetic
4582,11211,Telma-LN 40 Tablet,Tablet,164.9,Anti-Diabetic
4583,11212,Amlopres TL Tablet,Tablet,85.69,Anti-Diabetic
4584,11213,Olmezest AM Tablet,Tablet,112.2,Anti-Diabetic
4585,11214,Losar-A Tablet,Tablet,175.7,Anti-Diabetic
4586,11215,Tellzy-AM Tablet,Tablet,192.27,Anti-Diabetic
4587,11216,Sartel AM Tablet,Tablet,160.65,Anti-Diabetic
4588,11217,Telsartan-AM Tablet,Tablet,135.57,Anti-Diabetic
4589,11218,Olmesar A Tablet,Tablet,180.2,Anti-Diabetic
4590,11219,Amlozaar Tablet,Tablet,119,Anti-Diabetic
4591,11220,Arbitel-AM Tablet,Tablet,112.2,Anti-Diabetic
4592,11221,Eritel-AM Tablet,Tablet,166.31,Anti-Diabetic
4593,11222,Amlosafe TM 40 Tablet,Tablet,59.29,Anti-Diabetic
4594,11223,Macsart AM Tablet,Tablet,43.48,Anti-Diabetic
4595,11224,Dilnip-T 10mg/40mg Tablet,Tablet,111.22,Anti-Diabetic
4596,11225,Telmed AM Tablet,Tablet,105.4,Anti-Diabetic
4597,11226,Olmetime-AM 20 Tablet,Tablet,56.01,Anti-Diabetic
4598,11227,Nexovas T Tablet,Tablet,79.9,Anti-Diabetic
4599,11228,Telvas-LN 40 Tablet,Tablet,72.25,Anti-Diabetic
4600,11229,Sartel-LN Tablet,Tablet,104.55,Anti-Diabetic
4601,11230,Telma 80-AM Tablet,Tablet,295.37,Anti-Diabetic
4602,11231,Cortel-A Tablet,Tablet,72.12,Anti-Diabetic
4603,11232,Olmesar A 40 Tablet,Tablet,240.55,Anti-Diabetic
4604,11233,Olmezest AM 40 Tablet,Tablet,173.4,Anti-Diabetic
4605,11234,Ozotel-AM Tablet,Tablet,18.7,Anti-Diabetic
4606,11235,Telista CL Tablet,Tablet,111.22,Anti-Diabetic
4607,11236,Telmiduce AM 40mg/5mg Tablet,Tablet,43.48,Anti-Diabetic
4608,11237,Telvas 3D Tablet,Tablet,72.25,Anti-Diabetic
4609,11238,Telma-AM H 40 Tablet,Tablet,198.05,Anti-Diabetic
4610,11239,Telmikind-AMH Tablet,Tablet,68.44,Anti-Diabetic
4611,11240,Tazloc Trio 40 Tablet,Tablet,110.5,Anti-Diabetic
4612,11241,Triolmezest 40 Tablet,Tablet,178.08,Anti-Diabetic
4613,11242,Amlosafe 3D Tablet,Tablet,50.58,Anti-Diabetic
4614,11243,Triolmesar 40 Tablet,Tablet,184.87,Anti-Diabetic
4615,11244,Telmikind-Trio 6.25 Tablet,Tablet,70.12,Anti-Diabetic
4616,11245,Telplus-Trio Tablet,Tablet,102,Anti-Diabetic
4617,11246,Triolmesar 20 Tablet,Tablet,126.22,Anti-Diabetic
4618,11247,Olmin Trio Tablet,Tablet,123.78,Anti-Diabetic
4619,11248,Amlozaar-H Tablet,Tablet,111.35,Anti-Diabetic
4620,11249,Triolmezest Tablet,Tablet,124.95,Anti-Diabetic
4621,11250,Olkem Trio 6.25 Tablet,Tablet,121.97,Anti-Diabetic
4622,11251,Trimacsart Tablet,Tablet,100.72,Anti-Diabetic
4623,11252,CTD-T AM 6.25/40/5 Tablet,Tablet,90.23,Anti-Diabetic
4624,11253,Nulong-Trio Tablet,Tablet,110.5,Anti-Diabetic
4625,11254,Dilnip-Trio Tablet,Tablet,147.43,Anti-Diabetic
4626,11255,Olmin Trio 40 Tablet,Tablet,174.42,Anti-Diabetic
4627,11256,Cortel Trio Tablet,Tablet,76.36,Anti-Diabetic
4628,11257,Ozotel-AMH Tablet,Tablet,30.86,Anti-Diabetic
4629,11258,Tsart Trio 6.25 Tablet,Tablet,136.42,Anti-Diabetic
4630,11259,Sartel Trio Tablet,Tablet,125.8,Anti-Diabetic
4631,11260,Telma-AM H 80 Tablet,Tablet,297.93,Anti-Diabetic
4632,11261,Cilacar TC 12.5 Tablet,Tablet,142.66,Anti-Diabetic
4633,11262,Nexovas O Tablet,Tablet,120.61,Anti-Diabetic
4634,11263,Olkem Trio 12.5 Tablet,Tablet,136.42,Anti-Diabetic
4635,11264,Olkem Trio 40 Tablet,Tablet,197.62,Anti-Diabetic
4636,11265,Tazloc Trio 80 Tablet,Tablet,159.8,Anti-Diabetic
4637,11266,Tritelsar 40 Tablet,Tablet,87.34,Anti-Diabetic
4638,11267,Triolmighty 40 Tablet,Tablet,102.85,Anti-Diabetic
4639,11268,Eritel-CH 40 Trio Tablet,Tablet,160.36,Anti-Diabetic
4640,11269,Olmetime-AMH 20 Tablet,Tablet,74.71,Anti-Diabetic
4641,11270,CTD-T AM 12.5/40/5 Tablet,Tablet,91.59,Anti-Diabetic
4642,11271,Telvas 3D 80 Tablet,Tablet,107.1,Anti-Diabetic
4643,11272,Tsart Trio 12.5 Tablet,Tablet,146.62,Anti-Diabetic
4644,11273,Cilacar TC 6.25 Tablet,Tablet,136.46,Anti-Diabetic
4645,11274,Telmed-AH Tablet,Tablet,121.12,Anti-Diabetic
4646,11275,Eritel-Trio Tablet,Tablet,167.66,Anti-Diabetic
4647,11276,Telsartan Trio Tablet,Tablet,276.29,Anti-Diabetic
4648,11277,Sorbitrate 10 Tablet,Tablet,34.75,Anti-Diabetic
4649,11278,Myonit SR 2.6 Tablet,Tablet,180.2,Anti-Diabetic
4650,11279,Monotrate 20 Tablet,Tablet,31.13,Anti-Diabetic
4651,11280,Isordil 5 Sublingual tablet,Tablet,7.14,Anti-Diabetic
4652,11281,Nitrogesic Rectal Ointment,,91.8,Anti-Diabetic
4653,11282,Ismo 20 Tablet,Tablet,93.39,Anti-Diabetic
4654,11283,Monit 30 SR Tablet,Tablet,66.83,Anti-Diabetic
4655,11284,Monotrate 10 Tablet,Tablet,18.59,Anti-Diabetic
4656,11285,Monosprin 30 Capsule SR,Capsule,15.09,Anti-Diabetic
4657,11286,Nitro 2.6 Tablet CR,Tablet,160.65,Anti-Diabetic
4658,11287,Ismo 10 Tablet,Tablet,55.8,Anti-Diabetic
4659,11288,Nitrofix SR 30 Tablet,Tablet,46.45,Anti-Diabetic
4660,11289,Angiwell 2.6mg Tablet,Tablet,138.85,Anti-Diabetic
4661,11290,Nitrocontin 6.4 Tablet CR,Tablet,283.05,Anti-Diabetic
4662,11291,Monotrate SR 30 Tablet,Tablet,46.42,Anti-Diabetic
4663,11292,Isordil 10 Tablet,Tablet,6.95,Anti-Diabetic
4664,11293,Isonorm 30 SR Tablet,Tablet,37.47,Anti-Diabetic
4665,11294,Vasoprin 60 mg/75 mg Tablet,Tablet,36.12,Anti-Diabetic
4666,11295,Ntg 5mg Injection,Injection,32.19,Anti-Diabetic
4667,11296,Angispan-TR 6.5mg Capsule,Capsule,195.07,Anti-Diabetic
4668,11297,Ismo Retard Tablet ER,Tablet,81.68,Anti-Diabetic
4669,11298,New GTN 2.6 Tablet CR,Tablet,159.88,Anti-Diabetic
4670,11299,Angised 0.5mg Tablet,Tablet,52.17,Anti-Diabetic
4671,11300,Angistat 2.5 Capsule TR,Capsule,119.85,Anti-Diabetic
4672,11301,Imdur 60mg Tablet PR,Tablet,173.15,Anti-Diabetic
4673,11302,Myovin Rectal Ointment,,28.9,Anti-Diabetic
4674,11303,Muzika 20mg/37.5mg Tablet,Tablet,67.15,Anti-Diabetic
4675,11304,Nitrolong 6.4 Tablet CR,Tablet,189.34,Anti-Diabetic
4676,11305,GTN Sorbitrate -CR 6.4 Tablet,Tablet,236.89,Anti-Diabetic
4677,11306,Monit GTN 6.4 Tablet CR,Tablet,184.45,Anti-Diabetic
4678,11307,Sorbitrate 5 Tablet,Tablet,35.7,Anti-Diabetic
4679,11308,Nitrocontin 2.6 Tablet CR,Tablet,218.45,Anti-Diabetic
4680,11309,Angispan - TR 2.5mg Capsule,Capsule,153.42,Anti-Diabetic
4681,11310,Nitrolong 2.6 Tablet CR,Tablet,141.86,Anti-Diabetic
4682,11311,Imdur 30mg Tablet PR,Tablet,133.11,Anti-Diabetic
4683,11312,Isolazine Tablet,Tablet,73.95,Anti-Diabetic
4684,11313,Monit GTN 2.6 Tablet CR,Tablet,161.5,Anti-Diabetic
4685,11314,GTN Sorbitrate CR 2.6 Tablet,Tablet,160.65,Anti-Diabetic
4686,11315,Angiplat 2.5 Capsule TR,Capsule,130.05,Anti-Diabetic
4687,11316,Topinate Cream,,55.25,Anti-Diabetic
4688,11317,Clonate Ointment,,177.65,Anti-Diabetic
4689,11318,Flucort Skin Lotion,,108.8,Anti-Diabetic
4690,11319,Turbocort Oromucosal Paste,,82.87,Anti-Diabetic
4691,11320,Halovate Cream,,219.3,Anti-Diabetic
4692,11321,Atonide Gel,,97.75,Anti-Diabetic
4693,11322,Desowen Lotion,,170.85,Anti-Diabetic
4694,11323,Clonate Lotion,,126.65,Anti-Diabetic
4695,11324,Halovate S Ointment,,218.87,Anti-Diabetic
4696,11325,Kenacort 10mg Injection,Injection,55.25,Anti-Diabetic
4697,11326,Tenovate Ointment,,69.87,Anti-Diabetic
4698,11327,Dosetil Cream,,86.7,Anti-Diabetic
4699,11328,Clobet Cream,,28.83,Anti-Diabetic
4700,11329,Halox S Ointment,,229.5,Anti-Diabetic
4701,11330,Lobate S Ointment,,141.1,Anti-Diabetic
4702,11331,Zincoderm Cream,,71.82,Anti-Diabetic
4703,11332,Halox Cream,,182.75,Anti-Diabetic
4704,11333,Clovate Cream,,63.75,Anti-Diabetic
4705,11334,Cosvate Cream,,104.93,Anti-Diabetic
4706,11335,Lozivate-MF Ointment,,106.25,Anti-Diabetic
4707,11336,Dosetil Lotion,,119,Anti-Diabetic
4708,11337,Halox Lotion,,203.15,Anti-Diabetic
4709,11338,Niosol Ointment,,131.75,Anti-Diabetic
4710,11339,Powercort-S 3% Ointment,,89.25,Anti-Diabetic
4711,11340,Desosoft Cream,,89.25,Anti-Diabetic
4712,11341,Topinate Gel,,73.95,Anti-Diabetic
4713,11342,Hairmax Forte Solution,Solution,623,Anti-Diabetic
4714,11343,Plermin Gel,,1861.5,Anti-Diabetic
4715,11344,Trigaine Forte Lotion,,567,Anti-Diabetic
4716,11345,Acrotac 25mg Capsule,Capsule,1297.1,Anti-Diabetic
4717,11346,Actoid 25mg Capsule,Capsule,510,Anti-Diabetic
4718,11347,Acrotac 10mg Capsule,Capsule,673.2,Anti-Diabetic
4719,11348,Aceret 25 Capsule,Capsule,509.15,Anti-Diabetic
4720,11349,Acipsor 25mg Capsule,Capsule,501.5,Anti-Diabetic
4721,11350,Actoid 10 Capsule,Capsule,306,Anti-Diabetic
4722,11351,Acitrin 25mg Capsule,Capsule,522.48,Anti-Diabetic
4723,11352,Acipsor 10mg Capsule,Capsule,247.35,Anti-Diabetic
4724,11353,Acitrin 10mg Capsule,Capsule,304.78,Anti-Diabetic
4725,11354,Aceret 10mg Capsule,Capsule,600.71,Anti-Diabetic
4726,11355,Soretin 10mg Capsule,Capsule,746.3,Anti-Diabetic
4727,11356,Psotretin 25mg Tablet,Tablet,467.5,Anti-Diabetic
4728,11357,A Tret 10mg Capsule,Capsule,229.5,Anti-Diabetic
4729,11358,Glacitret 25mg Capsule,Capsule,420.75,Anti-Diabetic
4730,11359,Acetec 25mg Capsule,Capsule,587.35,Anti-Diabetic
4731,11360,Acetroin 25mg Tablet,Tablet,531.25,Anti-Diabetic
4732,11361,Tretoact 25 Capsule,Capsule,467.5,Anti-Diabetic
4733,11362,A Tret 25mg Capsule,Capsule,,Anti-Diabetic
4734,11363,Zoratame 25mg Capsule,Capsule,510,Anti-Diabetic
4735,11364,Sorid 10mg Capsule,Capsule,304.7,Anti-Diabetic
4736,11365,Acetroin 10mg Tablet,Tablet,276.25,Anti-Diabetic
4737,11366,Sentrane 25mg Capsule,Capsule,350.2,Anti-Diabetic
4738,11367,Soretin 25mg Capsule,Capsule,746.3,Anti-Diabetic
4739,11368,Acitrin 20mg Capsule,Capsule,536.19,Anti-Diabetic
4740,11369,Zoratame 10mg Capsule,Capsule,297.5,Anti-Diabetic
4741,11370,Benzac AC 2.5% Gel,,83,Anti-Diabetic
4742,11371,Retino-A 0.025% Cream,,210,Anti-Diabetic
4743,11372,Persol  AC 2.5 Gel,,116.86,Anti-Diabetic
4744,11373,Tretin 0.05% Cream,,164,Anti-Diabetic
4745,11374,Clingen Forte  Vaginal Capsule,Capsule,123.25,Anti-Diabetic
4746,11375,Deriva-Cms Gel,,325,Anti-Diabetic
4747,11376,Retino AC Gel,,340,Anti-Diabetic
4748,11377,Brevoxyl Cream,,,Anti-Diabetic
4749,11378,Tretin 0.025% Cream,,169,Anti-Diabetic
4750,11379,Clinsol Gel,,63.75,Anti-Diabetic
4751,11380,Aziderm 20% Cream,,221.85,Anti-Diabetic
4752,11381,Faceclin Gel,,135.15,Anti-Diabetic
4753,11382,Cleargel AP Gel,,289,Anti-Diabetic
4754,11383,Adaferin Gel,,220.15,Anti-Diabetic
4755,11384,Retino-A 0.05% Cream,,220,Anti-Diabetic
4756,11385,Nioclean Gel,,116.45,Anti-Diabetic
4757,11386,Peroclin 2.5% Gel,,369,Anti-Diabetic
4758,11387,Deriva-Bpo Gel,,339.15,Anti-Diabetic
4759,11388,Glocin Gel,,119,Anti-Diabetic
4760,11389,Nilac Gel,,119,Anti-Diabetic
4761,11390,Benzac AC 5% Gel,,181,Anti-Diabetic
4762,11391,Epiduo 0.1%/2.5% Gel,,390.4,Anti-Diabetic
4763,11392,Deriva MS Aqueous Gel,,225.25,Anti-Diabetic
4764,11393,Faceclin AT Gel,,225,Anti-Diabetic
4765,11394,Aziderm 10% Cream,,212.5,Anti-Diabetic
4766,11395,Clin-3 Gel,,110.5,Anti-Diabetic
4767,11396,Femcinol A Gel,,131.75,Anti-Diabetic
4768,11397,Pernex AC 2.5% Gel,,52.42,Anti-Diabetic
4769,11398,Adalene Nanogel Gel,,313,Anti-Diabetic
4770,11399,Cleargel Nico Gel,,135.15,Anti-Diabetic
4771,11400,Nioclean AD Gel,,162,Anti-Diabetic
4772,11401,D Acne Plus Gel,,126.65,Anti-Diabetic
4773,11402,Clinmi Skin Gel,,117.3,Anti-Diabetic
4774,11403,Aclind BP 2.5% Gel,,198,Anti-Diabetic
4775,11404,Acnesol A Nano Gel,,189,Anti-Diabetic
4776,11405,Acnovate Gel,,217.6,Anti-Diabetic
4777,11406,Acnicin Gel,,,Anti-Diabetic
4778,11407,Nilac A Gel,,197,Anti-Diabetic
4779,11408,Adaple-C Gel,,226,Anti-Diabetic
4780,11409,T-Bact 2% Ointment,,121.85,Anti-Diabetic
4781,11410,Candid Cream,,152.88,Anti-Diabetic
4782,11411,Candid Mouth Paint,,149,Anti-Diabetic
4783,11412,Neosporin Dusting Powder,,60.43,Anti-Diabetic
4784,11413,Neosporin Skin Ointment,,90.18,Anti-Diabetic
4785,11414,Candid Lotion,,119.95,Anti-Diabetic
4786,11415,Candid-V Gel,,111.5,Anti-Diabetic
4787,11416,Candid-V 6 Tablet ER,Tablet,58.2,Anti-Diabetic
4788,11417,Nadoxin Cream,,134.75,Anti-Diabetic
4789,11418,Fucidin Cream,,50.89,Anti-Diabetic
4790,11419,Neosporin Ointment,,42.07,Anti-Diabetic
4791,11420,Nadibact Cream,,101.15,Anti-Diabetic
4792,11421,Fudic Cream,,101.78,Anti-Diabetic
4793,11422,Canazole Cream,,,Anti-Diabetic
4794,11423,Supirocin Ointment,,130,Anti-Diabetic
4795,11424,Sofinox Cream,,50.96,Anti-Diabetic
4796,11425,Mycoderm-C Dusting Powder,,92.5,Anti-Diabetic
4797,11426,Surfaz Cream,,45,Anti-Diabetic
4798,11427,Candid-V3 Tablet VT,Tablet,65,Anti-Diabetic
4799,11428,B Bact Ointment,,131.95,Anti-Diabetic
4800,11429,Mupi Ointment,,109,Anti-Diabetic
4801,11430,Bactafuz Cream,,49.7,Anti-Diabetic
4802,11431,Fusiwal Cream,,148.97,Anti-Diabetic
4803,11432,Mupimet Ointment,,121,Anti-Diabetic
4804,11433,Canesten Cream,,,Anti-Diabetic
4805,11434,T-BACT CREAM,,,Anti-Diabetic
4806,11435,Nebasulf Sprinkling Powder,,50.58,Anti-Diabetic
4807,11436,Fusibact Cream,,,Anti-Diabetic
4808,11437,Nadoxin Gel,,110.5,Anti-Diabetic
4809,11438,Metrogyl-M Ointment,,126,Anti-Diabetic
4810,11439,Clocip Cream,,42.42,Anti-Diabetic
4811,11440,Fusiderm Cream,,,Anti-Diabetic
4812,11441,Zocon 1% Dusting Powder,,99,Anti-Diabetic
4813,11442,Fucidin Ointment,,50.89,Anti-Diabetic
4814,11443,Enzoheal Ointment,,138,Anti-Diabetic
4815,11444,Nadimix Cream,,96.9,Anti-Diabetic
4816,11445,Imidil Cream,,35,Anti-Diabetic
4817,11446,Sorvate C Ointment,,294.95,Anti-Diabetic
4818,11447,Sorifix Ointment,,332.35,Anti-Diabetic
4819,11448,Pasitrex Ointment,,362.5,Anti-Diabetic
4820,11449,Pasitrex C Ointment,,368.05,Anti-Diabetic
4821,11450,Calpsor C  Ointment,,306.96,Anti-Diabetic
4822,11451,Psoriex Ointment,,723.28,Anti-Diabetic
4823,11452,Calpsor C  Lotion,,450.17,Anti-Diabetic
4824,11453,Heximar-B Ointment,,433.5,Anti-Diabetic
4825,11454,Sorifix Solo Ointment,,325,Anti-Diabetic
4826,11455,Calpsor  Lotion,,259.58,Anti-Diabetic
4827,11456,Soronil C Ointment,,297.5,Anti-Diabetic
4828,11457,Cosvate Sor Ointment,,501.5,Anti-Diabetic
4829,11458,Sorifix Lotion,,302.6,Anti-Diabetic
4830,11459,Soristop C Ointment,,280.5,Anti-Diabetic
4831,11460,Daivobet Ointment,,,Anti-Diabetic
4832,11461,Calpsor  Ointment,,,Anti-Diabetic
4833,11462,C-Ketocare Medicated Soap,,,Anti-Diabetic
4834,11463,Heximar Ointment,,490,Anti-Diabetic
4835,11464,Soristop 0.005% Ointment,,,Anti-Diabetic
4836,11465,Sorfil S Ointment,,1096.5,Anti-Diabetic
4837,11466,Soristop-C Lotion,,510,Anti-Diabetic
4838,11467,Soronil 0.005% Ointment,,,Anti-Diabetic
4839,11468,Sebotar-S Soap,,,Anti-Diabetic
4840,11469,Psorinol Ointment,,,Anti-Diabetic
4841,11470,Colmasis Ointment,,,Anti-Diabetic
4842,11471,Covate-C Ointment,,348.5,Anti-Diabetic
4843,11472,Psoriex Plus Ointment,,767.9,Anti-Diabetic
4844,11473,Scarbact Plus Ointment,,339.15,Anti-Diabetic
4845,11474,Psorinol 0.25% Ointment,,,Anti-Diabetic
4846,11475,Colat-S Soap,,,Anti-Diabetic
4847,11476,Covate-C Lotion,,314.5,Anti-Diabetic
4848,11477,K Shine Soap,,,Anti-Diabetic
4849,11478,Febert Lotion,,,Anti-Diabetic
4850,11479,Calisor Ointment,,,Anti-Diabetic
4851,11480,Salee CT Lotion,,,Anti-Diabetic
4852,11481,Tarco S Ointment,,,Anti-Diabetic
4853,11482,Imiquad Cream 3'S,,298.35,Anti-Diabetic
4854,11483,Nilwart Cream,,169.8,Anti-Diabetic
4855,11484,Qmica 12.5mg Cream,,66.65,Anti-Diabetic
4856,11485,Candid-B Cream,,113.47,Anti-Diabetic
4857,11486,Betnovate-C Cream,,41.22,Anti-Diabetic
4858,11487,Derobin  Ointment,,99.82,Anti-Diabetic
4859,11488,Clobeta GM Cream,,51.85,Anti-Diabetic
4860,11489,Lobate-GM Neo Cream,,73.57,Anti-Diabetic
4861,11490,Betnovate-GM Cream,,26.35,Anti-Diabetic
4862,11491,Dermiford Cream,,,Anti-Diabetic
4863,11492,Clobenate-Gm Cream,,63.5,Anti-Diabetic
4864,11493,Quadriderm RF Cream,,107.1,Anti-Diabetic
4865,11494,Surfaz-SN Cream,,67.79,Anti-Diabetic
4866,11495,Fourderm Cream,,82.87,Anti-Diabetic
4867,11496,Zole-F Ointment,,75.56,Anti-Diabetic
4868,11497,Betnovate-N  Cream,,28.31,Anti-Diabetic
4869,11498,Dermi 5 Cream,,42.07,Anti-Diabetic
4870,11499,Candid-B Lotion,,163.2,Anti-Diabetic
4871,11500,Betamil GM Cream,,25.45,Anti-Diabetic
4872,11501,Cosvate-Gm Cream,,,Anti-Diabetic
4873,11502,Nuforce-Gm Cream,,41.06,Anti-Diabetic
4874,11503,Clop-G Cream,,20.82,Anti-Diabetic
4875,11504,Eumosone-M Cream,,85.98,Anti-Diabetic
4876,11505,Fucibet Cream,,56.95,Anti-Diabetic
4877,11506,Candiderma Plus  Cream,,120.27,Anti-Diabetic
4878,11507,Momate-F Cream,,191.25,Anti-Diabetic
4879,11508,Propysalic NF Ointment,,143.65,Anti-Diabetic
4880,11509,Propygenta NF Cream,,159,Anti-Diabetic
4881,11510,Candibiotic Plus Ear Drop,,68.85,Anti-Diabetic
4882,11511,Medisalic Ointment,,115.6,Anti-Diabetic
4883,11512,Clobetamil G Cream,,21.72,Anti-Diabetic
4884,11513,Propysalic NF6 Ointment,,143.65,Anti-Diabetic
4885,11514,Flutibact Ointment,,195.25,Anti-Diabetic
4886,11515,KT 5 Derm Cream,,,Anti-Diabetic
4887,11516,Clostar-Gm Cream,,53.24,Anti-Diabetic
4888,11517,Clonate-F Cream,,271.15,Anti-Diabetic
4889,11518,Terbinaforce-Plus NF Cream,,54.45,Anti-Diabetic
4890,11519,Tenovate GN Cream,,34.35,Anti-Diabetic
4891,11520,Cloben G Cream,,92.52,Anti-Diabetic
4892,11521,Clop-GM Neo Cream,,87.3,Anti-Diabetic
4893,11522,Topisal 6% Ointment,,90.1,Anti-Diabetic
4894,11523,Clobet gm Cream,,,Anti-Diabetic
4895,11524,CANDID-B DUSTING POWDER,,,Anti-Diabetic
4896,11525,Panderm + Cream,,,Anti-Diabetic
4897,11526,Lulican Cream,,318.75,Anti-Diabetic
4898,11527,Lulifin Cream,,254.15,Anti-Diabetic
4899,11528,Fungicros Cream,,168,Anti-Diabetic
4900,11529,Momate Cream,,204,Anti-Diabetic
4901,11530,Castor NF Cream,,,Anti-Diabetic
4902,11531,Onabet 2% Cream,,347,Anti-Diabetic
4903,11532,KZ Cream,,209,Anti-Diabetic
4904,11533,Keto Soap,,,Anti-Diabetic
4905,11534,Candid TV Suspension,Suspension,217.6,Anti-Diabetic
4906,11535,Terbinaforce-Plus Cream,,,Anti-Diabetic
4907,11536,Livafin Cream,,165.2,Anti-Diabetic
4908,11537,Ebernet Cream,,361.67,Anti-Diabetic
4909,11538,KZ Lotion,,259,Anti-Diabetic
4910,11539,Micogel Cream,,20.4,Anti-Diabetic
4911,11540,Dermikem OC Cream,,,Anti-Diabetic
4912,11541,DK Gel,,135.15,Anti-Diabetic
4913,11542,Ketostar Soap,,81.4,Anti-Diabetic
4914,11543,Zoderm E Cream,,234.25,Anti-Diabetic
4915,11544,Ketostar Cream,,121,Anti-Diabetic
4916,11545,L-Sys Cream,,80.75,Anti-Diabetic
4917,11546,Lulibet Cream,,219.3,Anti-Diabetic
4918,11547,Tinaderm Solution,Solution,9.84,Anti-Diabetic
4919,11548,Candid KZ Cream,,103.5,Anti-Diabetic
4920,11549,HH Sone Cream,,135.15,Anti-Diabetic
4921,11550,Laboderm-OC Cream,,,Anti-Diabetic
4922,11551,Dexoderm Cream,,,Anti-Diabetic
4923,11552,Onabet-B Cream,,191.25,Anti-Diabetic
4924,11553,CANDID TOTAL CREAM,,,Anti-Diabetic
4925,11554,Luliderm Cream,,127.07,Anti-Diabetic
4926,11555,Keto-B Cream,,95.2,Anti-Diabetic
4927,11556,Metaspray Nasal Spray,,305.46,Anti-Diabetic
4928,11557,Lulizol Cream,,126.65,Anti-Diabetic
4929,11558,Lulibrut Cream,,135.15,Anti-Diabetic
4930,11559,Lulifin Lotion,,195.5,Anti-Diabetic
4931,11560,L-Sys Lotion,,165.75,Anti-Diabetic
4932,11561,Fenza Vaginal Capsule,Capsule,144.5,Anti-Diabetic
4933,11562,Luliford Cream,,127.5,Anti-Diabetic
4934,11563,Nizral 2% Solution,Solution,,Anti-Diabetic
4935,11564,Redotil 100mg Capsule,Capsule,273.06,Anti-Diabetic
4936,11565,Zedott 100mg Capsule,Capsule,149.3,Anti-Diabetic
4937,11566,Enuff Capsule,Capsule,91.37,Anti-Diabetic
4938,11567,Redotil Tablet,Tablet,,Anti-Diabetic
4939,11568,AD 100mg Capsule,Capsule,87.42,Anti-Diabetic
4940,11569,Racigyl O 100mg/200mg Tablet,Tablet,123.25,Anti-Diabetic
4941,11570,Redotil Sachet,,8.7,Anti-Diabetic
4942,11571,Zedott Baby Sachet,,12.92,Anti-Diabetic
4943,11572,Racigyl Sachet,,8.72,Anti-Diabetic
4944,11573,Racigyl SB Powder for Oral Solution,Solution,20.57,Anti-Diabetic
4945,11574,Enuff 10mg Sachet,,8.5,Anti-Diabetic
4946,11575,AD 10mg Sachet,,9.35,Anti-Diabetic
4947,11576,Racedot 100mg Capsule,Capsule,64.51,Anti-Diabetic
4948,11577,Ralop 15mg Syrup,,70.55,Anti-Diabetic
4949,11578,Lee Dott Capsule,Capsule,123.25,Anti-Diabetic
4950,11579,Racigyl O 15 mg/50 mg Dry Syrup,,56.52,Anti-Diabetic
4951,11580,Enuff 10mg Tablet DT,Tablet,34,Anti-Diabetic
4952,11581,AD 10mg Tablet DT,Tablet,34,Anti-Diabetic
4953,11582,Enuff 30 Sachet,,10.62,Anti-Diabetic
4954,11583,Loo Chek Suspension,Suspension,34,Anti-Diabetic
4955,11584,Zedott 10 DT Tablet,Tablet,51.76,Anti-Diabetic
4956,11585,REDOTIL 30 MG SACHET,,,Anti-Diabetic
4957,11586,Cado Suspension,Suspension,82.45,Anti-Diabetic
4958,11587,Enuff O Dry Syrup,,46.33,Anti-Diabetic
4959,11588,Zedott 30 DT Tablet,Tablet,90.36,Anti-Diabetic
4960,11589,Racigyl Kid 100mg Tablet,Tablet,36.89,Anti-Diabetic
4961,11590,Racedot 10mg Powder,,,Anti-Diabetic
4962,11591,Racy 100mg Capsule,Capsule,60.5,Anti-Diabetic
4963,11592,Cadotril 100mg Capsule,Capsule,139.06,Anti-Diabetic
4964,11593,Novolac R 100mg Capsule,Capsule,127.5,Anti-Diabetic
4965,11594,Deflox RD 10mg/50mg Syrup,,45.19,Anti-Diabetic
4966,11595,Ralop 100mg Capsule,Capsule,102,Anti-Diabetic
4967,11596,Lee Dott Oral Powder,,15.3,Anti-Diabetic
4968,11597,Racotil 100mg Capsule,Capsule,58.65,Anti-Diabetic
4969,11598,Moredot 100mg Capsule,Capsule,135.57,Anti-Diabetic
4970,11599,Rale Syrup,,54.77,Anti-Diabetic
4971,11600,Cado-Z Suspension,Suspension,46.75,Anti-Diabetic
4972,11601,Oltef RC 15mg/50mg Dry Syrup,,31.87,Anti-Diabetic
4973,11602,Zomatril 30mg Sachet,,11.47,Anti-Diabetic
4974,11603,Raceloc 100mg Capsule,Capsule,87.98,Anti-Diabetic
4975,11604,Sucrafil O Gel Sugar Free,,194.65,Anti-Diabetic
4976,11605,Sucral-O Suspension,Suspension,206.55,Anti-Diabetic
4977,11606,Mucaine Mint Sugar Free Oral Gel,,141.41,Anti-Diabetic
4978,11607,Normaxin RT Tablet,Tablet,,Anti-Diabetic
4979,11608,Sucral Suspension,Suspension,133.28,Anti-Diabetic
4980,11609,Ulgel-A Oral Suspension,Suspension,130.9,Anti-Diabetic
4981,11610,Sucrafil Suspension Sugar Free,Suspension,128.77,Anti-Diabetic
4982,11611,HP Kit,,95.2,Anti-Diabetic
4983,11612,Ulgel Oral Suspension Saunf Sugar Free,Suspension,120.2,Anti-Diabetic
4984,11613,Ranidom-O Oral Suspension Sugar Free,Suspension,111.41,Anti-Diabetic
4985,11614,Diovol LA Suspension,Suspension,95.29,Anti-Diabetic
4986,11615,Tricaine Mps Cardamom Sugar Free Gel,,116.45,Anti-Diabetic
4987,11616,Sparacid DS Suspension,Suspension,66.37,Anti-Diabetic
4988,11617,Sparacid Syrup,,60.93,Anti-Diabetic
4989,11618,Ancool  Oral Suspension Sugar Free,Suspension,98.13,Anti-Diabetic
4990,11619,Ranidom-MPS Oral Suspension Cardamom Sugar Free,Suspension,93,Anti-Diabetic
4991,11620,Mucaine Mint Sugar Free Gel,,176.47,Anti-Diabetic
4992,11621,Ulpan Saunf Sugar Free Gel,,109.75,Anti-Diabetic
4993,11622,7-LA Suspension Sugar Free,Suspension,73.86,Anti-Diabetic
4994,11623,Solacid-O Suspension Sugar Free,Suspension,68.85,Anti-Diabetic
4995,11624,Pan Mps O Oral Suspension Sugar Free,Suspension,110.5,Anti-Diabetic
4996,11625,Mucaine Orange Gel,,141.41,Anti-Diabetic
4997,11626,Lexanox Plus Oral Paste Sugar Free,,89.76,Anti-Diabetic
4998,11627,Lexanox Oral Paste,,80.41,Anti-Diabetic
4999,11628,Macralfate-O Suspension Sugar Free,Suspension,203.83,Anti-Diabetic
5000,11629,Sucraday O Syrup,,102.54,Anti-Diabetic
5001,11630,Sucral Cream,,89.25,Anti-Diabetic
5002,11631,Coliwin R Capsule,Capsule,,Anti-Diabetic
5003,11632,Acinil-O Oral Suspension,Suspension,90.1,Anti-Diabetic
5004,11633,Ranispas NF 10mg/10mg Tablet,Tablet,51.93,Anti-Diabetic
5005,11634,Coatz AF  Syrup,,106.25,Anti-Diabetic
5006,11635,Medicaine Oral Gel,,102,Anti-Diabetic
5007,11636,Ancool  SF Suspension,Suspension,147.56,Anti-Diabetic
5008,11637,Digecaine Oral Gel,,106.07,Anti-Diabetic
5009,11638,Sucramal-O Oral Suspension,Suspension,198.9,Anti-Diabetic
5010,11639,Sufrate O Suspension,Suspension,221,Anti-Diabetic
5011,11640,Pepsigard-P Suspension,Suspension,127.5,Anti-Diabetic
5012,11641,Macralfate Suspension,Suspension,122.82,Anti-Diabetic
5013,11642,Ranidom-O Orange Sugar Free Oral Suspension,Suspension,101.29,Anti-Diabetic
5014,11643,SR Fil Enema,,87.55,Anti-Diabetic
5015,11644,Satrogyl-O Tablet,Tablet,131.32,Anti-Diabetic
5016,11645,Satrogyl-O Dry Syrup,,60.35,Anti-Diabetic
5017,11646,Amicline Tablet,Tablet,9.8,Anti-Diabetic
5018,11647,Mobitide 500mg Tablet,Tablet,9.87,Anti-Diabetic
5019,11648,Satromax O 300 mg/200 mg Tablet,Tablet,69.5,Anti-Diabetic
5020,11649,Ondem -MD 4 Tablet,Tablet,44.48,Anti-Diabetic
5021,11650,Vomikind -MD 4 Tablet,Tablet,33.74,Anti-Diabetic
5022,11651,Nodosis Tablet,Tablet,41.9,Anti-Diabetic
5023,11652,Emeset 4 Tablet,Tablet,44.49,Anti-Diabetic
5024,11653,Pankreoflat 170mg/80mg Tablet,Tablet,173.01,Anti-Diabetic
5025,11654,Ondem 4 Tablet,Tablet,44.48,Anti-Diabetic
5026,11655,Zofer MD 4 Tablet,Tablet,44.48,Anti-Diabetic
5027,11656,Rebagen Tablet,Tablet,88.82,Anti-Diabetic
5028,11657,Vomikind Syrup,,28.07,Anti-Diabetic
5029,11658,Pan Mps Oral Suspension Mint Sugar Free,Suspension,92,Anti-Diabetic
5030,11659,Emeset Injection 2ml,Injection,108.88,Anti-Diabetic
5031,11660,Ondem Syrup,,31.85,Anti-Diabetic
5032,11661,Emeset Juicy Lemon Syrup,,31.89,Anti-Diabetic
5033,11662,Colimex  Suspension,Suspension,39.23,Anti-Diabetic
5034,11663,Mesacol OD Tablet PR,Tablet,234.6,Anti-Diabetic
5035,11664,Pantop MPS Syrup Mint Sugar Free,,75.5,Anti-Diabetic
5036,11665,Ondem Injection,Injection,11.08,Anti-Diabetic
5037,11666,Mesacol Tablet DR,Tablet,66.76,Anti-Diabetic
5038,11667,Zofer 4mg Tablet,Tablet,45.53,Anti-Diabetic
5039,11668,Nodosis GST Tablet,Tablet,33.49,Anti-Diabetic
5040,11669,Vomiford -MD Tablet,Tablet,38.25,Anti-Diabetic
5041,11670,Emsetron 4mg Tablet,Tablet,35.19,Anti-Diabetic
5042,11671,Flatubust Capsule,Capsule,,Anti-Diabetic
5043,11672,Periset MD Tablet,Tablet,44.65,Anti-Diabetic
5044,11673,Antacid Tablet,Tablet,,Anti-Diabetic
5045,11674,Rowasa 1gm Pellets,,45.79,Anti-Diabetic
5046,11675,Mesacol Suppository,,80.18,Anti-Diabetic
5047,11676,Omee Mps Liquid Mint,,,Anti-Diabetic
5048,11677,Ondem-MD 8 Tablet,Tablet,92.62,Anti-Diabetic
5049,11678,Vomikind Injection,Injection,28.71,Anti-Diabetic
5050,11679,Vegaz OD Tablet PR,Tablet,263.5,Anti-Diabetic
5051,11680,Pentasa 500mg Tablet PR,Tablet,218.02,Anti-Diabetic
5052,11681,Emigo-MD Tablet,Tablet,44.56,Anti-Diabetic
5053,11682,Dimol 40 Tablet,Tablet,,Anti-Diabetic
5054,11683,ZOFER 4 MG INJECTION,Injection,10.44,Anti-Diabetic
5055,11684,Tumsup Drop,,86,Anti-Diabetic
5056,11685,Emeset 8 Tablet,Tablet,92.62,Anti-Diabetic
5057,11686,Zofer 2mg Oral Solution,Solution,31.74,Anti-Diabetic
5058,11687,Vomikind-Fast Strip,,10.74,Anti-Diabetic
5059,11688,Darolac Sachet,,12.8,Anti-Diabetic
5060,11689,Lac Tablet,Tablet,,Anti-Diabetic
5061,11690,Prolac Tablet,Tablet,,Anti-Diabetic
5062,11691,Sporolab Tablet,Tablet,,Anti-Diabetic
5063,11692,Lac Syrup,,,Anti-Diabetic
5064,11693,Lexicom 60Million cells Capsule,Capsule,,Anti-Diabetic
5065,11694,Suzilac Tablet,Tablet,,Anti-Diabetic
5066,11695,Alacforte 120Million spores Tablet,Tablet,,Anti-Diabetic
5067,11696,Ocillus Tablet,Tablet,,Anti-Diabetic
5068,11697,Remolac Tablet,Tablet,,Anti-Diabetic
5069,11698,Lactopic Tablet,Tablet,,Anti-Diabetic
5070,11699,Gracilac Sachet,,,Anti-Diabetic
5071,11700,Donlac Tablet,Tablet,12,Anti-Diabetic
5072,11701,Donlac DS Tablet,Tablet,19,Anti-Diabetic
5073,11702,Cyclopam Tablet,Tablet,41.39,Anti-Diabetic
5074,11703,Spasmo-Proxyvon Plus Capsule,Capsule,,Anti-Diabetic
5075,11704,Cataspa Tablet,Tablet,27.65,Anti-Diabetic
5076,11705,Spasmonil 20mg/325mg Tablet,Tablet,20.4,Anti-Diabetic
5077,11706,Colimex  Tablet,Tablet,28.01,Anti-Diabetic
5078,11707,Baralgan NU Tablet,Tablet,27.33,Anti-Diabetic
5079,11708,Spasmodart Tablet,Tablet,48.45,Anti-Diabetic
5080,11709,Meftagesic Tablet,Tablet,32.3,Anti-Diabetic
5081,11710,Hyocimax MF  Tablet,Tablet,94.09,Anti-Diabetic
5082,11711,Trigan D Tablet,Tablet,25.67,Anti-Diabetic
5083,11712,Superspas RF Injection,Injection,11.47,Anti-Diabetic
5084,11713,Cyclopam Plus Tablet,Tablet,67.87,Anti-Diabetic
5085,11714,Cyclopam 10mg Injection,Injection,55.4,Anti-Diabetic
5086,11715,Pamaspas Tablet,Tablet,85.85,Anti-Diabetic
5087,11716,Meftal-Spas Injection,Injection,4.9,Anti-Diabetic
5088,11717,Spasmo Proxyvon Injection,Injection,5.5,Anti-Diabetic
5089,11718,Parvon Spas Capsule,Capsule,,Anti-Diabetic
5090,11719,Megaspas Tablet,Tablet,42.5,Anti-Diabetic
5091,11720,Parad 20mg/500mg Tablet,Tablet,,Anti-Diabetic
5092,11721,Colinol 20 mg/500 mg Tablet,Tablet,28.05,Anti-Diabetic
5093,11722,CLOMIN 20MG/500MG TABLET,Tablet,,Anti-Diabetic
5094,11723,Spasmol Tablet,Tablet,,Anti-Diabetic
5095,11724,Nobel Spas RF 10mg/ml/25mg/ml Injection,Injection,10.51,Anti-Diabetic
5096,11725,Spasmo Proxyvon Forte Injection,Injection,15.72,Anti-Diabetic
5097,11726,Colicure 20 mg/325 mg Tablet,Tablet,25.5,Anti-Diabetic
5098,11727,SPASMED TABLET,Tablet,,Anti-Diabetic
5099,11728,StayHappi Dicyclomine+Paracetamol 20mg/325mg Tablet,Tablet,12.75,Anti-Diabetic
5100,11729,Paparin 2 ml Injection,Injection,16.4,Anti-Diabetic
5101,11730,Ultraspas Tablet,Tablet,,Anti-Diabetic
5102,11731,Decolic 10mg Injection,Injection,5.49,Anti-Diabetic
5103,11732,Colicure 10mg Syrup,,36.55,Anti-Diabetic
5104,11733,Aquadol Spas 20mg/50mg Injection,Injection,26.77,Anti-Diabetic
5105,11734,Biospas 20mg/325mg Tablet,Tablet,37.57,Anti-Diabetic
5106,11735,Spaspokran Capsule,Capsule,,Anti-Diabetic
5107,11736,Dolospas 20 mg/500 mg Tablet,Tablet,29.75,Anti-Diabetic
5108,11737,Cyclomin 20mg Tablet,Tablet,3.5,Anti-Diabetic
5109,11738,Dynapar Spas 10mg/50mg Tablet,Tablet,,Anti-Diabetic
5110,11739,Aquadol Spas Tablet,Tablet,21.08,Anti-Diabetic
5111,11740,Normaxin Tablet,Tablet,,Anti-Diabetic
5112,11741,Librax 5 mg/2.5 mg Tablet,Tablet,,Anti-Diabetic
5113,11742,Equirex Tablet,Tablet,,Anti-Diabetic
5114,11743,Stelbid Tablet,Tablet,35.92,Anti-Diabetic
5115,11744,Normaxin CC 5mg/2.5mg Tablet,Tablet,,Anti-Diabetic
5116,11745,Cibis  Tablet,Tablet,,Anti-Diabetic
5117,11746,Stelbid 2 Tablet,Tablet,37.09,Anti-Diabetic
5118,11747,Libratex Tablet,Tablet,,Anti-Diabetic
5119,11748,Spasrax Tablet,Tablet,,Anti-Diabetic
5120,11749,Spasril Tablet,Tablet,,Anti-Diabetic
5121,11750,Gutrex D 2.5mg/5mg/10mg Tablet,Tablet,,Anti-Diabetic
5122,11751,Gutrex 5mg/2.5mg Tablet,Tablet,,Anti-Diabetic
5123,11752,Clistar RT Tablet,Tablet,,Anti-Diabetic
5124,11753,Gutsooth Tablet,Tablet,,Anti-Diabetic
5125,11754,D-Max Tablet,Tablet,,Anti-Diabetic
5126,11755,Serecon 5 mg/2.5 mg Tablet,Tablet,,Anti-Diabetic
5127,11756,Ulcon P 5 mg/2.5 mg Tablet,Tablet,,Anti-Diabetic
5128,11757,Ulrax D Tablet,Tablet,,Anti-Diabetic
5129,11758,Decolic IBS 5mg/2.5mg Tablet,Tablet,,Anti-Diabetic
5130,11759,Coliwin 5mg/2.5mg Tablet,Tablet,,Anti-Diabetic
5131,11760,Ribs 5mg/2.5mg Tablet,Tablet,,Anti-Diabetic
5132,11761,Tribs 5 mg/2.5 mg Tablet,Tablet,,Anti-Diabetic
5133,11762,Serecon D 2.5 mg/5 mg/10 mg Tablet,Tablet,,Anti-Diabetic
5134,11763,Cibiriv Tablet,Tablet,,Anti-Diabetic
5135,11764,Cromide 5mg/2.5mg Tablet,Tablet,,Anti-Diabetic
5136,11765,Ibirest 5mg/2.5mg Tablet,Tablet,,Anti-Diabetic
5137,11766,Zibra 2.5 mg/5 mg/10 mg Tablet,Tablet,,Anti-Diabetic
5138,11767,Cromide Forte 2.5 mg/5 mg/10 mg Tablet,Tablet,,Anti-Diabetic
5139,11768,Librin-C 5mg/2.5mg Tablet,Tablet,,Anti-Diabetic
5140,11769,Isorez 5mg/1mg Tablet,Tablet,30.6,Anti-Diabetic
5141,11770,Aurinorm 5 mg/2.5 mg Tablet,Tablet,,Anti-Diabetic
5142,11771,Cyclon 2.5 mg/5 mg/10 mg Tablet,Tablet,,Anti-Diabetic
5143,11772,Clistar 2.5 mg/5 mg/10 mg Tablet,Tablet,,Anti-Diabetic
5144,11773,Ulcon 5 mg/2.5 mg Tablet,Tablet,,Anti-Diabetic
5145,11774,Vasorex Tablet,Tablet,,Anti-Diabetic
5146,11775,Stelbid 5mg/2mg Tablet,Tablet,32.66,Anti-Diabetic
5147,11776,Egrex Tablet,Tablet,,Anti-Diabetic
5148,11777,Unimaxin 5mg/2.5mg Tablet,Tablet,,Anti-Diabetic
5149,11778,Czep CL Tablet,Tablet,,Anti-Diabetic
5150,11779,Zepodel CD 2.5mg/5mg/10mg Tablet,Tablet,,Anti-Diabetic
5151,11780,Drotin-M Tablet,Tablet,136.18,Anti-Diabetic
5152,11781,Zerodol Spas Tablet,Tablet,99.7,Anti-Diabetic
5153,11782,Colimex  Oral Drops,,38.08,Anti-Diabetic
5154,11783,Cyclopam Suspension,Suspension,70.21,Anti-Diabetic
5155,11784,Drotin A Tablet,Tablet,124.78,Anti-Diabetic
5156,11785,Superspas RF Tablet,Tablet,40.8,Anti-Diabetic
5157,11786,Nobel Spas 40 mg/100 mg Tablet,Tablet,56.57,Anti-Diabetic
5158,11787,Drotin Plus Tablet,Tablet,129.68,Anti-Diabetic
5159,11788,Meftal-Spas Suspension,Suspension,29.75,Anti-Diabetic
5160,11789,Tinnex Capsule,Capsule,487.13,Anti-Diabetic
5161,11790,Decolic 2 mg/20 mg Tablet,Tablet,,Anti-Diabetic
5162,11791,Cyclopam Drops,,36.55,Anti-Diabetic
5163,11792,Dvn Plus 80 mg/250 mg Tablet,Tablet,121.42,Anti-Diabetic
5164,11793,Drotikind M 80 mg/250 mg Tablet,Tablet,67.69,Anti-Diabetic
5165,11794,Tinnicar Capsule,Capsule,201.45,Anti-Diabetic
5166,11795,Drolgan Tablet,Tablet,92.54,Anti-Diabetic
5167,11796,Meftal-Spas Drops,,34,Anti-Diabetic
5168,11797,Drofem Tablet,Tablet,50.49,Anti-Diabetic
5169,11798,Aceclo Spas Tablet,Tablet,92.1,Anti-Diabetic
5170,11799,Dvn Forte 80 mg/500 mg Tablet,Tablet,84.15,Anti-Diabetic
5171,11800,Hifenac Spas Tablet,Tablet,112.2,Anti-Diabetic
5172,11801,Superspas Orange Sugar Free Oral Gel,,78.2,Anti-Diabetic
5173,11802,Decolic Paediatric Oral Suspension,Suspension,42.5,Anti-Diabetic
5174,11803,Dvn A 80 mg/100 mg Tablet,Tablet,84.57,Anti-Diabetic
5175,11804,Aciloc D 10 mg/150 mg Tablet,Tablet,37.5,Anti-Diabetic
5176,11805,Tavera M Tablet,Tablet,51,Anti-Diabetic
5177,11806,Dolowin Spas Tablet,Tablet,85,Anti-Diabetic
5178,11807,Vetory D 80 mg/100 mg Tablet,Tablet,65.45,Anti-Diabetic
5179,11808,Dot M 80 mg/250 mg Tablet,Tablet,43.63,Anti-Diabetic
5180,11809,Tame D 80 mg/250 mg Tablet,Tablet,64.6,Anti-Diabetic
5181,11810,Doverin A 80mg/100mg Tablet,Tablet,102.85,Anti-Diabetic
5182,11811,Decolic Drop,,38.25,Anti-Diabetic
5183,11812,Stelbid Spas 80mg/50mg Tablet,Tablet,83.21,Anti-Diabetic
5184,11813,Spurge Tablet,Tablet,84.15,Anti-Diabetic
5185,11814,Decolic 80 mg/NA Tablet,Tablet,,Anti-Diabetic
5186,11815,Clomin DM  Tablet,Tablet,55.93,Anti-Diabetic
5187,11816,Drotine MF 80mg/250mg Tablet,Tablet,55.25,Anti-Diabetic
5188,11817,Coliza D Suspension,Suspension,31.84,Anti-Diabetic
5189,11818,Pantop 40 Tablet,Tablet,116.32,Anti-Diabetic
5190,11819,PAN 40 Tablet,Tablet,117.3,Anti-Diabetic
5191,11820,Nexpro 40 Tablet,Tablet,127.59,Anti-Diabetic
5192,11821,Pantocid Tablet,Tablet,135.15,Anti-Diabetic
5193,11822,Sompraz 40 Tablet,Tablet,98.81,Anti-Diabetic
5194,11823,Omez Capsule,Capsule,46.95,Anti-Diabetic
5195,11824,Omee Capsule,Capsule,47.23,Anti-Diabetic
5196,11825,Junior Lanzol 15mg Tablet DT,Tablet,103.88,Anti-Diabetic
5197,11826,Ocid 20 Capsule,Capsule,33.97,Anti-Diabetic
5198,11827,Pantosec Tablet,Tablet,100.85,Anti-Diabetic
5199,11828,Pantodac 40 Tablet,Tablet,153.25,Anti-Diabetic
5200,11829,Pantop Injection,Injection,42.26,Anti-Diabetic
5201,11830,Pantakind Tablet,Tablet,27.15,Anti-Diabetic
5202,11831,Nexpro Fast 40 Tablet,Tablet,103.74,Anti-Diabetic
5203,11832,Nupenta Tablet,Tablet,38.8,Anti-Diabetic
5204,11833,Raciper 40 Tablet,Tablet,98.81,Anti-Diabetic
5205,11834,Neksium 40mg Tablet,Tablet,92.81,Anti-Diabetic
5206,11835,Razo-L Capsule SR,Capsule,233.28,Anti-Diabetic
5207,11836,Neopride Total Capsule SR,Capsule,317.9,Anti-Diabetic
5208,11837,Rabekind-Plus Tablet SR,Tablet,120.27,Anti-Diabetic
5209,11838,Esomac 40 Tablet,Tablet,117.31,Anti-Diabetic
5210,11839,Veloz L Capsule SR,Capsule,181.52,Anti-Diabetic
5211,11840,PAN IV Injection,Injection,42.24,Anti-Diabetic
5212,11841,Omepraz 20mg Capsule,Capsule,48.21,Anti-Diabetic
5213,11842,PAN 20 Tablet,Tablet,87.55,Anti-Diabetic
5214,11843,Nexpro 20 Tablet,Tablet,65.36,Anti-Diabetic
5215,11844,DDR 60 Capsule MR,Capsule,178.5,Anti-Diabetic
5216,11845,Omez 40 Tablet,Tablet,79.01,Anti-Diabetic
5217,11846,Lanzol 30 Capsule,Capsule,76.5,Anti-Diabetic
5218,11847,Rablet L Capsule PR,Capsule,204.47,Anti-Diabetic
5219,11848,Esoz Tablet,Tablet,129.85,Anti-Diabetic
5220,11849,Rekool-L Tablet SR,Tablet,230.9,Anti-Diabetic
5221,11850,Deltone Capsule MR,Capsule,184.7,Anti-Diabetic
5222,11851,Topp 40 Tablet,Tablet,18.7,Anti-Diabetic
5223,11852,Pantocid 80 Dual-Release Tablet,Tablet,151.3,Anti-Diabetic
5224,11853,Deltone 30mg Capsule,Capsule,126.73,Anti-Diabetic
5225,11854,Rabonik Plus Capsule SR,Capsule,169.7,Anti-Diabetic
5226,11855,Cyra-LS Tablet SR,Tablet,91.8,Anti-Diabetic
5227,11856,Aciloc 150 Tablet,Tablet,20.28,Anti-Diabetic
5228,11857,Rantac 150 Tablet,Tablet,20.94,Anti-Diabetic
5229,11858,Famocid 40 Tablet,Tablet,6.8,Anti-Diabetic
5230,11859,Aciloc 300 Tablet,Tablet,35.36,Anti-Diabetic
5231,11860,Zinetac 150mg Tablet,Tablet,,Anti-Diabetic
5232,11861,Rantac Mint Syrup,,68.86,Anti-Diabetic
5233,11862,Rantidine 150mg Tablet,Tablet,,Anti-Diabetic
5234,11863,Topcid 40 Tablet,Tablet,6.67,Anti-Diabetic
5235,11864,Rantac OD 300 Tablet CR,Tablet,50.19,Anti-Diabetic
5236,11865,Famocid 20 Tablet,Tablet,3.82,Anti-Diabetic
5237,11866,Monorin 150 Tablet,Tablet,,Anti-Diabetic
5238,11867,Aciloc Injection,Injection,3.01,Anti-Diabetic
5239,11868,Rantac 300 Tablet,Tablet,33.46,Anti-Diabetic
5240,11869,Rantop Mango Syrup,,,Anti-Diabetic
5241,11870,Histac 150 Tablet,Tablet,,Anti-Diabetic
5242,11871,Rantac Infant Mint Syrup,,20.65,Anti-Diabetic
5243,11872,Rantac Injection 2ml,Injection,3.01,Anti-Diabetic
5244,11873,Famtac Soflet,,20.47,Anti-Diabetic
5245,11874,Ranidom PD 75mg/5ml Syrup,,,Anti-Diabetic
5246,11875,R-Loc 150 Tablet,Tablet,,Anti-Diabetic
5247,11876,Topcid 20 Tablet,Tablet,3.91,Anti-Diabetic
5248,11877,Ranitin 150 Tablet,Tablet,,Anti-Diabetic
5249,11878,Zinetac 300mg Tablet,Tablet,,Anti-Diabetic
5250,11879,Lafaxid 10 Tablet,Tablet,90.01,Anti-Diabetic
5251,11880,Histac Evt Tablet,Tablet,,Anti-Diabetic
5252,11881,Famonext 20 Tablet,Tablet,4.89,Anti-Diabetic
5253,11882,Zynol 150mg Tablet,Tablet,,Anti-Diabetic
5254,11883,Famonext 40mg Tablet,Tablet,5.9,Anti-Diabetic
5255,11884,Histac 300 Tablet,Tablet,,Anti-Diabetic
5256,11885,Montac Tablet,Tablet,13.13,Anti-Diabetic
5257,11886,Famtac 20mg Soflets,,16.91,Anti-Diabetic
5258,11887,Raninec 150mg Tablet,Tablet,,Anti-Diabetic
5259,11888,Zinemac 150 Tablet,Tablet,,Anti-Diabetic
5260,11889,Aciloc Only Oral Liquid,,68.54,Anti-Diabetic
5261,11890,Facid 40 Tablet,Tablet,5.74,Anti-Diabetic
5262,11891,Famodin 40mg Tablet,Tablet,3.19,Anti-Diabetic
5263,11892,Jeetac 150 Tablet,Tablet,22.44,Anti-Diabetic
5264,11893,Nicotac 150mg Tablet,Tablet,,Anti-Diabetic
5265,11894,Misoprost 200 Tablet,Tablet,,Anti-Diabetic
5266,11895,Cytolog Tablet,Tablet,,Anti-Diabetic
5267,11896,Zitotec 200mcg Tablet,Tablet,,Anti-Diabetic
5268,11897,Miso 200mcg Tablet,Tablet,,Anti-Diabetic
5269,11898,Misoprost 25 Tablet,Tablet,,Anti-Diabetic
5270,11899,Prestakind 200mcg Tablet,Tablet,,Anti-Diabetic
5271,11900,Misoclear 200mcg Tablet,Tablet,,Anti-Diabetic
5272,11901,Misoprost 600 Tablet,Tablet,,Anti-Diabetic
5273,11902,Pph Tablet,Tablet,,Anti-Diabetic
5274,11903,Mistol 200mcg Tablet,Tablet,,Anti-Diabetic
5275,11904,Miso-Gyn 200 Tablet,Tablet,,Anti-Diabetic
5276,11905,M Prost 200mcg Tablet,Tablet,,Anti-Diabetic
5277,11906,Cytolog 600 Tablet,Tablet,,Anti-Diabetic
5278,11907,Mesopil 200mcg Tablet,Tablet,,Anti-Diabetic
5279,11908,Tector 200mcg Tablet,Tablet,,Anti-Diabetic
5280,11909,Zitotec 25mcg Tablet,Tablet,,Anti-Diabetic
5281,11910,Misoprost 100mg Tablet,Tablet,,Anti-Diabetic
5282,11911,Cedate F Tablet,Tablet,,Anti-Diabetic
5283,11912,L Pill 200mcg Tablet,Tablet,,Anti-Diabetic
5284,11913,Misorest 200mcg Tablet,Tablet,,Anti-Diabetic
5285,11914,Kontrac 200mcg Tablet,Tablet,,Anti-Diabetic
5286,11915,L Pill 600mcg Tablet,Tablet,,Anti-Diabetic
5287,11916,Colestol 100mcg Tablet,Tablet,,Anti-Diabetic
5288,11917,Emtee 25mcg Tablet,Tablet,,Anti-Diabetic
5289,11918,Miso-Gyn 25mcg Tablet,Tablet,,Anti-Diabetic
5290,11919,Misrogen 200mcg Tablet,Tablet,,Anti-Diabetic
5291,11920,Misotol 200mcg Tablet,Tablet,,Anti-Diabetic
5292,11921,Misogen 200mcg Tablet,Tablet,,Anti-Diabetic
5293,11922,Misopres 200mcg Tablet,Tablet,,Anti-Diabetic
5294,11923,Mst Tablet,Tablet,,Anti-Diabetic
5295,11924,Pregclear 200mcg Tablet,Tablet,,Anti-Diabetic
5296,11925,Misogest 200mcg Tablet,Tablet,,Anti-Diabetic
5297,11926,Misnol 200mcg Tablet,Tablet,,Anti-Diabetic
5298,11927,Colestol 200mcg Tablet,Tablet,,Anti-Diabetic
5299,11928,Cervisure 600mcg Tablet,Tablet,,Anti-Diabetic
5300,11929,Mizolast 200mcg Tablet,Tablet,,Anti-Diabetic
5301,11930,Misolog 200mcg Tablet,Tablet,,Anti-Diabetic
5302,11931,Uniprest Tablet,Tablet,,Anti-Diabetic
5303,11932,Misobort 200mcg Tablet,Tablet,,Anti-Diabetic
5304,11933,Misogest Tablet,Tablet,,Anti-Diabetic
5305,11934,Pylokit Kit,,94.62,Anti-Diabetic
5306,11935,Pantocid HP Combipack,,142.8,Anti-Diabetic
5307,11936,Pantop HP  Kit,,131.75,Anti-Diabetic
5308,11937,Sompraz HP Combipack,,149.17,Anti-Diabetic
5309,11938,Sucral MU Ointment,,120,Anti-Diabetic
5310,11939,Nexpro HP Combipack,,184.96,Anti-Diabetic
5311,11940,Pylokit-AC Kit,,127.5,Anti-Diabetic
5312,11941,Heligo 500 mg/250 mg/30 mg Kit,,64.34,Anti-Diabetic
5313,11942,Neo-Hp Kit,,155.55,Anti-Diabetic
5314,11943,Set HP Kit,,169.15,Anti-Diabetic
5315,11944,Esium-HP Kit,,168.3,Anti-Diabetic
5316,11945,Evoxil-HP Kit,,54.19,Anti-Diabetic
5317,11946,Otc HP Kit 500mg/20mg/25mg Tablet,Tablet,54.32,Anti-Diabetic
5318,11947,Magic-HP Kit,,127.41,Anti-Diabetic
5319,11948,Ltc Kit,,66.3,Anti-Diabetic
5320,11949,GI 750 mg/20 mg/250 mg Kit,,59.29,Anti-Diabetic
5321,11950,Lansi Kit,,12.62,Anti-Diabetic
5322,11951,StayHappi Amoxycillin+Pantoprazole+Clarithromycin 750mg/40mg/500mg Kit,,76.5,Anti-Diabetic
5323,11952,Pylomox 500 mg/750 mg/15 mg Kit,,31.24,Anti-Diabetic
5324,11953,L Cot Kit,,58.44,Anti-Diabetic
5325,11954,L.T.C. 500mg/250mg/30mg Tabcap,,,Anti-Diabetic
5326,11955,Udiliv 300 Tablet,Tablet,487.66,Anti-Diabetic
5327,11956,Udiliv 150mg Tablet,Tablet,278.18,Anti-Diabetic
5328,11957,Ursocol 300 Tablet,Tablet,223.55,Anti-Diabetic
5329,11958,Sorbidiol 300 Tablet,Tablet,205.1,Anti-Diabetic
5330,11959,Ulyses 300 Tablet,Tablet,267.67,Anti-Diabetic
5331,11960,Actibile 300 Tablet,Tablet,293.17,Anti-Diabetic
5332,11961,Ursokem 300 Tablet,Tablet,237.15,Anti-Diabetic
5333,11962,Ursocol SR 450 Tablet,Tablet,279.65,Anti-Diabetic
5334,11963,Hepakind 300mg Tablet,Tablet,248.71,Anti-Diabetic
5335,11964,Ursomax 300 Tablet,Tablet,229.42,Anti-Diabetic
5336,11965,Hepakind 150 Tablet,Tablet,123.25,Anti-Diabetic
5337,11966,Usibon 300 Tablet,Tablet,238,Anti-Diabetic
5338,11967,Udihep Forte Tablet,Tablet,324.7,Anti-Diabetic
5339,11968,Ursetor 300 Tablet,Tablet,234.56,Anti-Diabetic
5340,11969,Ursocol 150 Tablet,Tablet,130.05,Anti-Diabetic
5341,11970,Golbi 300 Tablet,Tablet,255.85,Anti-Diabetic
5342,11971,Bilefix 300 Tablet,Tablet,418.41,Anti-Diabetic
5343,11972,Sorbidiol 150 Tablet,Tablet,116.79,Anti-Diabetic
5344,11973,Udihep Tablet,Tablet,221.85,Anti-Diabetic
5345,11974,Sedogest 300mg Tablet,Tablet,248.2,Anti-Diabetic
5346,11975,Udiliv 450mg Tablet,Tablet,380.37,Anti-Diabetic
5347,11976,Udlive 300mg Tablet,Tablet,297.5,Anti-Diabetic
5348,11977,Ursolid 300mg Tablet,Tablet,272,Anti-Diabetic
5349,11978,Urdohep 300 Tablet,Tablet,251.94,Anti-Diabetic
5350,11979,Golbi SR 450 Tablet,Tablet,309.4,Anti-Diabetic
5351,11980,Actibile 150 Tablet,Tablet,166.43,Anti-Diabetic
5352,11981,Ursocad 300 Tablet,Tablet,221,Anti-Diabetic
5353,11982,Udimarin Tablet,Tablet,324.7,Anti-Diabetic
5354,11983,Livokind 300mg Tablet,Tablet,127.5,Anti-Diabetic
5355,11984,Udcament Oral Suspension,Suspension,301.54,Anti-Diabetic
5356,11985,Fortibile 300 Tablet,Tablet,225.25,Anti-Diabetic
5357,11986,Udiliv 600 Tablet,Tablet,488.29,Anti-Diabetic
5358,11987,Udiwok 300 Tablet,Tablet,246.92,Anti-Diabetic
5359,11988,Ursolic 300 Tablet,Tablet,227.37,Anti-Diabetic
5360,11989,Ulyses 150 Tablet,Tablet,139.1,Anti-Diabetic
5361,11990,Lactifiber  Granules,,366.5,Anti-Diabetic
5362,11991,Freego Granules,,225.6,Anti-Diabetic
5363,11992,Smuth Fiber,,,Anti-Diabetic
5364,11993,Looz Fibre Granules,,246,Anti-Diabetic
5365,11994,Torbulk Powder,,380.1,Anti-Diabetic
5366,11995,Gutclear-IG Granules,,323.1,Anti-Diabetic
5367,11996,Eva Q Fiber Granules,,223,Anti-Diabetic
5368,11997,Laxitol Husk  Granules Sugar Free,,214.5,Anti-Diabetic
5369,11998,Gudlax NF  Granules,,,Anti-Diabetic
5370,11999,Fiberlact Granules,,225,Anti-Diabetic
5371,12000,Freelac Granules,,,Anti-Diabetic
5372,12001,Lactigol Granules,,214.95,Anti-Diabetic
5373,12002,Gutfeel  Granules,,227.15,Anti-Diabetic
5374,12003,Cremadiet Duo  Granules Mixed fruit flavour,,385,Anti-Diabetic
5375,12004,Kiofiber Powder,,,Anti-Diabetic
5376,12005,Lactihusk  Granules,,,Anti-Diabetic
5377,12006,Fibril XL Powder Orange,,,Anti-Diabetic
5378,12007,Fibrocus Granules,,,Anti-Diabetic
5379,12008,Cadilose Green Granules,,42.5,Anti-Diabetic
5380,12009,Optifiber 10gm/3.5gm Powder,,,Anti-Diabetic
5381,12010,Laxapot Powder,,175,Anti-Diabetic
5382,12011,Cremadiet Duo  Granules,,,Anti-Diabetic
5383,12012,Laxiza Sachet,,,Anti-Diabetic
5384,12013,Lacrelax IG Granules,,159,Anti-Diabetic
5385,12014,FIBOTAB 500MG TABLET,Tablet,,Anti-Diabetic
5386,12015,Cardiolax  Granules Orange,,,Anti-Diabetic
5387,12016,Ozolax Granules,,187,Anti-Diabetic
5388,12017,Laxihusk Granules,,,Anti-Diabetic
5389,12018,Lactinova Powder,,158,Anti-Diabetic
5390,12019,Isabgoli Tablet,Tablet,,Anti-Diabetic
5391,12020,Urdohep SL 140 mg/300 mg Tablet,Tablet,,Anti-Diabetic
5392,12021,Udibon Tablet,Tablet,,Anti-Diabetic
5393,12022,Liv Pure DS Syrup,,,Anti-Diabetic
5394,12023,Udimarin Forte Tablet,Tablet,,Anti-Diabetic
5395,12024,Ursokem Plus Tablet,Tablet,,Anti-Diabetic
5396,12025,Ulyses Plus Tablet,Tablet,314.97,Anti-Diabetic
5397,12026,Actimarin Forte Tablet,Tablet,,Anti-Diabetic
5398,12027,Udiplus Tablet,Tablet,,Anti-Diabetic
5399,12028,Trisolin Syrup,,,Anti-Diabetic
5400,12029,Ursodox Plus Tablet,Tablet,,Anti-Diabetic
5401,12030,Ursetor Plus 300mg/140mg Tablet,Tablet,,Anti-Diabetic
5402,12031,Tricit Syrup,,,Anti-Diabetic
5403,12032,Tyrin-Forte 140mg/300mg Tablet,Tablet,,Anti-Diabetic
5404,12033,Udiler SL Tablet,Tablet,,Anti-Diabetic
5405,12034,Cholifit-SL Tablet,Tablet,,Anti-Diabetic
5406,12035,Actimarin 70mg/150mg Tablet,Tablet,,Anti-Diabetic
5407,12036,Udimarin Suspension,Suspension,,Anti-Diabetic
5408,12037,Higado UD Tablet,Tablet,,Anti-Diabetic
5409,12038,Urowar S 140mg/300mg Tablet,Tablet,382.5,Anti-Diabetic
5410,12039,Urmed-SL Tablet,Tablet,,Anti-Diabetic
5411,12040,Trichodol Liquid,,208.73,Anti-Diabetic
5412,12041,Ursolic Plus Tablet,Tablet,,Anti-Diabetic
5413,12042,Udpil SL 140mg/300mg Tablet,Tablet,,Anti-Diabetic
5414,12043,Soblin Syrup,,65,Anti-Diabetic
5415,12044,Rudosil Tablet,Tablet,,Anti-Diabetic
5416,12045,Udisil Tablet,Tablet,,Anti-Diabetic
5417,12046,Udc-Sm 140mg/300mg Tablet,Tablet,,Anti-Diabetic
5418,12047,Trisyp Syrup,,47.25,Anti-Diabetic
5419,12048,Gemiuro Plus Tablet,Tablet,,Anti-Diabetic
5420,12049,Sazoliv Plus 140mg/300mg Tablet,Tablet,,Anti-Diabetic
5421,12050,Silirate-U 140mg/300mg Tablet,Tablet,,Anti-Diabetic
5422,12051,Udichol Plus 140mg/300mg Tablet,Tablet,297.5,Anti-Diabetic
5423,12052,Vadliv Sl 140mg/300mg Tablet,Tablet,,Anti-Diabetic
5424,12053,ND-Hep Tablet,Tablet,,Anti-Diabetic
5425,12054,Cremaffin Plus  Refreshing Sugar Free Syrup,,190.19,Anti-Diabetic
5426,12055,Cremalax Tablet,Tablet,117.89,Anti-Diabetic
5427,12056,Dulcolax Tablet,Tablet,,Anti-Diabetic
5428,12057,Gerbisa Tablet,Tablet,11.17,Anti-Diabetic
5429,12058,Gudlax-Plus Peppermint Sugar Free Laxative,,79.19,Anti-Diabetic
5430,12059,Mom Plus Suspension Sugar Free,Suspension,93.5,Anti-Diabetic
5431,12060,Cremaffin Plus  Syrup,,76.5,Anti-Diabetic
5432,12061,Cremaffin Fresh Tablet,Tablet,10.82,Anti-Diabetic
5433,12062,Lactihep Plus Oral Emulsion,,191.25,Anti-Diabetic
5434,12063,Piclin Oral Solution,Solution,94.35,Anti-Diabetic
5435,12064,Castophene Tablet,Tablet,,Anti-Diabetic
5436,12065,Piclin Kid Oral Solution,Solution,56.1,Anti-Diabetic
5437,12066,Dulcolax 10mg Tablet,Tablet,,Anti-Diabetic
5438,12067,Cremalax Liquid,,72.25,Anti-Diabetic
5439,12068,Gerbisa Suppository,,132.8,Anti-Diabetic
5440,12069,Freelex Tablet,Tablet,,Anti-Diabetic
5441,12070,Laxit Plus Syrup,,144.5,Anti-Diabetic
5442,12071,Piclin Tablet,Tablet,51.85,Anti-Diabetic
5443,12072,Colax 5mg/5ml Syrup,,93.07,Anti-Diabetic
5444,12073,Laxitas Oral Solution,Solution,127.07,Anti-Diabetic
5445,12074,Gerbisa Children Suppository,,47.05,Anti-Diabetic
5446,12075,Gerbisa L Syrup,,156.57,Anti-Diabetic
5447,12076,Colax Tablet,Tablet,59.07,Anti-Diabetic
5448,12077,Pixit Oral Solution,Solution,76.41,Anti-Diabetic
5449,12078,Bylax 5mg Tablet,Tablet,,Anti-Diabetic
5450,12079,Colax PM Syrup,,114.75,Anti-Diabetic
5451,12080,Softools Syrup,,63.75,Anti-Diabetic
5452,12081,Oslax Laxative Oral Solution,Solution,78.96,Anti-Diabetic
5453,12082,Picsul Plus Syrup,,93.5,Anti-Diabetic
5454,12083,Julax 5mg Tablet,Tablet,,Anti-Diabetic
5455,12084,Colvac Tablet,Tablet,50.15,Anti-Diabetic
5456,12085,Picolax Suspension,Suspension,55.25,Anti-Diabetic
5457,12086,Laxoclear Syrup,,22.31,Anti-Diabetic
5458,12087,Laxoclear Tablet,Tablet,34,Anti-Diabetic
5459,12088,Kinlax Plus Sugar Free Syrup Pineapple,,151.3,Anti-Diabetic
5460,12089,Eva Q Plus Strawberry Mint Sugar Free Oral Emulsion,,51,Anti-Diabetic
5461,12090,Pico-Soft Syrup,,71.4,Anti-Diabetic
5462,12091,Laxobig  Syrup,,97.75,Anti-Diabetic
5463,12092,Ducolex 5mg Tablet,Tablet,,Anti-Diabetic
5464,12093,Camopan 100mg Tablet,Tablet,,Anti-Diabetic
5465,12094,Wegazyme Syrup,,,Anti-Diabetic
5466,12095,TAGON 6 MG TABLET,Tablet,,Anti-Diabetic
5467,12096,Tegibs 6mg Tablet,Tablet,,Anti-Diabetic
5468,12097,Tibs 6mg Tablet,Tablet,,Anti-Diabetic
5469,12098,IRBEZ 150 MG TABLET,Tablet,,Anti-Diabetic
5470,12099,Tagon 2mg Tablet,Tablet,,Anti-Diabetic
5471,12100,Tegibs 2mg Tablet,Tablet,,Anti-Diabetic
5472,12101,Ibsinorm 6mg Tablet,Tablet,,Anti-Diabetic
5473,12102,Tegod 6mg Tablet,Tablet,,Anti-Diabetic
5474,12103,Tegaspa 6mg Tablet,Tablet,,Anti-Diabetic
5475,12104,Tegaser 6mg Tablet,Tablet,,Anti-Diabetic
5476,12105,Ibsinorm 2mg Tablet,Tablet,,Anti-Diabetic
5477,12106,Pan-D Capsule PR,Capsule,161.5,Anti-Diabetic
5478,12107,Pantocid DSR Capsule,Capsule,174.25,Anti-Diabetic
5479,12108,Pantop-D SR Capsule,Capsule,100.72,Anti-Diabetic
5480,12109,Cyra-D Capsule,Capsule,36.55,Anti-Diabetic
5481,12110,Razo-D Capsule SR,Capsule,230.77,Anti-Diabetic
5482,12111,Aciloc RD 20 Tablet,Tablet,36.29,Anti-Diabetic
5483,12112,Pantop-D Capsule,Capsule,79.05,Anti-Diabetic
5484,12113,Sompraz D 40 Capsule SR,Capsule,90.95,Anti-Diabetic
5485,12114,Perinorm Tablet,Tablet,11.04,Anti-Diabetic
5486,12115,Nexpro RD 40  Capsule SR,Capsule,126.27,Anti-Diabetic
5487,12116,Razo 20 Tablet,Tablet,170.64,Anti-Diabetic
5488,12117,Omez-Dsr Capsule,Capsule,137.27,Anti-Diabetic
5489,12118,Rabemac-DSR Capsule,Capsule,101.91,Anti-Diabetic
5490,12119,Veloz D Capsule SR,Capsule,132.39,Anti-Diabetic
5491,12120,Dompan Tablet,Tablet,84.15,Anti-Diabetic
5492,12121,Ganaton Tablet,Tablet,106.93,Anti-Diabetic
5493,12122,Sompraz L Capsule SR,Capsule,197.2,Anti-Diabetic
5494,12123,Cyra Tablet,Tablet,18.7,Anti-Diabetic
5495,12124,Veloz 20 Tablet,Tablet,120.15,Anti-Diabetic
5496,12125,New Pantosec D SR Capsule,Capsule,96.9,Anti-Diabetic
5497,12126,Ganaton Total Capsule SR,Capsule,326.91,Anti-Diabetic
5498,12127,Rabekind-DSR Capsule,Capsule,68.42,Anti-Diabetic
5499,12128,Nexpro L Capsule ER,Capsule,221.08,Anti-Diabetic
5500,12129,Pantocid L  Capsule SR,Capsule,189.34,Anti-Diabetic
5501,12130,Pantakind-DSR Capsule,Capsule,75.27,Anti-Diabetic
5502,12131,Rablet 20 Tablet,Tablet,128.35,Anti-Diabetic
5503,12132,Grenil Tablet,Tablet,39.52,Anti-Diabetic
5504,12133,Perinorm Injection,Injection,4.44,Anti-Diabetic
5505,12134,Domstal 10mg Tablet,Tablet,22.78,Anti-Diabetic
5506,12135,Domstal Baby Oral Drops,,58.82,Anti-Diabetic
5507,12136,Rablet D Capsule SR,Capsule,141.18,Anti-Diabetic
5508,12137,Rabium-DSR Capsule,Capsule,136.85,Anti-Diabetic
5509,12138,Pantodac DSR Capsule,Capsule,194.31,Anti-Diabetic
5510,12139,Omee D Capsule,Capsule,123.25,Anti-Diabetic
5511,12140,Rabekind 20 Tablet,Tablet,31.55,Anti-Diabetic
5512,12141,Cintodac  Capsule,Capsule,276.17,Anti-Diabetic
5513,12142,RABEPRAZOLE SODIUM 20 MG TABLET,Tablet,,Anti-Diabetic
5514,12143,Rekool D Capsule SR,Capsule,204.51,Anti-Diabetic
5515,12144,Rabium 20 Tablet,Tablet,99.45,Anti-Diabetic
5516,12145,Hepamerz Tablet,Tablet,155.55,Anti-Diabetic
5517,12146,Hepamerz Injection 10ml,Injection,1453.5,Anti-Diabetic
5518,12147,Hepamerz Granules,,245,Anti-Diabetic
5519,12148,Maxiliv Injection,Injection,1118.17,Anti-Diabetic
5520,12149,Silybon Suspension,Suspension,167,Anti-Diabetic
5521,12150,Glutaup 500mg Tablet,Tablet,765,Anti-Diabetic
5522,12151,HEPA MERZ OA SYRUP,,,Anti-Diabetic
5523,12152,Lornit Sachet,,176.15,Anti-Diabetic
5524,12153,Livolin S Capsule,Capsule,,Anti-Diabetic
5525,12154,Mariliv DS Oral Suspension,Suspension,,Anti-Diabetic
5526,12155,Lornit Infusion,,276.76,Anti-Diabetic
5527,12156,Detox Tablet,Tablet,42.5,Anti-Diabetic
5528,12157,Hepamerz 150mg/100mg Tablet,Tablet,,Anti-Diabetic
5529,12158,Livcare Syrup,,78.62,Anti-Diabetic
5530,12159,Hepagard  Tablet,Tablet,,Anti-Diabetic
5531,12160,Limarin 140 Capsule,Capsule,118.2,Anti-Diabetic
5532,12161,Lornit 150 Tablet,Tablet,120.25,Anti-Diabetic
5533,12162,Hepasil Syrup,,,Anti-Diabetic
5534,12163,Analiv 500 Tablet,Tablet,158,Anti-Diabetic
5535,12164,Higado L Syrup,,,Anti-Diabetic
5536,12165,Thiotres Injection,Injection,1017.45,Anti-Diabetic
5537,12166,Mariliv Drop,,,Anti-Diabetic
5538,12167,Lornit 500 Tablet,Tablet,191.05,Anti-Diabetic
5539,12168,Glutone 600mg Injection,Injection,1020,Anti-Diabetic
5540,12169,Ralgyz Soft Gelatin Capsule,Capsule,1230.37,Anti-Diabetic
5541,12170,Hepagard  Granules,,142.75,Anti-Diabetic
5542,12171,Hepafresh Injection,Injection,1028.5,Anti-Diabetic
5543,12172,Samlol Sachet,,135,Anti-Diabetic
5544,12173,Heparid Syrup,,,Anti-Diabetic
5545,12174,Xetox Injection,Injection,1104.66,Anti-Diabetic
5546,12175,Eliv Syrup,,,Anti-Diabetic
5547,12176,Hepagard  Injection,Injection,,Anti-Diabetic
5548,12177,Hepalair  150 mg/100 mg Tablet,Tablet,72.25,Anti-Diabetic
5549,12178,Livogard Tablet,Tablet,115.94,Anti-Diabetic
5550,12179,Biohep Tablet,Tablet,79.3,Anti-Diabetic
5551,12180,Glutaup 600mg Injection,Injection,847.54,Anti-Diabetic
5552,12181,Rejuliv Syrup,,,Anti-Diabetic
5553,12182,Higado L Capsule,Capsule,,Anti-Diabetic
5554,12183,Hepacure Tablet,Tablet,,Anti-Diabetic
5555,12184,Metrogyl 400 Tablet,Tablet,18.18,Anti-Diabetic
5556,12185,O2 Tablet,Tablet,116.66,Anti-Diabetic
5557,12186,Ciplox 500 Tablet,Tablet,34.62,Anti-Diabetic
5558,12187,Oflox OZ Tablet,Tablet,121.74,Anti-Diabetic
5559,12188,Zenflox-OZ Tablet,Tablet,83.21,Anti-Diabetic
5560,12189,Norflox-TZ RF Tablet,Tablet,75.51,Anti-Diabetic
5561,12190,Rifagut 400 Tablet,Tablet,284.75,Anti-Diabetic
5562,12191,Flagyl 400 Tablet,Tablet,18.13,Anti-Diabetic
5563,12192,Ciplox TZ  Tablet,Tablet,109.56,Anti-Diabetic
5564,12193,O2 M Oral Suspension,Suspension,48.53,Anti-Diabetic
5565,12194,Rifagut 550 Tablet,Tablet,335.75,Anti-Diabetic
5566,12195,Cifran 500 Tablet,Tablet,34.61,Anti-Diabetic
5567,12196,Ornof Tablet,Tablet,92.56,Anti-Diabetic
5568,12197,Metrogyl Suspension,Suspension,25.6,Anti-Diabetic
5569,12198,Metrogyl Gel,,76.28,Anti-Diabetic
5570,12199,Walamycin Suspension,Suspension,40.16,Anti-Diabetic
5571,12200,Metrogyl 200 Tablet,Tablet,9.89,Anti-Diabetic
5572,12201,Cifran CT Tablet,Tablet,102.85,Anti-Diabetic
5573,12202,Rcifax 400 Tablet,Tablet,299.5,Anti-Diabetic
5574,12203,Lomotil Tablet,Tablet,,Anti-Diabetic
5575,12204,Metrogyl ER Tablet,Tablet,48.08,Anti-Diabetic
5576,12205,Lomofen Tablet,Tablet,,Anti-Diabetic
5577,12206,Oflomac-M Forte Suspension,Suspension,28.39,Anti-Diabetic
5578,12207,Brakke Tablet,Tablet,106.08,Anti-Diabetic
5579,12208,Zanocin OZ Tablet,Tablet,119.42,Anti-Diabetic
5580,12209,Nor Metrogyl Suspension,Suspension,,Anti-Diabetic
5581,12210,Nor-TZ Tablet,Tablet,35.7,Anti-Diabetic
5582,12211,Tiniba 500 Tablet,Tablet,91.46,Anti-Diabetic
5583,12212,Rifagut Tablet,Tablet,139.82,Anti-Diabetic
5584,12213,Orni-O Tablet,Tablet,161.24,Anti-Diabetic
5585,12214,Metrogyl Injection,Injection,19.4,Anti-Diabetic
5586,12215,Ciprodac 500 Tablet,Tablet,34.58,Anti-Diabetic
5587,12216,Ciprobid 500 Tablet,Tablet,34.58,Anti-Diabetic
5588,12217,Oflomac OZ Tablet,Tablet,126.22,Anti-Diabetic
5589,12218,Colistin Injection,Injection,1019.15,Anti-Diabetic
5590,12219,Oflox OZ Suspension,Suspension,,Anti-Diabetic
5591,12220,Flagyl Suspension,Suspension,25.59,Anti-Diabetic
5592,12221,Nor-Metrogyl Plus Tablet,Tablet,37.14,Anti-Diabetic
5593,12222,Cipro 500mg Tablet,Tablet,17,Anti-Diabetic
5594,12223,Ciplox 250 Tablet,Tablet,19.68,Anti-Diabetic
5595,12224,VSL 3 Capsule,Capsule,316.2,Anti-Diabetic
5596,12225,Saaz -DS Tablet DR,Tablet,107.95,Anti-Diabetic
5597,12226,Saaz Tablet DR,Tablet,51.17,Anti-Diabetic
5598,12227,Sazo 500 Tablet,Tablet,56.69,Anti-Diabetic
5599,12228,Sazo 1000 Tablet DR,Tablet,161.5,Anti-Diabetic
5600,12229,Visbiome Capsule,Capsule,318.75,Anti-Diabetic
5601,12230,Salazar Tablet DR,Tablet,37.79,Anti-Diabetic
5602,12231,VSL 3 Lite Capsule,Capsule,136,Anti-Diabetic
5603,12232,Salazar DS Tablet DR,Tablet,122.31,Anti-Diabetic
5604,12233,Sazo EN 500mg Tablet,Tablet,74.8,Anti-Diabetic
5605,12234,Salazopyrin 500mg Tablet,Tablet,35.21,Anti-Diabetic
5606,12235,Sazo 1000mg Tablet,Tablet,82.02,Anti-Diabetic
5607,12236,SSN - DS Tablet DR,Tablet,122.4,Anti-Diabetic
5608,12237,Salazar DS Tablet,Tablet,122.31,Anti-Diabetic
5609,12238,Sazolet 500mg Tablet,Tablet,34.46,Anti-Diabetic
5610,12239,Balacol 750mg Capsule,Capsule,,Anti-Diabetic
5611,12240,SSN 500 Tablet DR,Tablet,53.55,Anti-Diabetic
5612,12241,COLOREX 750MG CAPSULE,Capsule,,Anti-Diabetic
5613,12242,Sulfazine Tablet,Tablet,72.25,Anti-Diabetic
5614,12243,Sazo EN 1000mg Tablet,Tablet,153.42,Anti-Diabetic
5615,12244,Zemosal 500mg Tablet,Tablet,46.75,Anti-Diabetic
5616,12245,Conisazz 500mg Tablet DR,Tablet,37.06,Anti-Diabetic
5617,12246,Cozabal 750mg Tablet,Tablet,76.5,Anti-Diabetic
5618,12247,SFZ DS 1000mg Tablet,Tablet,97.84,Anti-Diabetic
5619,12248,Sazomith 500mg Tablet,Tablet,55.25,Anti-Diabetic
5620,12249,Intazide 750mg Capsule,Capsule,,Anti-Diabetic
5621,12250,Balsacol 750mg Capsule,Capsule,82.98,Anti-Diabetic
5622,12251,Colizine 500mg Tablet,Tablet,46.75,Anti-Diabetic
5623,12252,Iwata 500mg Tablet,Tablet,48.76,Anti-Diabetic
5624,12253,Rhemosaz 500mg Capsule,Capsule,55.12,Anti-Diabetic
5625,12254,DavaIndia Sulfasalazine 1000mg Tablet,Tablet,59.5,Anti-Diabetic
5626,12255,DavaIndia Sulfasalazine 500mg Tablet,Tablet,34,Anti-Diabetic
5627,12256,Lopamide Tablet,Tablet,17.64,Anti-Diabetic
5628,12257,Eldoper 2mg Capsule,Capsule,31.32,Anti-Diabetic
5629,12258,Imodium Capsule,Capsule,13.43,Anti-Diabetic
5630,12259,ROKO Capsule,Capsule,17.53,Anti-Diabetic
5631,12260,Ridol 2mg Tablet,Tablet,17.04,Anti-Diabetic
5632,12261,Lomofen Plus Tablet,Tablet,37.31,Anti-Diabetic
5633,12262,Andial 2mg Tablet,Tablet,18.7,Anti-Diabetic
5634,12263,Sestil AD 2mg Tablet,Tablet,21.92,Anti-Diabetic
5635,12264,Lopox 2mg Tablet,Tablet,8.5,Anti-Diabetic
5636,12265,Lopramide 2mg Tablet,Tablet,4.25,Anti-Diabetic
5637,12266,Loparet 2mg Tablet,Tablet,18.7,Anti-Diabetic
5638,12267,Imosec M 2mg/125mg Tablet,Tablet,,Anti-Diabetic
5639,12268,Eldopar 2mg Capsule,Capsule,31.32,Anti-Diabetic
5640,12269,Lopro 2mg Tablet,Tablet,8.5,Anti-Diabetic
5641,12270,Lomide 2mg Tablet,Tablet,16.32,Anti-Diabetic
5642,12271,Lopar Tablet,Tablet,11.22,Anti-Diabetic
5643,12272,Lomo Tablet,Tablet,17,Anti-Diabetic
5644,12273,Lomotin Tablet,Tablet,15.3,Anti-Diabetic
5645,12274,Lopra Tablet,Tablet,17.61,Anti-Diabetic
5646,12275,StayHappi Loperamide 2mg Capsule,Capsule,11.9,Anti-Diabetic
5647,12276,Lopamax 2mg Tablet,Tablet,3.19,Anti-Diabetic
5648,12277,Lopex 2mg Capsule,Capsule,28.9,Anti-Diabetic
5649,12278,Diarsec 2mg Tablet,Tablet,16.12,Anti-Diabetic
5650,12279,Loramyl 2mg Tablet,Tablet,22.25,Anti-Diabetic
5651,12280,Lupidium Tablet,Tablet,8.07,Anti-Diabetic
5652,12281,El Par 2mg Capsule,Capsule,22.1,Anti-Diabetic
5653,12282,Eldoper Suspension,Suspension,340,Anti-Diabetic
5654,12283,Dyrid Tablet,Tablet,17.85,Anti-Diabetic
5655,12284,Lomid 2mg Capsule,Capsule,35.7,Anti-Diabetic
5656,12285,Eltofer Capsule,Capsule,31.99,Anti-Diabetic
5657,12286,Lomide Tablet,Tablet,9.1,Anti-Diabetic
5658,12287,Lomonex 2mg Tablet,Tablet,10.75,Anti-Diabetic
5659,12288,Lopidus Capsule,Capsule,5.31,Anti-Diabetic
5660,12289,Andial Liquid,,9.67,Anti-Diabetic
5661,12290,Lopipen 2mg Tablet,Tablet,5.31,Anti-Diabetic
5662,12291,Lomofar 2mg Capsule,Capsule,15.3,Anti-Diabetic
5663,12292,Lopide Capsule,Capsule,15.3,Anti-Diabetic
5664,12293,Lomocon 2mg Tablet,Tablet,15.72,Anti-Diabetic
5665,12294,Lopramed 2mg Tablet,Tablet,12.75,Anti-Diabetic
5666,12295,Muout Oral Solution,Solution,308,Anti-Diabetic
5667,12296,Looz Peg Oral Solution Orange,Solution,326,Anti-Diabetic
5668,12297,Junior Cipeg Powder for Oral Solution,Solution,242,Anti-Diabetic
5669,12298,Stemetil MD Tablet,Tablet,60.77,Anti-Diabetic
5670,12299,Avomine Tablet,Tablet,,Anti-Diabetic
5671,12300,Phenergan Syrup,,,Anti-Diabetic
5672,12301,Doxinate Plus Tablet,Tablet,178.59,Anti-Diabetic
5673,12302,Diligan 25 Tablet,Tablet,134.64,Anti-Diabetic
5674,12303,Stemetil Injection,Injection,14.4,Anti-Diabetic
5675,12304,Vomilast Tablet,Tablet,42.5,Anti-Diabetic
5676,12305,Pregnidoxin Tablet,Tablet,38.25,Anti-Diabetic
5677,12306,Phenergan Injection,Injection,,Anti-Diabetic
5678,12307,Phenergan 25 Tablet,Tablet,,Anti-Diabetic
5679,12308,Emikind -MD Tablet,Tablet,34.2,Anti-Diabetic
5680,12309,Doxinate Forte Tablet,Tablet,87.09,Anti-Diabetic
5681,12310,Vomilast -OD Tablet,Tablet,70.12,Anti-Diabetic
5682,12311,Acuvert Tablet,Tablet,51.65,Anti-Diabetic
5683,12312,Sysfol Plus Tablet,Tablet,35.7,Anti-Diabetic
5684,12313,PNV Tablet,Tablet,24.82,Anti-Diabetic
5685,12314,Phenergan 10 Tablet,Tablet,,Anti-Diabetic
5686,12315,Emidoxyn 5mg Tablet MD,Tablet,58.07,Anti-Diabetic
5687,12316,Vominos Tablet,Tablet,51,Anti-Diabetic
5688,12317,Aprecap 125/80 Capsule,Capsule,850.85,Anti-Diabetic
5689,12318,Sinate -OD Tablet,Tablet,169.15,Anti-Diabetic
5690,12319,Vominos 25mg Tablet,Tablet,49.3,Anti-Diabetic
5691,12320,Doxyla B6 Plus Tablet,Tablet,43.35,Anti-Diabetic
5692,12321,Rest Aid Plus Tablet,Tablet,119.76,Anti-Diabetic
5693,12322,NV Tablet,Tablet,28.9,Anti-Diabetic
5694,12323,Goodmorn Plus Tablet,Tablet,161.75,Anti-Diabetic
5695,12324,Oxidox 10mg/10mg/2.5mg Capsule,Capsule,110.07,Anti-Diabetic
5696,12325,Avomine 25mg Tablet MD,Tablet,,Anti-Diabetic
5697,12326,Vomirap Tablet MD,Tablet,26.26,Anti-Diabetic
5698,12327,Nausetil 5mg Tablet,Tablet,11.9,Anti-Diabetic
5699,12328,Systel 5mg Tablet,Tablet,34,Anti-Diabetic
5700,12329,Phenergan Plus Syrup,,,Anti-Diabetic
5701,12330,Easypreg OD 20mg/20mg/5mg Tablet,Tablet,73.02,Anti-Diabetic
5702,12331,Doxynate Plus 20mg/20mg/5mg Tablet,Tablet,55.25,Anti-Diabetic
5703,12332,Vertex 5mg Tablet,Tablet,23.2,Anti-Diabetic
5704,12333,Sinate Tablet,Tablet,110.5,Anti-Diabetic
5705,12334,Resvom-MD Tablet,Tablet,34,Anti-Diabetic
5706,12335,Avomine 25mg Tablet,Tablet,,Anti-Diabetic
5707,12336,Pregvom Plus 10mg/10mg/5mg Tablet,Tablet,7.01,Anti-Diabetic
5708,12337,Lubowel 24 Soft Gelatin Capsule,Capsule,294.1,Anti-Diabetic
5709,12338,Lubowel 8 Soft Gelatin Capsule,Capsule,172.55,Anti-Diabetic
5710,12339,Enzar Forte  Tablet,Tablet,115.17,Anti-Diabetic
5711,12340,Panlipase Capsule,Capsule,193.8,Anti-Diabetic
5712,12341,Creon 25000 Capsule,Capsule,695.97,Anti-Diabetic
5713,12342,Creon 10000 Capsule,Capsule,280.37,Anti-Diabetic
5714,12343,Enzar-HS Capsule,Capsule,446.21,Anti-Diabetic
5715,12344,Panlipase 25000 Capsule,Capsule,459,Anti-Diabetic
5716,12345,Festal N  Tablet,Tablet,85.85,Anti-Diabetic
5717,12346,Lupase 10000 Tablet,Tablet,164.43,Anti-Diabetic
5718,12347,Digemax Tablet,Tablet,280.07,Anti-Diabetic
5719,12348,Enzar 10000 Capsule,Capsule,204.08,Anti-Diabetic
5720,12349,Lupase 25000 Tablet,Tablet,328.78,Anti-Diabetic
5721,12350,Digeplex T Tablet,Tablet,126.48,Anti-Diabetic
5722,12351,Agna 10000 Capsule DR,Capsule,198.22,Anti-Diabetic
5723,12352,Digeplex 500mg Tablet,Tablet,,Anti-Diabetic
5724,12353,Cadipan 300mg Capsule,Capsule,127.5,Anti-Diabetic
5725,12354,Panzynorm-HS Tablet,Tablet,403.07,Anti-Diabetic
5726,12355,Panstal Capsule,Capsule,136.42,Anti-Diabetic
5727,12356,Agna 25000 Capsule DR,Capsule,462.82,Anti-Diabetic
5728,12357,Panzynorm-N Tablet,Tablet,201.7,Anti-Diabetic
5729,12358,Creon 40000 Capsule,Capsule,900.97,Anti-Diabetic
5730,12359,Neutrizyme P Tablet,Tablet,76.11,Anti-Diabetic
5731,12360,Pancrehenz 25000 Capsule,Capsule,374,Anti-Diabetic
5732,12361,Serutan 212.5mg Tablet,Tablet,90.05,Anti-Diabetic
5733,12362,Panstal Plus 10000 Capsule DR,Capsule,168.3,Anti-Diabetic
5734,12363,Enzelo 150mg Tablet,Tablet,157.25,Anti-Diabetic
5735,12364,Enzox-Forte Tablet,Tablet,133.87,Anti-Diabetic
5736,12365,Enzabil Tablet,Tablet,50.15,Anti-Diabetic
5737,12366,Creon SD Minimicrospheres,,2550,Anti-Diabetic
5738,12367,Enzase 10000 Tablet,Tablet,136,Anti-Diabetic
5739,12368,Panstal N Tablet,Tablet,35.25,Anti-Diabetic
5740,12369,Enzase 25000 Tablet,Tablet,297.5,Anti-Diabetic
5741,12370,Enzar Forte  170 mg/65 mg Liquid,,72.25,Anti-Diabetic
5742,12371,Pancrehenz 10000 Capsule,Capsule,161.5,Anti-Diabetic
5743,12372,Enzar 40000 Capsule,Capsule,716.93,Anti-Diabetic
5744,12373,Lipcerna 25000 Capsule DR,Capsule,425,Anti-Diabetic
5745,12374,Panmate Capsule,Capsule,361.25,Anti-Diabetic
5746,12375,Enzelo 300mg Tablet,Tablet,340,Anti-Diabetic
5747,12376,Creopase Capsule,Capsule,272,Anti-Diabetic
5748,12377,Encremin Capsule,Capsule,340,Anti-Diabetic
5749,12378,Drotin DS Tablet,Tablet,143.62,Anti-Diabetic
5750,12379,Drotin Tablet,Tablet,50.42,Anti-Diabetic
5751,12380,Buscopan 10mg Tablet,Tablet,,Anti-Diabetic
5752,12381,Anafortan 25 mg/300 mg Tablet,Tablet,91.67,Anti-Diabetic
5753,12382,Hyocimax-S Tablet,Tablet,38.25,Anti-Diabetic
5754,12383,Colospa Retard Capsule,Capsule,326.14,Anti-Diabetic
5755,12384,Drotin Injection 2ml,Injection,219.64,Anti-Diabetic
5756,12385,Colospa Tablet,Tablet,228.99,Anti-Diabetic
5757,12386,Hyocimax Tablet,Tablet,,Anti-Diabetic
5758,12387,Mebiz SR Capsule,Capsule,178.5,Anti-Diabetic
5759,12388,Buscopan 20mg Injection,Injection,8.28,Anti-Diabetic
5760,12389,Normaxin-MB Capsule SR,Capsule,79.9,Anti-Diabetic
5761,12390,Drotin DS Oral Suspension,Suspension,56.54,Anti-Diabetic
5762,12391,Anaspas Tablet,Tablet,78.62,Anti-Diabetic
5763,12392,Anafortan Injection,Injection,21.04,Anti-Diabetic
5764,12393,Anafortan Syrup,,71.48,Anti-Diabetic
5765,12394,Drotin Suspension Sugar Free,Suspension,118.35,Anti-Diabetic
5766,12395,Buscogast 20mg Injection,Injection,9.72,Anti-Diabetic
5767,12396,Nebzmart-G 25mcg Smartules 2ml,,167.45,Anti-Diabetic
5768,12397,Glycolate 1 Tablet,Tablet,62.9,Anti-Diabetic
5769,12398,Airz Capsule,Capsule,381.65,Anti-Diabetic
5770,12399,Buscopan Plus 10 mg/500 mg Tablet,Tablet,,Anti-Diabetic
5771,12400,Menoctyl Tablet,Tablet,96.05,Anti-Diabetic
5772,12401,Eldicet Tablet,Tablet,241.24,Anti-Diabetic
5773,12402,Meva SR Capsule,Capsule,147.47,Anti-Diabetic
5774,12403,Morease Tablet,Tablet,75.22,Anti-Diabetic
5775,12404,Bigspas-P Tablet,Tablet,59.39,Anti-Diabetic
5776,12405,Spasmonorm Tablet,Tablet,47.86,Anti-Diabetic
5777,12406,Anafortan-MF 50mg/250mg Tablet,Tablet,65.4,Anti-Diabetic
5778,12407,Cizaspa-SR Capsule,Capsule,110.5,Anti-Diabetic
5779,12408,Spasmindon Tablet,Tablet,,Anti-Diabetic
5780,12409,Morease- SR Capsule,Capsule,122.02,Anti-Diabetic
5781,12410,Colirid Tablet,Tablet,122.48,Anti-Diabetic
5782,12411,Anaspas 25mg Injection,Injection,25.5,Anti-Diabetic
5783,12412,Matiz SR Capsule,Capsule,162.35,Anti-Diabetic
5784,12413,Drotikind 80mg Tablet,Tablet,55.99,Anti-Diabetic
5785,12414,Pyrolate Injection,Injection,10.88,Anti-Diabetic
5786,12415,Myo Pyrolate Injection,Injection,65.62,Anti-Diabetic
5787,12416,Ibset Tablet,Tablet,319.43,Anti-Diabetic
5788,12417,Doran-O Tablet,Tablet,,Anti-Diabetic
5789,12418,Grandem Syrup,,32,Anti-Diabetic
5790,12419,Graniforce Syrup,,37.27,Anti-Diabetic
5791,12420,Graniforce -MD Tablet,Tablet,62.22,Anti-Diabetic
5792,12421,Grandem MD Tablet,Tablet,37.65,Anti-Diabetic
5793,12422,Grandem 1 Tablet,Tablet,37.65,Anti-Diabetic
5794,12423,EME OD Tablet MD,Tablet,211.65,Anti-Diabetic
5795,12424,Grandem Injection,Injection,26.84,Anti-Diabetic
5796,12425,Graniset 1mg Injection,Injection,70.55,Anti-Diabetic
5797,12426,Graniset 1 Tablet,Tablet,94.35,Anti-Diabetic
5798,12427,Granirex 1mg Tablet MD,Tablet,60.77,Anti-Diabetic
5799,12428,Palozac 0.50 Capsule,Capsule,96.47,Anti-Diabetic
5800,12429,Nozia Tablet,Tablet,80.66,Anti-Diabetic
5801,12430,Nozia Injection,Injection,38.84,Anti-Diabetic
5802,12431,Doran-O 4mg/50mg Injection,Injection,15.7,Anti-Diabetic
5803,12432,Ondem P 4mg/500mg Syrup,,,Anti-Diabetic
5804,12433,Graniforce 1mg Injection,Injection,,Anti-Diabetic
5805,12434,Themiset 75mg Injection,Injection,,Anti-Diabetic
5806,12435,Emefast O 4mg/10mg Tablet,Tablet,,Anti-Diabetic
5807,12436,Graniforce 1mg Tablet,Tablet,51.42,Anti-Diabetic
5808,12437,Palnox 0.25mg Injection,Injection,,Anti-Diabetic
5809,12438,Palzen 0.25mg Injection,Injection,119,Anti-Diabetic
5810,12439,Granirex Syrup,,24.65,Anti-Diabetic
5811,12440,Granicip 1 DT Tablet,Tablet,78.2,Anti-Diabetic
5812,12441,Granirex 2mg Tablet,Tablet,61.71,Anti-Diabetic
5813,12442,Ranidom ON + Rantdn Injection,Injection,12.55,Anti-Diabetic
5814,12443,Granirex Injection,Injection,14.96,Anti-Diabetic
5815,12444,Gendon-O 4mg/20mg Tablet,Tablet,,Anti-Diabetic
5816,12445,Granexa 1mg Tablet,Tablet,13.7,Anti-Diabetic
5817,12446,Granicip Injection,Injection,51,Anti-Diabetic
5818,12447,Anset O Tablet,Tablet,,Anti-Diabetic
5819,12448,Granilet 1mg Syrup,,55.21,Anti-Diabetic
5820,12449,Reden O 2 mg/150 mg Tablet,Tablet,36.12,Anti-Diabetic
5821,12450,Anset R Injection,Injection,18.23,Anti-Diabetic
5822,12451,Vomer O Tablet,Tablet,,Anti-Diabetic
5823,12452,Aloxy Capsule,Capsule,63.34,Anti-Diabetic
5824,12453,Magidon 1mg Injection,Injection,61.45,Anti-Diabetic
5825,12454,Looz Syrup Orange,,,Anti-Diabetic
5826,12455,Duphalac Oral Solution,Solution,,Anti-Diabetic
5827,12456,Lactihep Syrup,,509.5,Anti-Diabetic
5828,12457,Duphalac Oral Solution Lemon,Solution,515.02,Anti-Diabetic
5829,12458,Emty Oral Solution,Solution,228.9,Anti-Diabetic
5830,12459,Smuth Suspension,Suspension,,Anti-Diabetic
5831,12460,Eva Q Syrup,,245,Anti-Diabetic
5832,12461,Evict Oral Solution,Solution,228.9,Anti-Diabetic
5833,12462,Looz Oral Solution,Solution,228.9,Anti-Diabetic
5834,12463,Looz Syrup,,,Anti-Diabetic
5835,12464,Smuth Capsule,Capsule,136,Anti-Diabetic
5836,12465,Gutclear Syrup,,236.05,Anti-Diabetic
5837,12466,Laxitol Syrup,,236.5,Anti-Diabetic
5838,12467,Emoderm Cream,,74.37,Anti-Diabetic
5839,12468,Looz Enema,,331,Anti-Diabetic
5840,12469,Liquid Parafin,,57.8,Anti-Diabetic
5841,12470,Livoluk Kid Oral Solution,Solution,68.6,Anti-Diabetic
5842,12471,Smulax Liquid,,114.45,Anti-Diabetic
5843,12472,Duphalac Fiber Oral Solution,Solution,228.9,Anti-Diabetic
5844,12473,Looz Enema Mini,,120,Anti-Diabetic
5845,12474,Duphalac Bulk Oral Solution Lemon,Solution,370,Anti-Diabetic
5846,12475,Freelex Syrup,,,Anti-Diabetic
5847,12476,DexLuz Lemon Oral Solution Sugar Free,Solution,370,Anti-Diabetic
5848,12477,Eva Q Syrup Child Pack,,125,Anti-Diabetic
5849,12478,Livoluk Oral Solution,Solution,114.4,Anti-Diabetic
5850,12479,Laxil Oral Solution,Solution,,Anti-Diabetic
5851,12480,Lacsyp  Syrup,,224.45,Anti-Diabetic
5852,12481,Lactomed Suspension,Suspension,,Anti-Diabetic
5853,12482,Laxopeg Syrup,,,Anti-Diabetic
5854,12483,Totalax NF Syrup,,,Anti-Diabetic
5855,12484,Magnesium Sulphate 50%  Injection,Injection,9.73,Anti-Diabetic
5856,12485,Magneon 50% Injection,Injection,8.75,Anti-Diabetic
5857,12486,Swiftolac Syrup,,,Anti-Diabetic
5858,12487,Tinicline 250 mg/300 mg Tablet,Tablet,48.45,Anti-Diabetic
5859,12488,Zocon-T Kit,,53.29,Anti-Diabetic
5860,12489,Forcan TZ 150mg/1000mg Tablet,Tablet,31.45,Anti-Diabetic
5861,12490,Canfree Kit,,42.41,Anti-Diabetic
5862,12491,Fusys TZ Tablet,Tablet,43.55,Anti-Diabetic
5863,12492,Nuforce 150 mg/1000 mg Tablet,Tablet,18.62,Anti-Diabetic
5864,12493,Azostat 150 mg/1000 mg Kit,,32.3,Anti-Diabetic
5865,12494,SYSCAN CT 150 MG/1000 MG KIT,,,Anti-Diabetic
5866,12495,F Con AZ 150 mg/1000 mg Kit,,60.96,Anti-Diabetic
5867,12496,Canacrom-T Kit,,47.51,Anti-Diabetic
5868,12497,Flucoti 75 mg/1000 mg Tablet,Tablet,,Anti-Diabetic
5869,12498,VG 150 mg/1000 mg Kit,,37.87,Anti-Diabetic
5870,12499,CANCAP KIT 150 MG/1000 MG TABLET,Tablet,,Anti-Diabetic
5871,12500,Tin Tin 150 mg/1000 mg Kit,,28.91,Anti-Diabetic
5872,12501,Fluzide T Kit,,27.2,Anti-Diabetic
5873,12502,Antif X 150 mg/1000 mg Tablet,Tablet,36.12,Anti-Diabetic
5874,12503,Q Can TZ 150 mg/1000 mg Kit,,27.2,Anti-Diabetic
5875,12504,Cans 150mg/750mg Kit,,25.5,Anti-Diabetic
5876,12505,Flutini 150 mg/1000 mg Kit,,23.8,Anti-Diabetic
5877,12506,Provironum Tablet,Tablet,335.75,Anti-Diabetic
5878,12507,Ovigyn-DSR Tablet,Tablet,366.27,Anti-Diabetic
5879,12508,Danogen 100 Capsule,Capsule,269.82,Anti-Diabetic
5880,12509,Evaserve Tablet,Tablet,559.13,Anti-Diabetic
5881,12510,Danogen 200 Capsule,Capsule,439.32,Anti-Diabetic
5882,12511,Ovares -SR Tablet,Tablet,381.65,Anti-Diabetic
5883,12512,Ovaflo -SR Tablet,Tablet,197.98,Anti-Diabetic
5884,12513,Danogen 50 Capsule,Capsule,119.31,Anti-Diabetic
5885,12514,Restore 25mg Tablet,Tablet,170,Anti-Diabetic
5886,12515,Richova  -SR Tablet,Tablet,282.33,Anti-Diabetic
5887,12516,Ovafem Plus Tablet,Tablet,563.55,Anti-Diabetic
5888,12517,Ovalink Tablet SR,Tablet,390.83,Anti-Diabetic
5889,12518,Gonablok 50 Capsule,Capsule,349.35,Anti-Diabetic
5890,12519,Ovaflo 25mg Capsule,Capsule,,Anti-Diabetic
5891,12520,Gonablok 100 Capsule,Capsule,253.3,Anti-Diabetic
5892,12521,Zendol 100 Capsule,Capsule,235.7,Anti-Diabetic
5893,12522,Ovisterone SR Tablet,Tablet,330.65,Anti-Diabetic
5894,12523,Gynazol 100mg Capsule,Capsule,252.87,Anti-Diabetic
5895,12524,Ovares Soft Gelatin Capsule,Capsule,148.75,Anti-Diabetic
5896,12525,Coedhea Plus Capsule,Capsule,261.8,Anti-Diabetic
5897,12526,Coedhea SR Tablet,Tablet,349.35,Anti-Diabetic
5898,12527,Safeova Tablet,Tablet,382.5,Anti-Diabetic
5899,12528,Mestilon Tablet,Tablet,138.97,Anti-Diabetic
5900,12529,Dheapreg  75mg Capsule SR,Capsule,318.75,Anti-Diabetic
5901,12530,Gynazol 200mg Capsule,Capsule,378.25,Anti-Diabetic
5902,12531,Gonablok 200 Capsule,Capsule,586.5,Anti-Diabetic
5903,12532,Oviserv 75mg Tablet SR,Tablet,267.75,Anti-Diabetic
5904,12533,Prastova SR Tablet,Tablet,302.11,Anti-Diabetic
5905,12534,Ovasure 25mg Capsule,Capsule,119,Anti-Diabetic
5906,12535,Ovicard 75mg Tablet SR,Tablet,297.5,Anti-Diabetic
5907,12536,Testanon 50mg/1ml Injection,Injection,19.12,Anti-Diabetic
5908,12537,Viropace Tablet,Tablet,310.25,Anti-Diabetic
5909,12538,Zendol 200mg Capsule,Capsule,391.85,Anti-Diabetic
5910,12539,Gynazol 50mg Capsule,Capsule,116.45,Anti-Diabetic
5911,12540,Ovuspark 75mg Tablet SR,Tablet,294.1,Anti-Diabetic
5912,12541,Ovstore -SR Tablet,Tablet,377.4,Anti-Diabetic
5913,12542,D Fertile QSR Tablet,Tablet,339.15,Anti-Diabetic
5914,12543,Zendol 50mg Capsule,Capsule,108.37,Anti-Diabetic
5915,12544,Estore 25mg Tablet,Tablet,233.75,Anti-Diabetic
5916,12545,Fertofit Dhea 75mg Tablet,Tablet,229.5,Anti-Diabetic
5917,12546,HUCOG 5000 HP Injection,Injection,371.41,Anti-Diabetic
5918,12547,Hcg 5000IU Injection,Injection,337.6,Anti-Diabetic
5919,12548,Clofert 50 Tablet,Tablet,79.02,Anti-Diabetic
5920,12549,Lupi-HCG 5000 Injection,Injection,370.96,Anti-Diabetic
5921,12550,Fertyl Tablet,Tablet,71.31,Anti-Diabetic
5922,12551,Fertyl-M Tablet,Tablet,157.25,Anti-Diabetic
5923,12552,Siphene Tablet,Tablet,38.76,Anti-Diabetic
5924,12553,Fertomid 50 Tablet,Tablet,79.02,Anti-Diabetic
5925,12554,Siphene 100 Tablet,Tablet,56.78,Anti-Diabetic
5926,12555,CCQ 50 Tablet,Tablet,197.96,Anti-Diabetic
5927,12556,Lupride Depot  3.75mg Injection,Injection,3329.76,Anti-Diabetic
5928,12557,CCQ 100 Tablet,Tablet,210.37,Anti-Diabetic
5929,12558,CCQ 25 Tablet,Tablet,378.25,Anti-Diabetic
5930,12559,Luprodex Depot  3.75mg Injection,Injection,2101.2,Anti-Diabetic
5931,12560,Ovaa Shield DS Combipack,,710.6,Anti-Diabetic
5932,12561,Lupi-HMG 75 Injection,Injection,846.6,Anti-Diabetic
5933,12562,Clofert Max Tablet,Tablet,889.8,Anti-Diabetic
5934,12563,Sifasi Aqua 5000IU Injection,Injection,364.44,Anti-Diabetic
5935,12564,Clofert 25 Tablet,Tablet,203.22,Anti-Diabetic
5936,12565,Clofert 100 Tablet,Tablet,56.88,Anti-Diabetic
5937,12566,Eema HP 5000 Injection,Injection,359.35,Anti-Diabetic
5938,12567,Siphene -M Tablet,Tablet,132.6,Anti-Diabetic
5939,12568,Fertomid 25 Tablet,Tablet,59.13,Anti-Diabetic
5940,12569,Ova Plus 100mg Tablet,Tablet,288.15,Anti-Diabetic
5941,12570,HUCOG 10000 HP Injection,Injection,1095.65,Anti-Diabetic
5942,12571,Lupi-HMG 150 Injection,Injection,1328.64,Anti-Diabetic
5943,12572,Fertyl Super 100mg Tablet,Tablet,56.1,Anti-Diabetic
5944,12573,Lupi-HCG 10000 Injection,Injection,850,Anti-Diabetic
5945,12574,Goodova 50 Capsule,Capsule,232.82,Anti-Diabetic
5946,12575,Pubergen 5000IU Injection,Injection,364.48,Anti-Diabetic
5947,12576,Ivf C 5000IU Injection,Injection,382.5,Anti-Diabetic
5948,12577,Fertigyn HP 5000 Injection,Injection,364.51,Anti-Diabetic
5949,12578,Fertigyn 5000IU Injection,Injection,467.5,Anti-Diabetic
5950,12579,Lupride Injection,Injection,223.12,Anti-Diabetic
5951,12580,Clome 50 Tablet,Tablet,79.02,Anti-Diabetic
5952,12581,Clomipure 100 Capsule,Capsule,326.32,Anti-Diabetic
5953,12582,Lupi-Fsh 75 Injection,Injection,1045.5,Anti-Diabetic
5954,12583,Fertomid 100 Tablet,Tablet,55.51,Anti-Diabetic
5955,12584,HUCOG 2000 HP Injection,Injection,385.05,Anti-Diabetic
5956,12585,Folisurge 75 Injection,Injection,1449.25,Anti-Diabetic
5957,12586,Fas 3 Kit,,,Anti-Diabetic
5958,12587,AF Kit Tablet,Tablet,,Anti-Diabetic
5959,12588,Zocon AS Tablet,Tablet,,Anti-Diabetic
5960,12589,VDM Kit 150mg/1000mg/1000mg Tablet,Tablet,,Anti-Diabetic
5961,12590,Nuforce 3 Kit,,,Anti-Diabetic
5962,12591,Leezole-3  -Kit Tablet,Tablet,,Anti-Diabetic
5963,12592,Triokit 150mg/1000mg/1000mg Tablet,Tablet,,Anti-Diabetic
5964,12593,Gynotrim Kit,,,Anti-Diabetic
5965,12594,Secnil Kit,,,Anti-Diabetic
5966,12595,Nuforce SZ Kit,,,Anti-Diabetic
5967,12596,Afs 3 Kit,,,Anti-Diabetic
5968,12597,Azithral XP 150mg/1000mg/1000mg Tablet,Tablet,,Anti-Diabetic
5969,12598,PID 3 KIT,,,Anti-Diabetic
5970,12599,Azobat 3 Kit,,81.6,Anti-Diabetic
5971,12600,Triokit Combikit,,,Anti-Diabetic
5972,12601,Btc Kit,,,Anti-Diabetic
5973,12602,Fungid 3 Kit,,,Anti-Diabetic
5974,12603,Afo Kit 1000 mg/750 mg/150 mg Tablet,Tablet,,Anti-Diabetic
5975,12604,Saf Pid 150 mg/1000 mg/1000 mg Tablet,Tablet,,Anti-Diabetic
5976,12605,Onecan Trikit  150mg/1000mg/2000mg Kit,,,Anti-Diabetic
5977,12606,Seczi-3 Kit,,,Anti-Diabetic
5978,12607,Smf Kit 150 mg/500 mg/1000 mg Tablet,Tablet,,Anti-Diabetic
5979,12608,Aziwin FS Kit,,,Anti-Diabetic
5980,12609,Myconorm Kit,,,Anti-Diabetic
5981,12610,Saflab Kit,,84.46,Anti-Diabetic
5982,12611,Orflaz Kit,,,Anti-Diabetic
5983,12612,A-3 Kit,,80.41,Anti-Diabetic
5984,12613,Shie Kit 150 mg/1000 mg/1000 mg Tablet,Tablet,,Anti-Diabetic
5985,12614,Vaginobact 1000 mg/750 mg/150 mg Tablet,Tablet,,Anti-Diabetic
5986,12615,Azithro 150 mg/1000 mg/1000 mg Tablet,Tablet,,Anti-Diabetic
5987,12616,Eve 150mg/1000mg/1000mg Kit,,,Anti-Diabetic
5988,12617,AZAX FS KIT,,,Anti-Diabetic
5989,12618,Azined SF Kit,,,Anti-Diabetic
5990,12619,Dol-Kit,,82.54,Anti-Diabetic
5991,12620,F Zole AS Kit,,93.5,Anti-Diabetic
5992,12621,Saf Pid 150mg/1000mg/1000mg Tablet,Tablet,,Anti-Diabetic
5993,12622,Triokit VG Capsule,Capsule,,Anti-Diabetic
5994,12623,Safkit 150 mg/1000 mg/1000 mg Tablet,Tablet,,Anti-Diabetic
5995,12624,Azile-SF Kit,,80.75,Anti-Diabetic
5996,12625,FM 3 Kit,,,Anti-Diabetic
5997,12626,Orofer FCM Injection,Injection,2510.9,Anti-Diabetic
5998,12627,Orofer S 100 Injection,Injection,255.07,Anti-Diabetic
5999,12628,Nervijen Plus Injection,Injection,67.79,Anti-Diabetic
6000,12629,Ferinject Solution for Injection,Injection,2588.25,Anti-Diabetic
6001,12630,Eldervit 12 Combipack,,23.55,Anti-Diabetic
6002,12631,Vitcofol C Combipack Injection,Injection,12.22,Anti-Diabetic
6003,12632,Encicarb Injection,Injection,2284.93,Anti-Diabetic
6004,12633,Daily Iron Tablet,Tablet,45,Anti-Diabetic
6005,12634,Orofer S Injection,Injection,127.53,Anti-Diabetic
6006,12635,Orofer FCM 1K Injection,Injection,4568.32,Anti-Diabetic
6007,12636,Ferium Injection,Injection,2510.9,Anti-Diabetic
6008,12637,Jectocos Plus Injection 1.5ml,Injection,245.57,Anti-Diabetic
6009,12638,Orofer S 200 Injection,Injection,481.3,Anti-Diabetic
6010,12639,CB12 Injection,Injection,10.88,Anti-Diabetic
6011,12640,Hemfer 100mg Injection,Injection,,Anti-Diabetic
6012,12641,Imax-S Injection,Injection,200.95,Anti-Diabetic
6013,12642,Revofer Solution for Injection,Injection,2588.25,Anti-Diabetic
6014,12643,Ferikind-S 100 Injection,Injection,250.28,Anti-Diabetic
6015,12644,Ferium 1K Injection,Injection,4156.97,Anti-Diabetic
6016,12645,Isofer Injection,Injection,2465,Anti-Diabetic
6017,12646,Meaxon Plus Injection,Injection,99.45,Anti-Diabetic
6018,12647,Larinject 50mg Injection,Injection,1479,Anti-Diabetic
6019,12648,Jilazo Solution for Injection,Injection,2465,Anti-Diabetic
6020,12649,R.B Tone Injection,Injection,238,Anti-Diabetic
6021,12650,Jectocos 50mg Injection,Injection,42.57,Anti-Diabetic
6022,12651,Vitcofol S 100mg Injection,Injection,232.13,Anti-Diabetic
6023,12652,Rubired S 100mg Injection,Injection,212.88,Anti-Diabetic
6024,12653,Zebita XT Tablet,Tablet,,Anti-Diabetic
6025,12654,Ferri 100 Injection,Injection,265,Anti-Diabetic
6026,12655,Venofer 100mg Injection,Injection,,Anti-Diabetic
6027,12656,Nurostar C 0.7mg/1500mcg/12mg Injection,Injection,25.99,Anti-Diabetic
6028,12657,Hb-Best Tablet,Tablet,,Anti-Diabetic
6029,12658,Nexiron Injection,Injection,191.25,Anti-Diabetic
6030,12659,Rose Iron Injection,Injection,238,Anti-Diabetic
6031,12660,R.B Tone 50mg Injection,Injection,101.9,Anti-Diabetic
6032,12661,Vegefer Syrup,,120.5,Anti-Diabetic
6033,12662,Irozorb S 50mg Injection,Injection,185.72,Anti-Diabetic
6034,12663,Feronia-IV 100 Injection,Injection,250.35,Anti-Diabetic
6035,12664,Duphaston 10mg Tablet,Tablet,571.63,Anti-Diabetic
6036,12665,Primolut-N Tablet,Tablet,48.45,Anti-Diabetic
6037,12666,Regestrone 5mg Tablet,Tablet,48.45,Anti-Diabetic
6038,12667,Ovral L Tablet,Tablet,61.38,Anti-Diabetic
6039,12668,Deviry 10mg Tablet,Tablet,50.02,Anti-Diabetic
6040,12669,Meprate 10mg Tablet,Tablet,50.07,Anti-Diabetic
6041,12670,Susten SR 200 Tablet,Tablet,335.75,Anti-Diabetic
6042,12671,Dydroboon Tablet,Tablet,425,Anti-Diabetic
6043,12672,Susten 200 Soft Gelatin Capsule,Capsule,234.6,Anti-Diabetic
6044,12673,Crina-NCR 10mg Tablet,Tablet,183.26,Anti-Diabetic
6045,12674,Unwanted 21 Days Tablet,Tablet,51,Anti-Diabetic
6046,12675,Susten SR 300 Tablet,Tablet,494.7,Anti-Diabetic
6047,12676,Mala D Tablet,Tablet,4.25,Anti-Diabetic
6048,12677,Proluton Depot Injection,Injection,260.44,Anti-Diabetic
6049,12678,Duoluton L Tablet,Tablet,172.8,Anti-Diabetic
6050,12679,Progynova 2mg Tablet,Tablet,387.6,Anti-Diabetic
6051,12680,Regestrone CR 10mg Tablet,Tablet,143.52,Anti-Diabetic
6052,12681,Sysron-N Tablet,Tablet,39.1,Anti-Diabetic
6053,12682,Dinogest Tablet,Tablet,465.8,Anti-Diabetic
6054,12683,Evalon Cream,,325.8,Anti-Diabetic
6055,12684,Estrabet 2 Tablet,Tablet,385.04,Anti-Diabetic
6056,12685,Gynaset Tablet,Tablet,45.91,Anti-Diabetic
6057,12686,Maintane 500 Injection,Injection,225.25,Anti-Diabetic
6058,12687,Gestofit 200mg SR Tablet,Tablet,350.2,Anti-Diabetic
6059,12688,Norlut-N Tablet,Tablet,48.45,Anti-Diabetic
6060,12689,Crina-NCR 15mg Tablet,Tablet,111.6,Anti-Diabetic
6061,12690,Depo-Provera Injection,Injection,314.48,Anti-Diabetic
6062,12691,Gestin Tablet,Tablet,157.29,Anti-Diabetic
6063,12692,Susten 400 Soft Gelatin Capsule,Capsule,461.55,Anti-Diabetic
6064,12693,Sysron-NCR Tablet,Tablet,127.5,Anti-Diabetic
6065,12694,Maintane Tablet,Tablet,126.65,Anti-Diabetic
6066,12695,Cycloreg Tablet,Tablet,48.62,Anti-Diabetic
6067,12696,Endogest 200 SR Tablet,Tablet,310.89,Anti-Diabetic
6068,12697,Loette Tablet,Tablet,220.36,Anti-Diabetic
6069,12698,Modus 10mg Tablet,Tablet,,Anti-Diabetic
6070,12699,Gestofit 300mg SR Tablet,Tablet,496.74,Anti-Diabetic
6071,12700,Premarin Tablet,Tablet,802.36,Anti-Diabetic
6072,12701,Naturogest SR 200 Tablet,Tablet,350.85,Anti-Diabetic
6073,12702,Choice Tablet,Tablet,25.5,Anti-Diabetic
6074,12703,DUB 5 Tablet,Tablet,48.49,Anti-Diabetic
6075,12704,Methergin Tablet,Tablet,79,Anti-Diabetic
6076,12705,Syntocinon Injection,Injection,16.75,Anti-Diabetic
6077,12706,Prostodin 250mcg Injection,Injection,,Anti-Diabetic
6078,12707,Methergin Injection,Injection,13.27,Anti-Diabetic
6079,12708,Cerviprime 0.5mg Gel,,230.69,Anti-Diabetic
6080,12709,Pitocin 10IU Injection,Injection,,Anti-Diabetic
6081,12710,Utergin 0.125mg Tablet,Tablet,73.78,Anti-Diabetic
6082,12711,Primigyn 0.5mg Gel,,226.56,Anti-Diabetic
6083,12712,Caboprost 250mcg Injection,Injection,,Anti-Diabetic
6084,12713,PITOCIN 5 IU INJECTION,Injection,,Anti-Diabetic
6085,12714,Methargo Tablet,Tablet,103.9,Anti-Diabetic
6086,12715,Prostodin 125mcg Injection,Injection,,Anti-Diabetic
6087,12716,Endoprost 250 Injection,Injection,,Anti-Diabetic
6088,12717,Evatocin 5IU Injection,Injection,15.72,Anti-Diabetic
6089,12718,Methygin 0.125mg Tablet,Tablet,68.42,Anti-Diabetic
6090,12719,Methylergometrine 0.125mg Tablet,Tablet,102.87,Anti-Diabetic
6091,12720,METHERGIN 0.25 MG INJECTION,Injection,,Anti-Diabetic
6092,12721,Mem 0.2mg Injection,Injection,12.58,Anti-Diabetic
6093,12722,Caboprost 125mcg Injection,Injection,,Anti-Diabetic
6094,12723,Dinost 0.5mg Gel,,208.68,Anti-Diabetic
6095,12724,Ergolin 0.125mg Tablet,Tablet,67.32,Anti-Diabetic
6096,12725,Gynotocin 5IU Injection,Injection,17.04,Anti-Diabetic
6097,12726,Metharmed 0.125mg Tablet,Tablet,7.44,Anti-Diabetic
6098,12727,Methygin 0.2mg Injection,Injection,12.58,Anti-Diabetic
6099,12728,Mergin 0.125mg Tablet,Tablet,69.43,Anti-Diabetic
6100,12729,Utergin 0.2mg Injection,Injection,12.32,Anti-Diabetic
6101,12730,Lerin Tablet,Tablet,72.25,Anti-Diabetic
6102,12731,Methargal 0.125mg Tablet,Tablet,68.83,Anti-Diabetic
6103,12732,Metharmed 0.2mg Injection,Injection,12.83,Anti-Diabetic
6104,12733,Propess Pessaries,,2454.37,Anti-Diabetic
6105,12734,Itocin 5IU Injection,Injection,2.76,Anti-Diabetic
6106,12735,Endoprost 125mcg Injection,Injection,,Anti-Diabetic
6107,12736,Ergolin 0.2mg Injection,Injection,11.73,Anti-Diabetic
6108,12737,Ergagin 0.125mg Tablet,Tablet,69.06,Anti-Diabetic
6109,12738,Methadin 0.2mg Injection,Injection,10.41,Anti-Diabetic
6110,12739,Duvadilan Tablet,Tablet,128.91,Anti-Diabetic
6111,12740,Duvadilan Retard Capsule SR,Capsule,110.08,Anti-Diabetic
6112,12741,Tidilan 10 Tablet,Tablet,71.06,Anti-Diabetic
6113,12742,Suprox SR Tablet,Tablet,98.6,Anti-Diabetic
6114,12743,Tidilan Retard Tablet SR,Tablet,70.72,Anti-Diabetic
6115,12744,Duvadilan IM/IV 5mg Injection,Injection,19.12,Anti-Diabetic
6116,12745,Gestakind 40mg Capsule SR,Capsule,66.85,Anti-Diabetic
6117,12746,Tidilan 20 Tablet,Tablet,103.44,Anti-Diabetic
6118,12747,Oxoprin-SR Tablet,Tablet,46.58,Anti-Diabetic
6119,12748,Gestakind 10mg Tablet,Tablet,22.1,Anti-Diabetic
6120,12749,Adilin 40mg Tablet SR,Tablet,69.7,Anti-Diabetic
6121,12750,Adilan 40mg Tablet SR,Tablet,73.52,Anti-Diabetic
6122,12751,Suprox Tablet,Tablet,29.58,Anti-Diabetic
6123,12752,Utodin Tablet,Tablet,159.37,Anti-Diabetic
6124,12753,Tidilan 5mg Injection,Injection,15.98,Anti-Diabetic
6125,12754,Isolan Tablet SR,Tablet,64.8,Anti-Diabetic
6126,12755,Udilan SR Tablet,Tablet,90.81,Anti-Diabetic
6127,12756,Ritrod 10mg Tablet,Tablet,130.05,Anti-Diabetic
6128,12757,Isox 40mg Tablet SR,Tablet,51,Anti-Diabetic
6129,12758,Avilan 10mg Tablet,Tablet,12.75,Anti-Diabetic
6130,12759,Isopreg 40mg Tablet SR,Tablet,65.79,Anti-Diabetic
6131,12760,Isofast 40mg Tablet SR,Tablet,69.7,Anti-Diabetic
6132,12761,Adilan 10 Tablet,Tablet,16.83,Anti-Diabetic
6133,12762,Pregnin Retard  10mg Tablet,Tablet,66.3,Anti-Diabetic
6134,12763,Isolone 10mg Tablet,Tablet,10.62,Anti-Diabetic
6135,12764,Ritolan 10mg Tablet,Tablet,140.85,Anti-Diabetic
6136,12765,Isox 10mg Tablet,Tablet,17,Anti-Diabetic
6137,12766,Sine 10mg Tablet,Tablet,21.25,Anti-Diabetic
6138,12767,Dilan 40mg Tablet SR,Tablet,50.15,Anti-Diabetic
6139,12768,Isoprin 40mg Tablet SR,Tablet,49.3,Anti-Diabetic
6140,12769,Isoxsprin Tablet SR,Tablet,46.14,Anti-Diabetic
6141,12770,Ritopar UR 10mg Tablet,Tablet,131.27,Anti-Diabetic
6142,12771,StayHappi Isoxsuprine 40mg Tablet,Tablet,34,Anti-Diabetic
6143,12772,Pregnin Retard 40mg Capsule,Capsule,72.67,Anti-Diabetic
6144,12773,Suprex 40mg Tablet SR,Tablet,40.8,Anti-Diabetic
6145,12774,Suprox 40mg Tablet SR,Tablet,68,Anti-Diabetic
6146,12775,Yutopar 10mg Tablet,Tablet,97.34,Anti-Diabetic
6147,12776,Isoprix 40mg Tablet SR,Tablet,50.15,Anti-Diabetic
6148,12777,Isodilan 10mg Tablet,Tablet,22.95,Anti-Diabetic
6149,12778,Alivher ES Tablet,Tablet,,Anti-Diabetic
6150,12779,Primiwal 2 mg/25 mg Tablet,Tablet,,Anti-Diabetic
6151,12780,Prostium ES Soft Gelatin Capsule,Capsule,,Anti-Diabetic
6152,12781,Endonorm Tablet,Tablet,,Anti-Diabetic
6153,12782,Endothik ES 2 mg/25 mg Tablet,Tablet,,Anti-Diabetic
6154,12783,ALIVHER ES 2 TABLET,Tablet,,Anti-Diabetic
6155,12784,Endofit 2mg/25mg Tablet,Tablet,,Anti-Diabetic
6156,12785,Endothik ES 1mg/25mg Tablet,Tablet,,Anti-Diabetic
6157,12786,Ultrathik Tablet,Tablet,,Anti-Diabetic
6158,12787,Novelon Tablet,Tablet,185.3,Anti-Diabetic
6159,12788,Femilon Tablet,Tablet,212.5,Anti-Diabetic
6160,12789,Dronis 30 Tablet,Tablet,416.5,Anti-Diabetic
6161,12790,Yamini Tablet,Tablet,460.96,Anti-Diabetic
6162,12791,Dronis 20 Tablet,Tablet,284.75,Anti-Diabetic
6163,12792,Yasmin Tablet,Tablet,423.3,Anti-Diabetic
6164,12793,Intimacy Plus 2 Tablet,Tablet,102,Anti-Diabetic
6165,12794,Ovuloc LD Tablet,Tablet,130.39,Anti-Diabetic
6166,12795,Crisanta Tablet,Tablet,374.53,Anti-Diabetic
6167,12796,Ovuloc Tablet,Tablet,133.19,Anti-Diabetic
6168,12797,Yamini LS Kit,,264.09,Anti-Diabetic
6169,12798,Juliana Tablet,Tablet,163.8,Anti-Diabetic
6170,12799,Doris Tablet,Tablet,433.02,Anti-Diabetic
6171,12800,Intimacy Plus 0.03 mg/0.15 mg Tablet,Tablet,97.71,Anti-Diabetic
6172,12801,Miliana Tablet,Tablet,148.92,Anti-Diabetic
6173,12802,Locipil Tablet,Tablet,169.7,Anti-Diabetic
6174,12803,YAZ Tablet,Tablet,374,Anti-Diabetic
6175,12804,Smartilon 30 Tablet,Tablet,193.8,Anti-Diabetic
6176,12805,Crisanta LS Tablet,Tablet,242.76,Anti-Diabetic
6177,12806,Descon  Tablet,Tablet,153,Anti-Diabetic
6178,12807,Smartilon 20 Tablet,Tablet,213.14,Anti-Diabetic
6179,12808,Kyrah Tablet,Tablet,165.75,Anti-Diabetic
6180,12809,Padmini Tablet,Tablet,391.3,Anti-Diabetic
6181,12810,Destrogen 0.03 mg/0.15 mg Tablet,Tablet,,Anti-Diabetic
6182,12811,Gesto-kare Tablet,Tablet,110.5,Anti-Diabetic
6183,12812,Meuri Tablet,Tablet,212.5,Anti-Diabetic
6184,12813,Asmita Tablet,Tablet,451.35,Anti-Diabetic
6185,12814,Desolon 0.02mg/0.15mg Tablet,Tablet,115.6,Anti-Diabetic
6186,12815,I Con 0.03 mg/0.15 mg Tablet,Tablet,130.05,Anti-Diabetic
6187,12816,CRINA 0.02 MG/3 MG TABLET,Tablet,,Anti-Diabetic
6188,12817,Yanci  Tablet,Tablet,325.55,Anti-Diabetic
6189,12818,TARANA TABLET,Tablet,,Anti-Diabetic
6190,12819,Deso 0.02mg/0.15mg Tablet,Tablet,110.5,Anti-Diabetic
6191,12820,Drosmac 20mcg Tablet,Tablet,240.55,Anti-Diabetic
6192,12821,Famycept Tablet,Tablet,163.2,Anti-Diabetic
6193,12822,Ocsurge 0.03mg/3mg Tablet,Tablet,361.25,Anti-Diabetic
6194,12823,Elogen 0.02 mg/0.15 mg Tablet,Tablet,,Anti-Diabetic
6195,12824,Drosmac Tablet,Tablet,,Anti-Diabetic
6196,12825,Janya 0.03 mg/3 mg Tablet,Tablet,,Anti-Diabetic
6197,12826,Rasmin 0.03 mg/3 mg Tablet,Tablet,,Anti-Diabetic
6198,12827,Tosiban 37.5mg Injection,Injection,4549.2,Anti-Diabetic
6199,12828,Niacin NF Tablet,Tablet,82,Anti-Diabetic
6200,12829,Tosiban 6.75mg Injection,Injection,1401.23,Anti-Diabetic
6201,12830,Unwanted Kit Tablet,Tablet,,Anti-Diabetic
6202,12831,MIFEGEST KIT TABLET,Tablet,,Anti-Diabetic
6203,12832,Placentrex Injection,Injection,,Anti-Diabetic
6204,12833,Placentrex Gel,,139.65,Anti-Diabetic
6205,12834,Mtp Kit,,,Anti-Diabetic
6206,12835,Mifty Kit,,,Anti-Diabetic
6207,12836,Gestapro Tablet,Tablet,,Anti-Diabetic
6208,12837,A Kare Combipack,,,Anti-Diabetic
6209,12838,Safe Abort Kit,,,Anti-Diabetic
6210,12839,MT Pill Tablet,Tablet,,Anti-Diabetic
6211,12840,Fibroease 25mg Tablet,Tablet,,Anti-Diabetic
6212,12841,Harmoni-F Tablet,Tablet,329.33,Anti-Diabetic
6213,12842,Unwanted 200mg Tablet,Tablet,,Anti-Diabetic
6214,12843,Pregnot  Kit 200mg Tablet,Tablet,,Anti-Diabetic
6215,12844,Insta Kit,,,Anti-Diabetic
6216,12845,Mifiact 25mg Tablet,Tablet,,Anti-Diabetic
6217,12846,Mensovit Forte Tablet,Tablet,,Anti-Diabetic
6218,12847,MIFEGEST 200 MG TABLET,Tablet,,Anti-Diabetic
6219,12848,Termipil 200mg Kit,,,Anti-Diabetic
6220,12849,Antipreg Kit,,,Anti-Diabetic
6221,12850,Gestarest 200mg/200mcg Kit,,,Anti-Diabetic
6222,12851,Fibroease 10mg Tablet,Tablet,,Anti-Diabetic
6223,12852,Mifeone 25mg Tablet,Tablet,,Anti-Diabetic
6224,12853,T-Pill Kit,,,Anti-Diabetic
6225,12854,Fibristone 25 Tablet,Tablet,,Anti-Diabetic
6226,12855,Contrapill 200 mg/200 mcg Kit,,,Anti-Diabetic
6227,12856,Livial Tablet,Tablet,1419.5,Anti-Diabetic
6228,12857,Placentrex Cream,,139.65,Anti-Diabetic
6229,12858,Avort Kit,,,Anti-Diabetic
6230,12859,Festone Combi Kit,,,Anti-Diabetic
6231,12860,Mifeprin 200mg Tablet,Tablet,,Anti-Diabetic
6232,12861,Tibofem Tablet,Tablet,376.55,Anti-Diabetic
6233,12862,Mifiact 10mg Tablet,Tablet,,Anti-Diabetic
6234,12863,Mifeprin 200 mg/200 mcg Kit,,,Anti-Diabetic
6235,12864,AB2 Kit,,,Anti-Diabetic
6236,12865,Placentrex V Gel,,,Anti-Diabetic
6237,12866,T-Pill Tablet,Tablet,,Anti-Diabetic
6238,12867,Syn-Bort 200mg/200mcg Tablet,Tablet,,Anti-Diabetic
6239,12868,Undezire Kit 200mg/200mcg Tablet,Tablet,,Anti-Diabetic
6240,12869,Abortab 200mg Tablet,Tablet,,Anti-Diabetic
6241,12870,Susten 100 Injection,Injection,105.4,Anti-Diabetic
6242,12871,Gestone Injection,Injection,93.27,Anti-Diabetic
6243,12872,Susten 200 Injection,Injection,221,Anti-Diabetic
6244,12873,C-HOP 200mg Tablet SR,Tablet,322.15,Anti-Diabetic
6245,12874,Gestofit 200 Capsule,Capsule,283.56,Anti-Diabetic
6246,12875,Nidagen -SR 200 Tablet,Tablet,229.5,Anti-Diabetic
6247,12876,Progelix 200mg Soft Gelatin Capsule,Capsule,280.5,Anti-Diabetic
6248,12877,Cyclogest 400mg Pessaries,,510,Anti-Diabetic
6249,12878,Posito SR 200 Tablet,Tablet,277.69,Anti-Diabetic
6250,12879,Proceive SR 200 Tablet,Tablet,306.85,Anti-Diabetic
6251,12880,Nidagen -SR 300 Tablet,Tablet,331.5,Anti-Diabetic
6252,12881,Algest SR 200 Tablet,Tablet,223.55,Anti-Diabetic
6253,12882,Naturogest 400mg Soft Gelatin Capsule,Capsule,449.64,Anti-Diabetic
6254,12883,Posito SR 300 Tablet,Tablet,421.68,Anti-Diabetic
6255,12884,Naturogest 100mg Soft Gelatin Capsule,Capsule,158.01,Anti-Diabetic
6256,12885,Naeva SR 200 Tablet,Tablet,270.3,Anti-Diabetic
6257,12886,E-Gest 200mg Tablet,Tablet,131.75,Anti-Diabetic
6258,12887,Techgest 300mg Tablet,Tablet,409.7,Anti-Diabetic
6259,12888,Michelle -SR Tablet,Tablet,409.53,Anti-Diabetic
6260,12889,Dubagest 300 Soft Gelatin Capsule,Capsule,386.75,Anti-Diabetic
6261,12890,Emprogest -SR 300 Tablet,Tablet,390.06,Anti-Diabetic
6262,12891,Michelle -SR 200 Tablet,Tablet,278.8,Anti-Diabetic
6263,12892,C-HOP 400mg Tablet,Tablet,487.9,Anti-Diabetic
6264,12893,Stargest 200mg Tablet,Tablet,169.15,Anti-Diabetic
6265,12894,MyProg 200 Soft Gelatin Capsule,Capsule,221,Anti-Diabetic
6266,12895,Strone AQ Injection,Injection,112.2,Anti-Diabetic
6267,12896,C-HOP 200mg Tablet,Tablet,265.86,Anti-Diabetic
6268,12897,Prolife 200mg Soft Gelatin Capsule,Capsule,263.5,Anti-Diabetic
6269,12898,Firm UP 200mg Tablet,Tablet,123.25,Anti-Diabetic
6270,12899,Divagest 300mg Tablet SR,Tablet,345.1,Anti-Diabetic
6271,12900,Gestmate SR 200 Tablet,Tablet,252.45,Anti-Diabetic
6272,12901,FM Gest 200 SR Tablet,Tablet,272,Anti-Diabetic
6273,12902,Nugest 200 Soft Gelatin Capsule,Capsule,221,Anti-Diabetic
6274,12903,Softrone 200mg Soft Gelatin Capsule,Capsule,217.18,Anti-Diabetic
6275,12904,Retain Tablet,Tablet,29.86,Anti-Diabetic
6276,12905,Powergest 200mg Tablet SR,Tablet,267.41,Anti-Diabetic
6277,12906,Megagest 200mg Soft Gelatin Capsule,Capsule,242.25,Anti-Diabetic
6278,12907,Progeny 500 Injection,Injection,191.25,Anti-Diabetic
6279,12908,Cabgolin 0.5 Tablet,Tablet,337.87,Anti-Diabetic
6280,12909,Cabgolin 0.25 Tablet,Tablet,159.8,Anti-Diabetic
6281,12910,Caberlin 0.5 Tablet,Tablet,337.87,Anti-Diabetic
6282,12911,CB-Lin Tablet,Tablet,136.17,Anti-Diabetic
6283,12912,Caberlin 0.25 Tablet,Tablet,159.8,Anti-Diabetic
6284,12913,Cabliz 0.5 Tablet,Tablet,171.7,Anti-Diabetic
6285,12914,CB-Lin 0.25 Tablet,Tablet,67.83,Anti-Diabetic
6286,12915,Camforte 0.5 Tablet,Tablet,164.22,Anti-Diabetic
6287,12916,Cabercet Tablet,Tablet,112.2,Anti-Diabetic
6288,12917,TTCab Tablet,Tablet,300.9,Anti-Diabetic
6289,12918,Caberlact 0.5mg Tablet,Tablet,119,Anti-Diabetic
6290,12919,Cabliz 0.25mg Tablet,Tablet,73.95,Anti-Diabetic
6291,12920,Cabgon 0.5 Tablet,Tablet,105.4,Anti-Diabetic
6292,12921,Camforte 0.25mg Tablet,Tablet,74.63,Anti-Diabetic
6293,12922,Caberlact 0.25mg Tablet,Tablet,56.1,Anti-Diabetic
6294,12923,Cabgon 0.25mg Tablet,Tablet,,Anti-Diabetic
6295,12924,Lactocab 0.5mg Tablet,Tablet,136,Anti-Diabetic
6296,12925,Colette 0.5mg Tablet,Tablet,76.5,Anti-Diabetic
6297,12926,Cabermax 0.5mg Tablet,Tablet,287.3,Anti-Diabetic
6298,12927,Golin 0.5mg Tablet,Tablet,89.09,Anti-Diabetic
6299,12928,Caberlactin 0.5mg Tablet,Tablet,199.26,Anti-Diabetic
6300,12929,Caberlee 0.5mg Tablet,Tablet,252.45,Anti-Diabetic
6301,12930,Cabersol 0.5mg Tablet,Tablet,253.64,Anti-Diabetic
6302,12931,Golin 0.25mg Tablet,Tablet,39.73,Anti-Diabetic
6303,12932,Cabanine Tablet,Tablet,133.87,Anti-Diabetic
6304,12933,Parcar 1mg Tablet,Tablet,174.85,Anti-Diabetic
6305,12934,Zuricab 0.5mg Tablet,Tablet,102.85,Anti-Diabetic
6306,12935,Colette 0.25mg Tablet,Tablet,76.5,Anti-Diabetic
6307,12936,Sevista Tablet,Tablet,300.9,Anti-Diabetic
6308,12937,Sevista 30 Tablet,Tablet,222.27,Anti-Diabetic
6309,12938,Novex DS Tablet,Tablet,178.5,Anti-Diabetic
6310,12939,Novex Tablet,Tablet,102.85,Anti-Diabetic
6311,12940,Ormefen Tablet,Tablet,137.7,Anti-Diabetic
6312,12941,Ormalin 30 Tablet,Tablet,102,Anti-Diabetic
6313,12942,Ralista Tablet,Tablet,103.7,Anti-Diabetic
6314,12943,Ormalin 60 Tablet,Tablet,153,Anti-Diabetic
6315,12944,Centron Plus Tablet,Tablet,102.42,Anti-Diabetic
6316,12945,Ormetect 60mg Capsule,Capsule,185.3,Anti-Diabetic
6317,12946,Femoral 60mg Tablet,Tablet,120.67,Anti-Diabetic
6318,12947,Ronal 60mg Tablet,Tablet,58.49,Anti-Diabetic
6319,12948,Ormexi 60mg Tablet,Tablet,149.35,Anti-Diabetic
6320,12949,FIONA 60 MG TABLET,Tablet,,Anti-Diabetic
6321,12950,Ralofen 60mg Tablet,Tablet,84.15,Anti-Diabetic
6322,12951,Ralosto 60mg Tablet,Tablet,84.91,Anti-Diabetic
6323,12952,Ceost 60mg Tablet,Tablet,53.55,Anti-Diabetic
6324,12953,Bonebay 60mg Tablet,Tablet,81.15,Anti-Diabetic
6325,12954,Orserm 60mg Capsule,Capsule,,Anti-Diabetic
6326,12955,Esserm 60mg Tablet,Tablet,84.66,Anti-Diabetic
6327,12956,Ruftuf 60mg Tablet,Tablet,84.15,Anti-Diabetic
6328,12957,Evomate 60mg Tablet,Tablet,62.12,Anti-Diabetic
6329,12958,Posmo 60mg Tablet,Tablet,85,Anti-Diabetic
6330,12959,Ralocium 60mg Tablet,Tablet,84.15,Anti-Diabetic
6331,12960,Ralotab 60mg Tablet,Tablet,59.06,Anti-Diabetic
6332,12961,Sermifen 60mg Tablet,Tablet,76.5,Anti-Diabetic
6333,12962,Osral 60mg Tablet,Tablet,58.65,Anti-Diabetic
6334,12963,Relfen 60mg Tablet,Tablet,72.25,Anti-Diabetic
6335,12964,Acton Prolongatum 60IU Injection,Injection,1669.79,Anti-Diabetic
6336,12965,Acton 60IU Injection,Injection,,Anti-Diabetic
6337,12966,Deca-Durabolin 50 Injection,Injection,296.27,Anti-Diabetic
6338,12967,Deca-Durabolin 25 Injection,Injection,204.34,Anti-Diabetic
6339,12968,Metadec 50 Injection,Injection,264.03,Anti-Diabetic
6340,12969,Menabol Tablet,Tablet,152.58,Anti-Diabetic
6341,12970,Deca-Durabolin 100 Injection,Injection,460.36,Anti-Diabetic
6342,12971,Nandrolone Decanoate 25mg Injection,Injection,119,Anti-Diabetic
6343,12972,Durabolin 25 Injection,Injection,95.88,Anti-Diabetic
6344,12973,Metadec 25 Injection,Injection,166,Anti-Diabetic
6345,12974,Decatrolin 50mg Injection,Injection,191.25,Anti-Diabetic
6346,12975,DD 50 Injection,Injection,109.65,Anti-Diabetic
6347,12976,Neurabol Capsule,Capsule,50.4,Anti-Diabetic
6348,12977,Deca Intabolin 50mg Injection,Injection,220.15,Anti-Diabetic
6349,12978,Metabol 25 Injection,Injection,87.55,Anti-Diabetic
6350,12979,Neurabol Injection,Injection,57.89,Anti-Diabetic
6351,12980,Avillin 25mg Injection,Injection,27.37,Anti-Diabetic
6352,12981,Menabol 2mg Tablet,Tablet,42.5,Anti-Diabetic
6353,12982,Decabolin 50mg Injection,Injection,17,Anti-Diabetic
6354,12983,DECA DURABOLIN 50 MG INJECTION,Injection,,Anti-Diabetic
6355,12984,Alkem Nandrolone 50mg Injection,Injection,16.91,Anti-Diabetic
6356,12985,Metadec 100mg Injection,Injection,,Anti-Diabetic
6357,12986,Biodebol 50mg Injection,Injection,119,Anti-Diabetic
6358,12987,Neurobol 25mg Injection,Injection,41.9,Anti-Diabetic
6359,12988,Zestabolin 50mg Injection,Injection,153.34,Anti-Diabetic
6360,12989,Decanevol 50mg Injection,Injection,119.76,Anti-Diabetic
6361,12990,Decatrolin 25mg Injection,Injection,121.55,Anti-Diabetic
6362,12991,Stanosafe 2mg Tablet,Tablet,171.91,Anti-Diabetic
6363,12992,Revidec 50mg Injection,Injection,189.34,Anti-Diabetic
6364,12993,Neuro bal 2mg Capsule,Capsule,50.4,Anti-Diabetic
6365,12994,Andol Injection,Injection,5.14,Anti-Diabetic
6366,12995,Tanzol 2mg Capsule,Capsule,29.75,Anti-Diabetic
6367,12996,Decaneurophen 50mg Injection,Injection,237.92,Anti-Diabetic
6368,12997,Aumento Injection,Injection,212.5,Anti-Diabetic
6369,12998,DD 100 Injection,Injection,143.65,Anti-Diabetic
6370,12999,Protabol 50mg Injection,Injection,108.63,Anti-Diabetic
6371,13000,Eldeca 50mg Injection,Injection,61.03,Anti-Diabetic
6372,13001,Deca Intabolin 25mg Injection,Injection,126.22,Anti-Diabetic
6373,13002,Zaneta 50mg Injection,Injection,125.8,Anti-Diabetic
6374,13003,Stanza 20 Tablet,Tablet,467.5,Anti-Diabetic
6375,13004,Metabol 50mg Injection,Injection,78.17,Anti-Diabetic
6376,13005,Deca-Duralin 200mg Injection,Injection,263.73,Anti-Diabetic
6377,13006,Minirin Nasal Spray,,601.23,Anti-Diabetic
6378,13007,Minirin 0.1mg Tablet,Tablet,460.5,Anti-Diabetic
6379,13008,Dpressin Nasal Spray,,958.37,Anti-Diabetic
6380,13009,Minirin 0.2mg Tablet,Tablet,1300.73,Anti-Diabetic
6381,13010,Terlistat Injection,Injection,1579.96,Anti-Diabetic
6382,13011,Minirin Melt 60mcg  Tablet MD,Tablet,411.97,Anti-Diabetic
6383,13012,Tresil 1mg Injection,Injection,531.25,Anti-Diabetic
6384,13013,Petresin 20IU Injection,Injection,221.85,Anti-Diabetic
6385,13014,Minirin Melt 120mcg Tablet,Tablet,692.47,Anti-Diabetic
6386,13015,VPRESS 20 IU INJECTION,Injection,,Anti-Diabetic
6387,13016,Vasopar 20IU Injection,Injection,412.25,Anti-Diabetic
6388,13017,Adiuretin 0.1mg Tablet,Tablet,,Anti-Diabetic
6389,13018,Terlyz 1mg Injection,Injection,,Anti-Diabetic
6390,13019,Dpressin 0.1mg Tablet,Tablet,207.89,Anti-Diabetic
6391,13020,Terlieon Injection,Injection,1499.4,Anti-Diabetic
6392,13021,Cpressin P 20IU Injection,Injection,171.44,Anti-Diabetic
6393,13022,Erliso Injection,Injection,2192.15,Anti-Diabetic
6394,13023,D Void Tablet,Tablet,918,Anti-Diabetic
6395,13024,Minirin Melt 0.1mg Tablet,Tablet,692.47,Anti-Diabetic
6396,13025,Terlisone 100mg Injection,Injection,1360,Anti-Diabetic
6397,13026,Varipres Injection,Injection,1185.09,Anti-Diabetic
6398,13027,T PRESSIN 1 MG INJECTION,Injection,,Anti-Diabetic
6399,13028,Adiuretin 0.2mg Tablet,Tablet,,Anti-Diabetic
6400,13029,Remestyp 1mg Injection,Injection,1815.6,Anti-Diabetic
6401,13030,Cpressin 40IU Injection,Injection,,Anti-Diabetic
6402,13031,Vascel 20IU Injection,Injection,129.2,Anti-Diabetic
6403,13032,Terlirel Injection,Injection,1525.75,Anti-Diabetic
6404,13033,Retolon Injection,Injection,1691.5,Anti-Diabetic
6405,13034,Press UP 20IU Injection,Injection,127.5,Anti-Diabetic
6406,13035,Terloc 0.1mg Injection,Injection,1526.01,Anti-Diabetic
6407,13036,Teripress 1mg Injection,Injection,1530,Anti-Diabetic
6408,13037,T Press 1mg Injection,Injection,2227,Anti-Diabetic
6409,13038,Tersin Injection,Injection,1495.08,Anti-Diabetic
6410,13039,Terlizom 1mg Injection,Injection,1912.5,Anti-Diabetic
6411,13040,Terli Force 0.1mg Injection,Injection,1451.97,Anti-Diabetic
6412,13041,Vasmed Injection,Injection,153.74,Anti-Diabetic
6413,13042,Argipress 20units Injection,Injection,930.75,Anti-Diabetic
6414,13043,Thinwes 1mg Injection,Injection,2051.39,Anti-Diabetic
6415,13044,TR-Zone Injection,Injection,1955,Anti-Diabetic
6416,13045,Terpres 1mg Injection,Injection,1530,Anti-Diabetic
6417,13046,Cetrolix 0.25mg Injection,Injection,1110.95,Anti-Diabetic
6418,13047,Cetrotide 0.25mg Injection,Injection,2362,Anti-Diabetic
6419,13048,Degapride 80mg Injection,Injection,11050,Anti-Diabetic
6420,13049,Firmagon 80mg Injection,Injection,13500,Anti-Diabetic
6421,13050,Firmagon 120mg Injection,Injection,31000,Anti-Diabetic
6422,13051,Degatide 120 Injection,Injection,15300,Anti-Diabetic
6423,13052,Ciscure 0.25mg Injection,Injection,1034.98,Anti-Diabetic
6424,13053,Asporelix 0.25mg Injection,Injection,1030.2,Anti-Diabetic
6425,13054,Degatide 80 Injection,Injection,11900,Anti-Diabetic
6426,13055,Setrosil 0.25mg Injection,Injection,958.29,Anti-Diabetic
6427,13056,Vestova 0.25mg Injection,Injection,1053.15,Anti-Diabetic
6428,13057,OVURELIX 0.25 MG INJECTION,Injection,,Anti-Diabetic
6429,13058,Orgalutran 0.25mg Injection,Injection,,Anti-Diabetic
6430,13059,Ovucet 0.25mg Injection,Injection,1080.77,Anti-Diabetic
6431,13060,Sanrox 0.25mg Injection,Injection,481.95,Anti-Diabetic
6432,13061,Eurelix 0.25mg Injection,Injection,637.5,Anti-Diabetic
6433,13062,Degalyn 80 Injection,Injection,12580,Anti-Diabetic
6434,13063,Cetrocare 0.25mg Injection,Injection,1065.9,Anti-Diabetic
6435,13064,Cetide 0.25mg Injection,Injection,552.5,Anti-Diabetic
6436,13065,Degrinta 80mg Injection,Injection,12495,Anti-Diabetic
6437,13066,Gonapress 0.25mg Injection,Injection,935,Anti-Diabetic
6438,13067,CETROLIX 0.25 MG PREFILLED SYRINGE,Refil,,Anti-Diabetic
6439,13068,Degrinta 120mg Injection,Injection,24968.75,Anti-Diabetic
6440,13069,Degalyn 120 Injection,Injection,32000,Anti-Diabetic
6441,13070,GONARELIX 0.25 MG INJECTION,Injection,,Anti-Diabetic
6442,13071,Ultrorelix 0.25mg Injection,Injection,1020,Anti-Diabetic
6443,13072,Cetronext 0.25mg Injection,Injection,892.5,Anti-Diabetic
6444,13073,SETOVA 0.25 MG INJECTION,Injection,,Anti-Diabetic
6445,13074,Creart 0.25mg Injection,Injection,1249.5,Anti-Diabetic
6446,13075,Cetrosar 0.25mg Injection,Injection,858.5,Anti-Diabetic
6447,13076,Octride 0.1mg Injection,Injection,495,Anti-Diabetic
6448,13077,Octride Depot   30mg Injection,Injection,18530,Anti-Diabetic
6449,13078,Sandostatin LAR 30mg Injection,Injection,70447.5,Anti-Diabetic
6450,13079,Octride Depot 20mg Injection,Injection,17193.8,Anti-Diabetic
6451,13080,Sandostatin LAR 20mg Injection,Injection,32310,Anti-Diabetic
6452,13081,Actide 0.1mg Injection,Injection,456.28,Anti-Diabetic
6453,13082,Octride Depot   10mg Injection,Injection,8495.75,Anti-Diabetic
6454,13083,Otide 0.1mg Injection,Injection,359.97,Anti-Diabetic
6455,13084,Somatin 3000mcg Injection,Injection,1610.75,Anti-Diabetic
6456,13085,Genotropin Injection,Injection,11786.69,Anti-Diabetic
6457,13086,Octride 0.05mg Injection,Injection,259.25,Anti-Diabetic
6458,13087,Neoctide 0.1mg Injection,Injection,537.2,Anti-Diabetic
6459,13088,Somastin 3000 Injection,Injection,2234.56,Anti-Diabetic
6460,13089,Octride Lactic Acid Formula 50mcg Injection,Injection,1.06,Anti-Diabetic
6461,13090,Okeron 0.1mg Injection,Injection,212.5,Anti-Diabetic
6462,13091,Octotide 0.1mg Injection,Injection,420.75,Anti-Diabetic
6463,13092,Octreo 100mcg Injection,Injection,399.5,Anti-Diabetic
6464,13093,Somatin 250mcg Injection,Injection,462.82,Anti-Diabetic
6465,13094,Sandostatin 0.1mg Injection,Injection,607.75,Anti-Diabetic
6466,13095,Actide 0.05mg Injection,Injection,191.25,Anti-Diabetic
6467,13096,Neoctide 0.05mg Injection,Injection,283.9,Anti-Diabetic
6468,13097,Somatosan 3000mcg Injection,Injection,2550,Anti-Diabetic
6469,13098,Otide 0.05mg Injection,Injection,182.32,Anti-Diabetic
6470,13099,Somastat 250mcg Injection,Injection,,Anti-Diabetic
6471,13100,Humatrope 18IU Injection,Injection,6662.3,Anti-Diabetic
6472,13101,Octreo 50mcg Injection,Injection,221,Anti-Diabetic
6473,13102,Zomator 3000mcg Injection,Injection,819.63,Anti-Diabetic
6474,13103,Octotide 0.05mg Injection,Injection,233.75,Anti-Diabetic
6475,13104,V-Stat 100mcg Injection,Injection,395.25,Anti-Diabetic
6476,13105,Somastin 250mcg Injection,Injection,509.32,Anti-Diabetic
6477,13106,Odon 100 Injection,Injection,412.67,Anti-Diabetic
6478,13107,Somatex 3000mcg Injection,Injection,1443.66,Anti-Diabetic
6479,13108,Odon 50 Injection,Injection,194.22,Anti-Diabetic
6480,13109,Octatide 50mcg Injection,Injection,253.3,Anti-Diabetic
6481,13110,Octronis 100mcg Injection,Injection,362.1,Anti-Diabetic
6482,13111,Somastat 3000mcg Injection,Injection,,Anti-Diabetic
6483,13112,Sandostatin LAR 10mg Injection,Injection,46113.75,Anti-Diabetic
6484,13113,Sandostatin 0.05mg Injection,Injection,323,Anti-Diabetic
6485,13114,Ferotide 0.1mg Injection,Injection,397.8,Anti-Diabetic
6486,13115,Okeron 0.05mg Injection,Injection,200.6,Anti-Diabetic
6487,13116,Terifrac Injection,Injection,6948.75,Anti-Diabetic
6488,13117,Bonmax PTH 750mcg Solution for Injection,Injection,7083.73,Anti-Diabetic
6489,13118,Bonista Cartridge,Cartridge,6049.87,Anti-Diabetic
6490,13119,Gemtide Cartridge,Cartridge,8499.15,Anti-Diabetic
6491,13120,Tricium PTH Injection,Injection,4207.5,Anti-Diabetic
6492,13121,Zotide Injection,Injection,6872.25,Anti-Diabetic
6493,13122,Osteri 750mcg Solution for Injection,Injection,8684.45,Anti-Diabetic
6494,13123,Bonmax PTH 750mcg Autopen,,,Anti-Diabetic
6495,13124,Bonotiode Injection,Injection,935,Anti-Diabetic
6496,13125,Terifort 750mcg Solution for Injection,Injection,6375,Anti-Diabetic
6497,13126,Rockbon PTH Solution for Injection,Injection,5516.5,Anti-Diabetic
6498,13127,Osteotide 250mcg Injection,Injection,,Anti-Diabetic
6499,13128,Tricium PTH TP3 250mcg Injection,Injection,11475,Anti-Diabetic
6500,13129,Forteo 600mcg Injection,Injection,,Anti-Diabetic
6501,13130,Bonspark Injection,Injection,6375,Anti-Diabetic
6502,13131,Tricium PTH RU 250mcg/ml Solution for Injection,Injection,5525,Anti-Diabetic
6503,13132,Bonotiode 250mcg/ml Solution for Injection,Injection,11560,Anti-Diabetic
6504,13133,Tereos 750mcg Solution for Injection,Injection,,Anti-Diabetic
6505,13134,Elevosteo 250mcg Injection,Injection,13387.5,Anti-Diabetic
6506,13135,Bomastren Solution for Injection,Injection,10928.53,Anti-Diabetic
6507,13136,Zotiram 750mcg Injection,Injection,7079.65,Anti-Diabetic
6508,13137,Stronat Granules,,76.92,Anti-Diabetic
6509,13138,Defcort 6 Tablet,Tablet,95.84,Anti-Diabetic
6510,13139,Defza 6 Tablet,Tablet,110.67,Anti-Diabetic
6511,13140,Defcort 30 Tablet,Tablet,268.6,Anti-Diabetic
6512,13141,Defcort 12 Tablet,Tablet,114.07,Anti-Diabetic
6513,13142,Tamfil S Capsule PR,Capsule,442,Anti-Diabetic
6514,13143,Cortimax 6mg Tablet,Tablet,92.35,Anti-Diabetic
6515,13144,Defcort TM Tablet,Tablet,451.35,Anti-Diabetic
6516,13145,Enzocort 6 Tablet,Tablet,132.6,Anti-Diabetic
6517,13146,Mahacort DZ 6 Tablet,Tablet,67.17,Anti-Diabetic
6518,13147,Defcort Oral Suspension,Suspension,59.37,Anti-Diabetic
6519,13148,Tamsukem Plus Capsule PR,Capsule,565.25,Anti-Diabetic
6520,13149,Dezacor 6 Tablet,Tablet,97.75,Anti-Diabetic
6521,13150,Zac 6mg Tablet,Tablet,80.66,Anti-Diabetic
6522,13151,Orthocort 6 Tablet,Tablet,95.84,Anti-Diabetic
6523,13152,DFZ 6 Tablet,Tablet,94.01,Anti-Diabetic
6524,13153,Eticort 6 Tablet,Tablet,53.12,Anti-Diabetic
6525,13154,Defcort 1 Tablet,Tablet,12.75,Anti-Diabetic
6526,13155,Tamflo DFZ Capsule PR,Capsule,459,Anti-Diabetic
6527,13156,Cortimax 12mg Tablet,Tablet,103.79,Anti-Diabetic
6528,13157,Defla Cortil Tablet,Tablet,68,Anti-Diabetic
6529,13158,Defcort 24 Tablet,Tablet,202.72,Anti-Diabetic
6530,13159,Deflona 6mg Tablet,Tablet,81.09,Anti-Diabetic
6531,13160,Zefcort 6mg Tablet,Tablet,51,Anti-Diabetic
6532,13161,Defcon 6 Tablet,Tablet,56.1,Anti-Diabetic
6533,13162,Defnalone 6 Tablet,Tablet,99.45,Anti-Diabetic
6534,13163,Flacort 6mg Tablet,Tablet,79.47,Anti-Diabetic
6535,13164,Defcicot 6mg Tablet,Tablet,75.65,Anti-Diabetic
6536,13165,Cort 6mg Tablet,Tablet,69.7,Anti-Diabetic
6537,13166,Deflawok 6mg Tablet,Tablet,123.05,Anti-Diabetic
6538,13167,Zacdef 6mg Tablet,Tablet,93.5,Anti-Diabetic
6539,13168,Dezacor Oral Suspension,Suspension,62.52,Anti-Diabetic
6540,13169,Dezacort 6 Tablet,Tablet,34,Anti-Diabetic
6541,13170,Defac 6mg Tablet,Tablet,175.14,Anti-Diabetic
6542,13171,Defcort 18 Tablet,Tablet,166.17,Anti-Diabetic
6543,13172,Defza 12mg Tablet,Tablet,103.79,Anti-Diabetic
6544,13173,Defza 30 Tablet,Tablet,286.96,Anti-Diabetic
6545,13174,Genericart Deflazacort 6mg Tablet,Tablet,99.45,Anti-Diabetic
6546,13175,Orthocort 12 Tablet,Tablet,114.07,Anti-Diabetic
6547,13176,Defort 6mg Tablet,Tablet,87.12,Anti-Diabetic
6548,13177,Cortimax Suspension,Suspension,59.37,Anti-Diabetic
6549,13178,Neo-Mercazole 10 Tablet,Tablet,343.11,Anti-Diabetic
6550,13179,Neo-Mercazole 5 Tablet,Tablet,176.11,Anti-Diabetic
6551,13180,PTU Tablet,Tablet,505.75,Anti-Diabetic
6552,13181,Anti-Thyrox 10 Tablet,Tablet,351.12,Anti-Diabetic
6553,13182,Neo-Mercazole 20 Tablet,Tablet,904.06,Anti-Diabetic
6554,13183,Methimez 10 Tablet,Tablet,76.5,Anti-Diabetic
6555,13184,Anti-Thyrox 5 Tablet,Tablet,180.4,Anti-Diabetic
6556,13185,Methimez 5 Tablet,Tablet,42.5,Anti-Diabetic
6557,13186,Thyrocab 10mg Tablet,Tablet,349.7,Anti-Diabetic
6558,13187,Anti-Thyrox 20 Tablet,Tablet,818.12,Anti-Diabetic
6559,13188,Thyrocab 5mg Tablet,Tablet,179.49,Anti-Diabetic
6560,13189,Thyrocab 20mg Tablet,Tablet,801.11,Anti-Diabetic
6561,13190,Methimercazole 10 Tablet,Tablet,230.01,Anti-Diabetic
6562,13191,Thyrodip 10mg Tablet,Tablet,255,Anti-Diabetic
6563,13192,Methimercazole 5 Tablet,Tablet,129.03,Anti-Diabetic
6564,13193,Thyrodip 20mg Tablet,Tablet,467.5,Anti-Diabetic
6565,13194,Metazole 5mg Tablet,Tablet,56.1,Anti-Diabetic
6566,13195,Thyrodip 5mg Tablet,Tablet,160.65,Anti-Diabetic
6567,13196,Thyrozole 5mg Tablet,Tablet,17.51,Anti-Diabetic
6568,13197,Carmazole 10mg Tablet,Tablet,182.75,Anti-Diabetic
6569,13198,Sterzole 20 Tablet,Tablet,821.1,Anti-Diabetic
6570,13199,Sterzole 10 Tablet,Tablet,328.95,Anti-Diabetic
6571,13200,Thyrosim 10mg Tablet,Tablet,340,Anti-Diabetic
6572,13201,Thyrosim 5mg Tablet,Tablet,199.75,Anti-Diabetic
6573,13202,Carmazole 5mg Tablet,Tablet,93.5,Anti-Diabetic
6574,13203,Glucagen 1mg Injection,Injection,638.17,Anti-Diabetic
6575,13204,Glugon 1mg Injection,Injection,709.41,Anti-Diabetic
6576,13205,Decapeptyl 0.1mg Injection,Injection,298.08,Anti-Diabetic
6577,13206,Gynarich Injection,Injection,170,Anti-Diabetic
6578,13207,Pamorelin LA 11.25mg Powder for Injection,Injection,15195.02,Anti-Diabetic
6579,13208,Zoladex 3.6 Injection,Injection,8290.9,Anti-Diabetic
6580,13209,Zoladex LA 10.8mg Injection,Injection,24556.5,Anti-Diabetic
6581,13210,Decapeptyl Depot Injection,Injection,6170.87,Anti-Diabetic
6582,13211,Pamorelin LA 22.5mg Injection,Injection,31409,Anti-Diabetic
6583,13212,Pamorelin LA 3.75mg Injection,Injection,6380.1,Anti-Diabetic
6584,13213,Busarlin 0.5mg Injection,Injection,381.65,Anti-Diabetic
6585,13214,Gonapeptyl 3.75mg Injection,Injection,,Anti-Diabetic
6586,13215,Goselin 3.6mg Injection,Injection,7285.71,Anti-Diabetic
6587,13216,Busarlin 7mg Injection,Injection,1870,Anti-Diabetic
6588,13217,Supradopin 0.5mg Injection,Injection,326.93,Anti-Diabetic
6589,13218,Tryplog Injection,Injection,1062.5,Anti-Diabetic
6590,13219,BUSELIN INJECTION,Injection,,Anti-Diabetic
6591,13220,Busag 0.5mg Injection,Injection,301.82,Anti-Diabetic
6592,13221,Buselin 7mg Injection,Injection,,Anti-Diabetic
6593,13222,Zerelin 5mg Injection,Injection,1870,Anti-Diabetic
6594,13223,Busag 5mg Injection,Injection,1360,Anti-Diabetic
6595,13224,Regen-D 150 Gel,,1632,Anti-Diabetic
6596,13225,Regen-D 60 Gel,,1285.2,Anti-Diabetic
6597,13226,Healace Gel,,2014.5,Anti-Diabetic
6598,13227,Eugraf Gel,,1714.45,Anti-Diabetic
6599,13228,Eugraf 60mcg/gm Gel,,1650.02,Anti-Diabetic
6600,13229,Gro Fact Gel,,1173,Anti-Diabetic
6601,13230,Aminodrip Infusion,,105.85,Anti-Diabetic
6602,13231,Gluyell Sachet,,,Anti-Diabetic
6603,13232,Glutammune Forte Powder,,,Anti-Diabetic
6604,13233,Dexona Tablet,Tablet,3.35,Anti-Diabetic
6605,13234,Medrol 4mg Tablet,Tablet,44.7,Anti-Diabetic
6606,13235,Predmet 4 Tablet,Tablet,43.35,Anti-Diabetic
6607,13236,Dexona Injection,Injection,8.84,Anti-Diabetic
6608,13237,Medrol 8mg Tablet,Tablet,65.39,Anti-Diabetic
6609,13238,Predmet 8 Tablet,Tablet,48.36,Anti-Diabetic
6610,13239,Medrol 16mg Tablet,Tablet,114.28,Anti-Diabetic
6611,13240,Predmet 16 Tablet,Tablet,84.61,Anti-Diabetic
6612,13241,Decmax  4mg Tablet,Tablet,34,Anti-Diabetic
6613,13242,Solu-Medrol 1gm Injection,Injection,1437.94,Anti-Diabetic
6614,13243,Decdan 0.5mg Tablet,Tablet,1.81,Anti-Diabetic
6615,13244,Solu-Medrol 40mg Injection,Injection,40.52,Anti-Diabetic
6616,13245,Nucort-M4 Tablet DT,Tablet,36.39,Anti-Diabetic
6617,13246,Diprobate Plus Lotion,,139.4,Anti-Diabetic
6618,13247,Ivepred 16 Tablet,Tablet,84.61,Anti-Diabetic
6619,13248,Zempred 8 Tablet,Tablet,48.36,Anti-Diabetic
6620,13249,Solu-Medrol 500mg Injection,Injection,898.29,Anti-Diabetic
6621,13250,Demisone Tablet,Tablet,1.81,Anti-Diabetic
6622,13251,Depo-Medrol 40mg Injection,Injection,79.25,Anti-Diabetic
6623,13252,Diprobate Plus Cream,,67.15,Anti-Diabetic
6624,13253,Floricot Tablet,Tablet,118.06,Anti-Diabetic
6625,13254,Ivepred 4 Tablet,Tablet,39.52,Anti-Diabetic
6626,13255,Nucort-M8 Tablet DT,Tablet,47.34,Anti-Diabetic
6627,13256,Solu-Medrol 125mg Injection,Injection,374.43,Anti-Diabetic
6628,13257,Zempred 4 Tablet,Tablet,39.52,Anti-Diabetic
6629,13258,MP 16 Tablet,Tablet,84.66,Anti-Diabetic
6630,13259,Depo-Medrol 80mg Injection,Injection,79.25,Anti-Diabetic
6631,13260,Zempred 16 Tablet,Tablet,84.61,Anti-Diabetic
6632,13261,Dexam 4mg Tablet,Tablet,27.2,Anti-Diabetic
6633,13262,Decadron Tablet,Tablet,1.96,Anti-Diabetic
6634,13263,Macpred 4 Tablet,Tablet,41.01,Anti-Diabetic
6635,13264,Dexa 4mg Injection,Injection,5.31,Anti-Diabetic
6636,13265,DEPOPRED 40 MG INJECTION,Injection,60.6,Anti-Diabetic
6637,13266,Decadron Injection,Injection,8.64,Anti-Diabetic
6638,13267,MP 4mg Tablet,Tablet,42.5,Anti-Diabetic
6639,13268,Neo-Drol 40mg Injection,Injection,50.58,Anti-Diabetic
6640,13269,Dexona 8mg Injection,Injection,7.07,Anti-Diabetic
6641,13270,Ivepred 40mg Injection,Injection,50.26,Anti-Diabetic
6642,13271,Thyronorm 25mcg Tablet,Tablet,148.51,Anti-Diabetic
6643,13272,Thyronorm 50mcg Tablet,Tablet,111.63,Anti-Diabetic
6644,13273,Thyrox 50 Tablet,Tablet,93.11,Anti-Diabetic
6645,13274,Eltroxin 100mcg Tablet,Tablet,135.53,Anti-Diabetic
6646,13275,Thyrox 25 Tablet,Tablet,123.76,Anti-Diabetic
6647,13276,Eltroxin 50mcg Tablet,Tablet,67.83,Anti-Diabetic
6648,13277,Thyronorm 100mcg Tablet,Tablet,135.52,Anti-Diabetic
6649,13278,Thyronorm 75mcg Tablet,Tablet,147.36,Anti-Diabetic
6650,13279,Thyronorm 12.5mcg Tablet,Tablet,153.08,Anti-Diabetic
6651,13280,Eltroxin 25mcg Tablet,Tablet,73.01,Anti-Diabetic
6652,13281,Thyrox 100 Tablet,Tablet,113.29,Anti-Diabetic
6653,13282,Thyrox 75 Tablet,Tablet,122.81,Anti-Diabetic
6654,13283,Eltroxin 75mcg Tablet,Tablet,73.69,Anti-Diabetic
6655,13284,Thyroxoin Sodium 25mcg Tablet,Tablet,66.94,Anti-Diabetic
6656,13285,Thyrox 12.5 Tablet,Tablet,127.59,Anti-Diabetic
6657,13286,Thyronorm 62.5mcg Tablet,Tablet,158.97,Anti-Diabetic
6658,13287,Thyronorm 125mcg Tablet,Tablet,174.16,Anti-Diabetic
6659,13288,Thyronorm 37.5mcg Tablet,Tablet,165.78,Anti-Diabetic
6660,13289,Thyronorm 88mcg Tablet,Tablet,174.16,Anti-Diabetic
6661,13290,Thyronorm 150mcg Tablet,Tablet,175.39,Anti-Diabetic
6662,13291,Eltroxin 125mcg Tablet,Tablet,87.14,Anti-Diabetic
6663,13292,Euthyrox 50 Tablet,Tablet,92.14,Anti-Diabetic
6664,13293,Thyrox 125 Tablet,Tablet,145.49,Anti-Diabetic
6665,13294,Euthyrox 25 Tablet,Tablet,123.76,Anti-Diabetic
6666,13295,Thyrox 88 Tablet,Tablet,145.49,Anti-Diabetic
6667,13296,Euthyrox 100 Tablet,Tablet,112.51,Anti-Diabetic
6668,13297,Thyrox 150 Tablet,Tablet,146.45,Anti-Diabetic
6669,13298,Euthyrox 75 Tablet,Tablet,122.81,Anti-Diabetic
6670,13299,Thyrox 62.5mcg Tablet,Tablet,145.77,Anti-Diabetic
6671,13300,Thyronorm 112mcg Tablet,Tablet,162.6,Anti-Diabetic
6672,13301,Eltroxin 88mcg Tablet,Tablet,76.1,Anti-Diabetic
6673,13302,Thyroup 50 Tablet,Tablet,109.54,Anti-Diabetic
6674,13303,Thyrocare 100mcg Tablet,Tablet,97.75,Anti-Diabetic
6675,13304,Thyrochek 25mcg Tablet,Tablet,5.1,Anti-Diabetic
6676,13305,Lethyrox 50 Tablet,Tablet,93.3,Anti-Diabetic
6677,13306,Lethyrox 25 Tablet,Tablet,100.49,Anti-Diabetic
6678,13307,Thyrofit 25 Tablet,Tablet,30.91,Anti-Diabetic
6679,13308,Thyroup 25 Tablet,Tablet,117.09,Anti-Diabetic
6680,13309,Thyrox 200 Tablet,Tablet,203.83,Anti-Diabetic
6681,13310,Prothiaden Tablet,Tablet,103.32,Anti-Diabetic
6682,13311,Prothiaden 75 Tablet,Tablet,215.33,Anti-Diabetic
6683,13312,Prothiaden 50 Tablet,Tablet,203.46,Anti-Diabetic
6684,13313,Cerevate 90mg Tablet,Tablet,181.05,Anti-Diabetic
6685,13314,Cognifast Tablet,Tablet,158.95,Anti-Diabetic
6686,13315,Dothip 25mg Tablet,Tablet,41.65,Anti-Diabetic
6687,13316,Axepta 10 Tablet,Tablet,,Anti-Diabetic
6688,13317,Cognistar 60 Injection,Injection,868.7,Anti-Diabetic
6689,13318,Cerebrolysin Injection,Injection,790.5,Anti-Diabetic
6690,13319,Prothiaden M  50 Tablet,Tablet,,Anti-Diabetic
6691,13320,Aravon Injection,Injection,527,Anti-Diabetic
6692,13321,Dalstep 10mg Tablet ER,Tablet,354.45,Anti-Diabetic
6693,13322,Prothiaden M  75mg/1500mcg Tablet,Tablet,,Anti-Diabetic
6694,13323,Cogniza 90mg Tablet,Tablet,157.25,Anti-Diabetic
6695,13324,Dothip 50mg Tablet,Tablet,61.2,Anti-Diabetic
6696,13325,Cerevion Tablet,Tablet,157.26,Anti-Diabetic
6697,13326,Cerebrain 90mg Tablet,Tablet,151.3,Anti-Diabetic
6698,13327,Edastar Injection,Injection,586.33,Anti-Diabetic
6699,13328,Dothip 75mg Tablet,Tablet,87.55,Anti-Diabetic
6700,13329,Dotin 25mg Tablet,Tablet,36.55,Anti-Diabetic
6701,13330,Attentrol 10mg Capsule,Capsule,,Anti-Diabetic
6702,13331,DO RE ME 25mg Tablet,Tablet,34.85,Anti-Diabetic
6703,13332,Dozep 25mg Tablet,Tablet,32.72,Anti-Diabetic
6704,13333,Axepta 18mg Tablet,Tablet,,Anti-Diabetic
6705,13334,Cerevate 60mg Injection,Injection,745.45,Anti-Diabetic
6706,13335,Axepta 25mg Tablet,Tablet,,Anti-Diabetic
6707,13336,Attentrol 18 Capsule,Capsule,,Anti-Diabetic
6708,13337,Cerehenz 60mg Injection,Injection,756.5,Anti-Diabetic
6709,13338,Cognione 90mg Tablet,Tablet,160.65,Anti-Diabetic
6710,13339,Dozep 50mg Tablet,Tablet,50.49,Anti-Diabetic
6711,13340,Elate M Tablet,Tablet,,Anti-Diabetic
6712,13341,Dotin 50mg Tablet,Tablet,57.37,Anti-Diabetic
6713,13342,Elate 25mg Tablet,Tablet,25.13,Anti-Diabetic
6714,13343,Dozep 75mg Tablet,Tablet,65.24,Anti-Diabetic
6715,13344,Cogniza 60mg Injection,Injection,757.35,Anti-Diabetic
6716,13345,Ceretop 90mg Tablet,Tablet,143.65,Anti-Diabetic
6717,13346,Cognistar 30 Injection,Injection,513.1,Anti-Diabetic
6718,13347,StayHappi Dosulepin/Dothiepin 50mg Tablet,Tablet,28.05,Anti-Diabetic
6719,13348,Cerebrocip 60mg Injection,Injection,1112.65,Anti-Diabetic
6720,13349,Cognifast 60mg Injection,Injection,654.5,Anti-Diabetic
6721,13350,Strocit Plus Tablet,Tablet,603.5,Anti-Diabetic
6722,13351,Donep 5 Tablet,Tablet,160.01,Anti-Diabetic
6723,13352,Admenta 5 Tablet,Tablet,91.8,Anti-Diabetic
6724,13353,Donamem 5 Tablet,Tablet,130.9,Anti-Diabetic
6725,13354,Admenta 10 Tablet,Tablet,163.2,Anti-Diabetic
6726,13355,Neurocetam Plus Tablet,Tablet,457.3,Anti-Diabetic
6727,13356,Gravitor Tablet,Tablet,135.15,Anti-Diabetic
6728,13357,Megacholin Plus Tablet,Tablet,340,Anti-Diabetic
6729,13358,Aricep 5 Tablet,Tablet,106.25,Anti-Diabetic
6730,13359,Piranulin Tablet,Tablet,416.5,Anti-Diabetic
6731,13360,Citimac P Tablet,Tablet,534.65,Anti-Diabetic
6732,13361,Distinon Tablet,Tablet,79.48,Anti-Diabetic
6733,13362,Donep-M Tablet,Tablet,156.4,Anti-Diabetic
6734,13363,Colihenz P 800 Tablet,Tablet,542.3,Anti-Diabetic
6735,13364,Rivamer 1.5 Capsule,Capsule,124.1,Anti-Diabetic
6736,13365,Colihenz P 400 Tablet,Tablet,508.3,Anti-Diabetic
6737,13366,Alzil 5 Tablet,Tablet,99.52,Anti-Diabetic
6738,13367,Donamem 10 Tablet,Tablet,172.55,Anti-Diabetic
6739,13368,Donep 10 Tablet,Tablet,228.4,Anti-Diabetic
6740,13369,Ceham-P Tablet,Tablet,562.7,Anti-Diabetic
6741,13370,Citistar-PM Tablet,Tablet,566.4,Anti-Diabetic
6742,13371,Alzil-M 5 Tablet,Tablet,136.85,Anti-Diabetic
6743,13372,Somazina Plus 400 Tablet,Tablet,565.67,Anti-Diabetic
6744,13373,Aricep-M  Tablet,Tablet,112.45,Anti-Diabetic
6745,13374,Storax PR Tablet,Tablet,635.8,Anti-Diabetic
6746,13375,Aricep 10 Tablet,Tablet,152.15,Anti-Diabetic
6747,13376,Nootropil C Tablet,Tablet,617.1,Anti-Diabetic
6748,13377,Myestin 60mg Tablet,Tablet,141.1,Anti-Diabetic
6749,13378,Neuciti Plus Syrup,,527.85,Anti-Diabetic
6750,13379,Prexaron Plus Tablet,Tablet,635.8,Anti-Diabetic
6751,13380,Donep-M Forte Tablet,Tablet,193.8,Anti-Diabetic
6752,13381,Tilstigmin Tablet,Tablet,42.35,Anti-Diabetic
6753,13382,Donetaz SR 11.5 Tablet,Tablet,181.05,Anti-Diabetic
6754,13383,Alfa GPC Tablet,Tablet,588.2,Anti-Diabetic
6755,13384,Donamem Forte Tablet,Tablet,171.7,Anti-Diabetic
6756,13385,Donecept 5 Tablet,Tablet,96.29,Anti-Diabetic
6757,13386,Nemdaa 5 Tablet,Tablet,69.7,Anti-Diabetic
6758,13387,Clinaxon-P 400 Tablet,Tablet,595.85,Anti-Diabetic
6759,13388,Rivamer 3 Capsule,Capsule,147.05,Anti-Diabetic
6760,13389,Tryptomer 10mg Tablet,Tablet,65.12,Anti-Diabetic
6761,13390,Nexito Plus Tablet,Tablet,,Anti-Diabetic
6762,13391,Nexito 10 Tablet,Tablet,76.92,Anti-Diabetic
6763,13392,Nexito 5 Tablet,Tablet,43.32,Anti-Diabetic
6764,13393,Nexito Forte Tablet,Tablet,,Anti-Diabetic
6765,13394,Fludac Capsule,Capsule,51.88,Anti-Diabetic
6766,13395,Tryptomer 25mg Tablet,Tablet,64.26,Anti-Diabetic
6767,13396,Clonafit Plus  Tablet,Tablet,,Anti-Diabetic
6768,13397,Stalopam Plus Tablet,Tablet,,Anti-Diabetic
6769,13398,Serta 50 Tablet,Tablet,129.58,Anti-Diabetic
6770,13399,Mirtaz 7.5 Tablet,Tablet,,Anti-Diabetic
6771,13400,Pexep CR 12.5 Tablet,Tablet,142.8,Anti-Diabetic
6772,13401,Duzela 20 Capsule DR,Capsule,81.6,Anti-Diabetic
6773,13402,Serta 25 Tablet,Tablet,70.42,Anti-Diabetic
6774,13403,Flunil 20 Capsule,Capsule,34.65,Anti-Diabetic
6775,13404,Amitone 10mg Tablet,Tablet,14.62,Anti-Diabetic
6776,13405,Rexipra 10 Tablet,Tablet,76.92,Anti-Diabetic
6777,13406,Stalopam 10 Tablet,Tablet,76.43,Anti-Diabetic
6778,13407,Prodep Capsule,Capsule,34.55,Anti-Diabetic
6779,13408,Nexito LS Tablet,Tablet,,Anti-Diabetic
6780,13409,Sensival 25 Tablet,Tablet,34.38,Anti-Diabetic
6781,13410,Daxid 50mg Tablet,Tablet,135.35,Anti-Diabetic
6782,13411,Paxidep CR 12.5 Tablet,Tablet,128.35,Anti-Diabetic
6783,13412,D-Veniz 50 Tablet ER,Tablet,117.3,Anti-Diabetic
6784,13413,Eliwel 10mg Tablet,Tablet,21.7,Anti-Diabetic
6785,13414,Pari CR 12.5 Tablet,Tablet,,Anti-Diabetic
6786,13415,Mirtaz 15 Tablet,Tablet,,Anti-Diabetic
6787,13416,D-Venizep 50 Tablet ER,Tablet,,Anti-Diabetic
6788,13417,Depran-L Tablet,Tablet,,Anti-Diabetic
6789,13418,Depran  10 Tablet,Tablet,,Anti-Diabetic
6790,13419,Depsonil 25mg Tablet,Tablet,,Anti-Diabetic
6791,13420,Symbal 20 Tablet,Tablet,83.34,Anti-Diabetic
6792,13421,Zosert 50 Tablet,Tablet,85.85,Anti-Diabetic
6793,13422,Feliz-S 10 Tablet,Tablet,75.9,Anti-Diabetic
6794,13423,Feliz S Plus Tablet,Tablet,,Anti-Diabetic
6795,13424,Lithosun SR Tablet,Tablet,44.62,Anti-Diabetic
6796,13425,Szetalo Plus Tablet,Tablet,,Anti-Diabetic
6797,13426,Fludac 10 Capsule,Capsule,28.18,Anti-Diabetic
6798,13427,Panazep 12.5 Tablet ER,Tablet,,Anti-Diabetic
6799,13428,Rexipra Plus Tablet,Tablet,,Anti-Diabetic
6800,13429,Gabapin NT Tablet,Tablet,346.8,Anti-Diabetic
6801,13430,Levipil 500 Tablet,Tablet,112.2,Anti-Diabetic
6802,13431,Lonazep 0.25 Tablet,Tablet,,Anti-Diabetic
6803,13432,Clonafit 0.25mg Tablet,Tablet,,Anti-Diabetic
6804,13433,Clonotril 0.5 Tablet,Tablet,,Anti-Diabetic
6805,13434,Zapiz 0.5 Tablet,Tablet,,Anti-Diabetic
6806,13435,Zapiz 0.25 Tablet,Tablet,,Anti-Diabetic
6807,13436,Gabapin NT 100 Tablet,Tablet,124.95,Anti-Diabetic
6808,13437,Eptoin Tablet,Tablet,176.82,Anti-Diabetic
6809,13438,Levera 500 Tablet,Tablet,168.36,Anti-Diabetic
6810,13439,Pregabid NT Tablet,Tablet,234.6,Anti-Diabetic
6811,13440,Pregaba-M 75 Capsule,Capsule,208.72,Anti-Diabetic
6812,13441,Clonafit 0.5 MD Tablet,Tablet,,Anti-Diabetic
6813,13442,Zac 10mg Tablet,Tablet,,Anti-Diabetic
6814,13443,Petril-MD 0.25 Tablet,Tablet,,Anti-Diabetic
6815,13444,Nurokind-G  Tablet,Tablet,110.41,Anti-Diabetic
6816,13445,Gabapin 100 Tablet,Tablet,92.65,Anti-Diabetic
6817,13446,Clonotril 0.25mg Tablet DT,Tablet,,Anti-Diabetic
6818,13447,Rivotril 0.5mg Tablet,Tablet,,Anti-Diabetic
6819,13448,Gabaneuron Tablet,Tablet,178.5,Anti-Diabetic
6820,13449,Lyrica 75mg Capsule,Capsule,751.48,Anti-Diabetic
6821,13450,Lonazep 0.5mg Tablet,Tablet,,Anti-Diabetic
6822,13451,Pregalin 75 Capsule,Capsule,196.06,Anti-Diabetic
6823,13452,Pregalin M 75 Capsule,Capsule,215.43,Anti-Diabetic
6824,13453,Pregaba NT 75 mg/10 mg Tablet,Tablet,154.83,Anti-Diabetic
6825,13454,Oxetol 300 Tablet,Tablet,87.55,Anti-Diabetic
6826,13455,Tegrital 200 Tablet,Tablet,13.16,Anti-Diabetic
6827,13456,Mahagaba-M 75 Capsule,Capsule,101.24,Anti-Diabetic
6828,13457,Neugaba M 75 Capsule,Capsule,130.47,Anti-Diabetic
6829,13458,Divaa -OD 500 Tablet ER,Tablet,117.3,Anti-Diabetic
6830,13459,Gabapin 300 Capsule,Capsule,263.5,Anti-Diabetic
6831,13460,Gardenal 60 Tablet,Tablet,,Anti-Diabetic
6832,13461,Topaz 25 Tablet,Tablet,68.85,Anti-Diabetic
6833,13462,Dicorate ER 500 Tablet,Tablet,129.2,Anti-Diabetic
6834,13463,Lonazep MD 0.5 Tablet,Tablet,,Anti-Diabetic
6835,13464,Maxgalin 75 Capsule,Capsule,137.7,Anti-Diabetic
6836,13465,Gabaneuron NT Tablet,Tablet,148.32,Anti-Diabetic
6837,13466,Gabaneuron 100 Tablet,Tablet,72.25,Anti-Diabetic
6838,13467,Pregeb M 75 Capsule,Capsule,130.65,Anti-Diabetic
6839,13468,Petril 0.5 Tablet,Tablet,,Anti-Diabetic
6840,13469,Headset Tablet,Tablet,89.21,Anti-Diabetic
6841,13470,Rizact 10 Tablet,Tablet,236.59,Anti-Diabetic
6842,13471,Suminat 50 Tablet,Tablet,48.91,Anti-Diabetic
6843,13472,Snapit 85mg/500mg Tablet,Tablet,81.17,Anti-Diabetic
6844,13473,Rizact 5 Tablet,Tablet,166.1,Anti-Diabetic
6845,13474,Suminat 25 Tablet,Tablet,31.01,Anti-Diabetic
6846,13475,Zolmist Nasal Spray,,502.32,Anti-Diabetic
6847,13476,Rizanet 5 Oral Disintegrating Strip,,153,Anti-Diabetic
6848,13477,Hedfree Tablet,Tablet,69.27,Anti-Diabetic
6849,13478,Rizora 10 Tablet,Tablet,256.7,Anti-Diabetic
6850,13479,Rizanet 10 Oral Disintegrating Strip,,46.75,Anti-Diabetic
6851,13480,Sunapro Tablet,Tablet,72.25,Anti-Diabetic
6852,13481,Ergacap 2mg Capsule,Capsule,,Anti-Diabetic
6853,13482,Rizora 5 Tablet,Tablet,150.45,Anti-Diabetic
6854,13483,Zolitas ODS 5 Strip,,63.75,Anti-Diabetic
6855,13484,Naprosuma Tablet,Tablet,73.1,Anti-Diabetic
6856,13485,Rizatan 10mg Tablet,Tablet,,Anti-Diabetic
6857,13486,Suminat Nasal Spray,,,Anti-Diabetic
6858,13487,Almotan 6.25 Tablet,Tablet,163.66,Anti-Diabetic
6859,13488,Rizora ODS 5 Disintegrating Strip,,35,Anti-Diabetic
6860,13489,Elipran 20 Tablet,Tablet,127.5,Anti-Diabetic
6861,13490,Sumitrex 50mg Tablet,Tablet,31.53,Anti-Diabetic
6862,13491,Suminat 100 Tablet,Tablet,154.7,Anti-Diabetic
6863,13492,Zolitas ODS 2.5 Strip,,42.5,Anti-Diabetic
6864,13493,Suminat Forte Tablet,Tablet,,Anti-Diabetic
6865,13494,Ritza 10mg Tablet,Tablet,,Anti-Diabetic
6866,13495,Sumitrex 25mg Tablet,Tablet,16.64,Anti-Diabetic
6867,13496,Almotan 12.5 Tablet,Tablet,312.44,Anti-Diabetic
6868,13497,Rizamelt 5mg Tablet,Tablet,27.2,Anti-Diabetic
6869,13498,Rizora ODS 10 Disintegrating Strip,,53.97,Anti-Diabetic
6870,13499,Throbexit Tablet,Tablet,102.81,Anti-Diabetic
6871,13500,Ergotab 2mg Capsule,Capsule,,Anti-Diabetic
6872,13501,Rizact 10mg Tablet MD,Tablet,,Anti-Diabetic
6873,13502,Elipran 40 Tablet,Tablet,285.6,Anti-Diabetic
6874,13503,Rizamelt 10mg Tablet DT,Tablet,46.75,Anti-Diabetic
6875,13504,Suminat Fast 25mg Tablet,Tablet,25.13,Anti-Diabetic
6876,13505,Imijet 500mg Injection,Injection,1100.75,Anti-Diabetic
6877,13506,Rizamelt 5 Disintegrating Strip,,136,Anti-Diabetic
6878,13507,Rizatrip Odt 10mg Tablet,Tablet,205.5,Anti-Diabetic
6879,13508,Ritza 5mg Tablet,Tablet,114.75,Anti-Diabetic
6880,13509,Pacitane Tablet,Tablet,33.95,Anti-Diabetic
6881,13510,Syndopa Plus Tablet,Tablet,21.05,Anti-Diabetic
6882,13511,Syndopa 110 Tablet,Tablet,14.71,Anti-Diabetic
6883,13512,Pramipex 0.25 Tablet,Tablet,67.15,Anti-Diabetic
6884,13513,Parkin Tablet,Tablet,11.52,Anti-Diabetic
6885,13514,Revocon Tablet,Tablet,241.4,Anti-Diabetic
6886,13515,Syndopa CR Tablet,Tablet,38.96,Anti-Diabetic
6887,13516,Ropark 0.5 Tablet,Tablet,75.22,Anti-Diabetic
6888,13517,Xafinact 50 Tablet,Tablet,97.75,Anti-Diabetic
6889,13518,Bexol Tablet,Tablet,11.52,Anti-Diabetic
6890,13519,Rasalect 0.5 Tablet,Tablet,73.95,Anti-Diabetic
6891,13520,Pramipex 0.5 Tablet,Tablet,107.95,Anti-Diabetic
6892,13521,Tidomet Plus Tablet,Tablet,21.38,Anti-Diabetic
6893,13522,Rasalect 1 Tablet,Tablet,124.95,Anti-Diabetic
6894,13523,Ticstop Tablet,Tablet,249.9,Anti-Diabetic
6895,13524,Syndopa CR 125 Tablet,Tablet,23.33,Anti-Diabetic
6896,13525,Ropark 0.25 Tablet,Tablet,52.27,Anti-Diabetic
6897,13526,Pramipex 0.125 Tablet,Tablet,41.65,Anti-Diabetic
6898,13527,Syndopa 275 Tablet,Tablet,35.39,Anti-Diabetic
6899,13528,Syncapone 100 Tablet,Tablet,83.3,Anti-Diabetic
6900,13529,Bexol DT Tablet,Tablet,115.19,Anti-Diabetic
6901,13530,Sicriptin Tablet,Tablet,173.4,Anti-Diabetic
6902,13531,THP 2mg Tablet,Tablet,11.9,Anti-Diabetic
6903,13532,Selgin Tablet,Tablet,55.67,Anti-Diabetic
6904,13533,Ropark 1 Tablet,Tablet,116.45,Anti-Diabetic
6905,13534,Pramirol 0.25 Tablet,Tablet,71.4,Anti-Diabetic
6906,13535,Pramipex ER 0.375 Tablet,Tablet,76.5,Anti-Diabetic
6907,13536,Pramipex 1 Tablet,Tablet,149.33,Anti-Diabetic
6908,13537,Pramipex ER 0.75 Tablet,Tablet,109.65,Anti-Diabetic
6909,13538,Sicriptin 1.25 Tablet,Tablet,87.55,Anti-Diabetic
6910,13539,LCD 110 Tablet,Tablet,28.05,Anti-Diabetic
6911,13540,Tremnil 2mg Tablet,Tablet,11.13,Anti-Diabetic
6912,13541,Pramirol SR 0.26 Tablet,Tablet,85.42,Anti-Diabetic
6913,13542,Madopar 250 Tablet,Tablet,201.1,Anti-Diabetic
6914,13543,Parkinta 2mg Tablet,Tablet,11.52,Anti-Diabetic
6915,13544,Pramirol 0.5 Tablet,Tablet,119.85,Anti-Diabetic
6916,13545,Trivastal LA Tablet SR,Tablet,178.5,Anti-Diabetic
6917,13546,Ropark XL 1 Tablet,Tablet,121.12,Anti-Diabetic
6918,13547,Brom 2.5mg Tablet,Tablet,160.65,Anti-Diabetic
6919,13548,Bupron XL 150 Tablet,Tablet,126.65,Anti-Diabetic
6920,13549,Bupron SR 150 Tablet,Tablet,101.15,Anti-Diabetic
6921,13550,Qudict 2 mg/0.5 mg Tablet,Tablet,,Anti-Diabetic
6922,13551,Champix 1mg Tablet,Tablet,1445,Anti-Diabetic
6923,13552,Bupron XL 300 Tablet,Tablet,213.35,Anti-Diabetic
6924,13553,Champix 0.5mg and 1mg Tablet Starter Pack,Tablet,1288.6,Anti-Diabetic
6925,13554,Nicotex 4mg Paan Sugar Free Chewing Gums,,81.6,Anti-Diabetic
6926,13555,Zupion -SR Tablet,Tablet,98.6,Anti-Diabetic
6927,13556,Nicotex 4mg Mint Plus Sugar Free Chewing Gums,,200.6,Anti-Diabetic
6928,13557,Nicogum 4 Nicotine Gum Fresh Mint Sugar Free,,81.6,Anti-Diabetic
6929,13558,Buprex 150mg Tablet SR,Tablet,76.5,Anti-Diabetic
6930,13559,Unidep SR 150 Tablet,Tablet,93.5,Anti-Diabetic
6931,13560,Buxon XL 150 Tablet,Tablet,104.07,Anti-Diabetic
6932,13561,Nicotex 4mg with Teeth Whitening Mint Plus,,74.8,Anti-Diabetic
6933,13562,Nicotex 4mg Sugar Free Classic Fresh Mint Chewing Gums,,81.6,Anti-Diabetic
6934,13563,Zyban 150mg Tablet SR,Tablet,340,Anti-Diabetic
6935,13564,Bulet 150mg Tablet SR,Tablet,84.15,Anti-Diabetic
6936,13565,Ession 150mg Tablet ER,Tablet,,Anti-Diabetic
6937,13566,Bupron 100mg Tablet,Tablet,,Anti-Diabetic
6938,13567,Nicotex Sugar Free 4mg Chewing Gums,,74.8,Anti-Diabetic
6939,13568,Nixit 4mg Frost mint Lozenges,,102,Anti-Diabetic
6940,13569,Nicogum 2 Mini Mint Plus Sugar Free Lozenges,,76.5,Anti-Diabetic
6941,13570,Bupromat 150mg Tablet ER,Tablet,83.3,Anti-Diabetic
6942,13571,Bupron 300mg Tablet SR,Tablet,69.7,Anti-Diabetic
6943,13572,Smoquit 150mg Tablet SR,Tablet,129.2,Anti-Diabetic
6944,13573,Atydep 150mg Tablet SR,Tablet,75.65,Anti-Diabetic
6945,13574,Bunocare XL 150 Tablet,Tablet,118.83,Anti-Diabetic
6946,13575,Nicorette 4mg Chewing Gums,,51.85,Anti-Diabetic
6947,13576,Nicotex 4mg Fruity Mint Sugar Free Chewing Gums,,74.8,Anti-Diabetic
6948,13577,Buropin XL 150mg Tablet,Tablet,78.2,Anti-Diabetic
6949,13578,Bupron 100mg Tablet SR,Tablet,69.7,Anti-Diabetic
6950,13579,Bupep 150mg Tablet SR,Tablet,116.87,Anti-Diabetic
6951,13580,Bupro 150mg Tablet SR,Tablet,85,Anti-Diabetic
6952,13581,Nicotex 4mg Cinnamon Sugar Free Chewing Gums,,81.6,Anti-Diabetic
6953,13582,Niclonz 4 Mint Sugar Free Pastilles,,81.6,Anti-Diabetic
6954,13583,Buproban 150mg Tablet ER,Tablet,63.75,Anti-Diabetic
6955,13584,Nicotex Plus 4mg Chewing Gums Mint Plus,,81.6,Anti-Diabetic
6956,13585,2baconil 4mg Nicotine Gums for Quit Smoking / Tobacco (For More Than 20 Cigarette/Day Smoker) Mint,,297.5,Anti-Diabetic
6957,13586,Nicotex Plus 4mg Mint Chewing Gums,,182.75,Anti-Diabetic
6958,13587,Vertin 16 Tablet,Tablet,207.78,Anti-Diabetic
6959,13588,Sibelium 10mg Tablet,Tablet,134.43,Anti-Diabetic
6960,13589,Stugeron Tablet,Tablet,155.55,Anti-Diabetic
6961,13590,Vertin Tablet,Tablet,112.8,Anti-Diabetic
6962,13591,Spinfree Tablet,Tablet,82.45,Anti-Diabetic
6963,13592,Stugeron Plus Tablet,Tablet,108.8,Anti-Diabetic
6964,13593,Stugeron Forte Tablet,Tablet,334.05,Anti-Diabetic
6965,13594,Sibelium 5mg Tablet,Tablet,78.37,Anti-Diabetic
6966,13595,Flunarin 10 Tablet,Tablet,41.44,Anti-Diabetic
6967,13596,Vertigon Tablet,Tablet,36.97,Anti-Diabetic
6968,13597,Vertistar -MD 16 Tablet,Tablet,62.46,Anti-Diabetic
6969,13598,Dizitac Tablet,Tablet,88.4,Anti-Diabetic
6970,13599,Betavert 16 Tablet,Tablet,120.7,Anti-Diabetic
6971,13600,Vertizac Tablet,Tablet,76.5,Anti-Diabetic
6972,13601,Vertin 24 Tablet,Tablet,298.38,Anti-Diabetic
6973,13602,Zerograin 10 Tablet,Tablet,34.37,Anti-Diabetic
6974,13603,Vertistar - MD 8 Tablet,Tablet,34.71,Anti-Diabetic
6975,13604,Cinzan 25 DT Tablet,Tablet,29.2,Anti-Diabetic
6976,13605,Fluner 10 Tablet,Tablet,43.35,Anti-Diabetic
6977,13606,Diziron Tablet,Tablet,119,Anti-Diabetic
6978,13607,Zevert MD 16 Tablet,Tablet,179.36,Anti-Diabetic
6979,13608,Migranex 10 Tablet,Tablet,44.93,Anti-Diabetic
6980,13609,Gemvert Tablet,Tablet,70.59,Anti-Diabetic
6981,13610,Vertigen Tablet,Tablet,66.39,Anti-Diabetic
6982,13611,Vertinat 8mg Tablet,Tablet,37.4,Anti-Diabetic
6983,13612,Vertigon Forte Tablet,Tablet,64.6,Anti-Diabetic
6984,13613,Flunarin 5 Tablet,Tablet,19.59,Anti-Diabetic
6985,13614,Verbet 16 Tablet,Tablet,102.85,Anti-Diabetic
6986,13615,Vertin OD 48mg Tablet SR,Tablet,252.62,Anti-Diabetic
6987,13616,Grenil-F 10 Tablet,Tablet,28.05,Anti-Diabetic
6988,13617,Cintigo 25mg Tablet,Tablet,28.05,Anti-Diabetic
6989,13618,Migon Tablet,Tablet,40.74,Anti-Diabetic
6990,13619,Vertiron Tablet,Tablet,82.02,Anti-Diabetic
6991,13620,Betavert 24 Tablet,Tablet,149.17,Anti-Diabetic
6992,13621,Zevert 16 Tablet DT,Tablet,56.1,Anti-Diabetic
6993,13622,Vertin OD 24mg Tablet SR,Tablet,164.81,Anti-Diabetic
6994,13623,Migarid 10 Tablet,Tablet,29.31,Anti-Diabetic
6995,13624,Diziron D Tablet MD,Tablet,79.05,Anti-Diabetic
6996,13625,Vomivert 20 mg/40 mg Tablet,Tablet,68.44,Anti-Diabetic
6997,13626,Lesuride Tablet,Tablet,83.3,Anti-Diabetic
6998,13627,Qutipin 25 Tablet,Tablet,45.9,Anti-Diabetic
6999,13628,Sizodon MD 0.5 Tablet,Tablet,22.95,Anti-Diabetic
7000,13629,Oleanz 2.5 Tablet,Tablet,31.45,Anti-Diabetic
7001,13630,Oleanz 5 Tablet,Tablet,36.97,Anti-Diabetic
7002,13631,Qutan 25 Tablet,Tablet,39.52,Anti-Diabetic
7003,13632,Qutipin 50 Tablet,Tablet,59.5,Anti-Diabetic
7004,13633,Lesuride Injection,Injection,55.46,Anti-Diabetic
7005,13634,Olimelt 5  Tablet MD,Tablet,35.7,Anti-Diabetic
7006,13635,Oleanz Plus Tablet,Tablet,83.3,Anti-Diabetic
7007,13636,Sizodon LS Tablet,Tablet,51,Anti-Diabetic
7008,13637,Sizodon Plus Tablet,Tablet,68.85,Anti-Diabetic
7009,13638,Arip MT 5 Tablet,Tablet,93.63,Anti-Diabetic
7010,13639,Neopride Tablet,Tablet,64.17,Anti-Diabetic
7011,13640,Olimelt 2.5 Tablet MD,Tablet,29.75,Anti-Diabetic
7012,13641,Risdone-Plus Tablet,Tablet,50.58,Anti-Diabetic
7013,13642,Risdone LS Tablet,Tablet,55.25,Anti-Diabetic
7014,13643,Sizopin 25 Tablet,Tablet,23.8,Anti-Diabetic
7015,13644,Oleanz 10 Tablet,Tablet,68,Anti-Diabetic
7016,13645,Arpizol 5 Tablet,Tablet,60.35,Anti-Diabetic
7017,13646,Levazeo 25 Tablet,Tablet,74.97,Anti-Diabetic
7018,13647,Lesuride OD 75 Tablet,Tablet,170,Anti-Diabetic
7019,13648,Risdone 1 Tablet,Tablet,19.97,Anti-Diabetic
7020,13649,Sulpitac 50 Tablet,Tablet,73.95,Anti-Diabetic
7021,13650,Olanex F Tablet,Tablet,100.6,Anti-Diabetic
7022,13651,Sizopin 100mg Tablet,Tablet,73.49,Anti-Diabetic
7023,13652,Sulpitac 100 Tablet,Tablet,115.6,Anti-Diabetic
7024,13653,Olimelt 10 Tablet MD,Tablet,65.87,Anti-Diabetic
7025,13654,Qutipin 100 Tablet,Tablet,71.4,Anti-Diabetic
7026,13655,Risdone MT 0.5 Tablet MD,Tablet,22.1,Anti-Diabetic
7027,13656,Arip MT 10 Tablet,Tablet,,Anti-Diabetic
7028,13657,Arpizol 10 Tablet,Tablet,100.3,Anti-Diabetic
7029,13658,Sizodon 1 Tablet,Tablet,25.81,Anti-Diabetic
7030,13659,Qutan 50 Tablet,Tablet,58.65,Anti-Diabetic
7031,13660,Fostera 20 mg/5 mg Tablet,Tablet,79.05,Anti-Diabetic
7032,13661,Sizodon Forte Tablet,Tablet,78.2,Anti-Diabetic
7033,13662,Luramax 40 Tablet,Tablet,102,Anti-Diabetic
7034,13663,Oliza 2.5 Tablet,Tablet,29.75,Anti-Diabetic
7035,13664,Risdone 2 Tablet,Tablet,35.56,Anti-Diabetic
7036,13665,Supral Plus Tablet,Tablet,52.36,Anti-Diabetic
7037,13666,Placida Tablet,Tablet,53.76,Anti-Diabetic
7038,13667,Trinicalm Plus Tablet,Tablet,17.21,Anti-Diabetic
7039,13668,Serenace Tablet,Tablet,13.39,Anti-Diabetic
7040,13669,Franxit 0.5 mg/10 mg Tablet,Tablet,,Anti-Diabetic
7041,13670,DEANXIT 0.5 MG/10 MG TABLET,Tablet,,Anti-Diabetic
7042,13671,Serenace 5 Tablet,Tablet,32.56,Anti-Diabetic
7043,13672,Fluanxol 0.5mg Tablet,Tablet,51.28,Anti-Diabetic
7044,13673,Largactil 10mg Tablet,Tablet,1.39,Anti-Diabetic
7045,13674,Spenzo 0.5 Tablet,Tablet,32.3,Anti-Diabetic
7046,13675,Serenace Injection 1ml,Injection,6.47,Anti-Diabetic
7047,13676,Trazine-H Tablet,Tablet,9.56,Anti-Diabetic
7048,13677,Anxiset 0.5 Tablet,Tablet,42.3,Anti-Diabetic
7049,13678,Espazine 1mg Tablet,Tablet,23.88,Anti-Diabetic
7050,13679,Trinicalm Forte Tablet,Tablet,8.75,Anti-Diabetic
7051,13680,EXZILOR 0.5 MG/10 MG TABLET,Tablet,,Anti-Diabetic
7052,13681,Versidep 0.5mg/10mg Tablet,Tablet,,Anti-Diabetic
7053,13682,Serenace 0.5 Tablet,Tablet,25.63,Anti-Diabetic
7054,13683,Chlorpromazine 100mg Tablet,Tablet,8.07,Anti-Diabetic
7055,13684,Chlorpromazine 50mg Tablet,Tablet,4.89,Anti-Diabetic
7056,13685,Neocalm Plus Tablet,Tablet,9.56,Anti-Diabetic
7057,13686,Serenace Liquid,,29.07,Anti-Diabetic
7058,13687,Frestina Tablet,Tablet,,Anti-Diabetic
7059,13688,Clopixol Depot Injection,Injection,506.22,Anti-Diabetic
7060,13689,Parkin-Plus Tablet,Tablet,28.05,Anti-Diabetic
7061,13690,Trazine-S Tablet,Tablet,15.72,Anti-Diabetic
7062,13691,Serenace 1.5 Tablet,Tablet,15.47,Anti-Diabetic
7063,13692,Fluxit Tablet,Tablet,38.25,Anti-Diabetic
7064,13693,CPZ 100mg Tablet,Tablet,8.07,Anti-Diabetic
7065,13694,Espazine 5mg Tablet,Tablet,24.9,Anti-Diabetic
7066,13695,CPZ 50 Tablet,Tablet,4.89,Anti-Diabetic
7067,13696,Trancodol DT 5 Tablet,Tablet,35.27,Anti-Diabetic
7068,13697,Melanxit 0.5mg/10mg Tablet,Tablet,,Anti-Diabetic
7069,13698,Talecalm H Tablet,Tablet,8.07,Anti-Diabetic
7070,13699,Serenace 10 Tablet,Tablet,41.73,Anti-Diabetic
7071,13700,Flupetra 0.5mg/10mg Tablet,Tablet,,Anti-Diabetic
7072,13701,Ambulax-FM Tablet,Tablet,,Anti-Diabetic
7073,13702,Thioril 10 Tablet,Tablet,15.68,Anti-Diabetic
7074,13703,Fluanxol Depot 20mg Injection,Injection,180.07,Anti-Diabetic
7075,13704,Dizone Tablet,Tablet,25.99,Anti-Diabetic
7076,13705,Disulfiram 250mg Tablet,Tablet,22.53,Anti-Diabetic
7077,13706,Acamprol Tablet,Tablet,69.7,Anti-Diabetic
7078,13707,Cronodol 500mg Tablet,Tablet,10.73,Anti-Diabetic
7079,13708,Crotonol 500mg Tablet,Tablet,34,Anti-Diabetic
7080,13709,Esperal Tablet,Tablet,29.2,Anti-Diabetic
7081,13710,Recopress 500mg Tablet,Tablet,42.5,Anti-Diabetic
7082,13711,Alcoliv Tablet,Tablet,156.82,Anti-Diabetic
7083,13712,Alconol 500mg Tablet,Tablet,37.32,Anti-Diabetic
7084,13713,Dizone 500mg Tablet,Tablet,59.5,Anti-Diabetic
7085,13714,Viboliv Tablet,Tablet,162.22,Anti-Diabetic
7086,13715,Acamptas 333 Tablet,Tablet,68.85,Anti-Diabetic
7087,13716,Chronol 500mg Tablet,Tablet,25.5,Anti-Diabetic
7088,13717,Deadict 500mg Tablet,Tablet,144.87,Anti-Diabetic
7089,13718,Genericart Disulfiram 500mg Tablet,Tablet,36.55,Anti-Diabetic
7090,13719,Livodox Plus Tablet,Tablet,180.62,Anti-Diabetic
7091,13720,Metadoxil 500mg Tablet,Tablet,130.75,Anti-Diabetic
7092,13721,Alcoban 500mg Tablet,Tablet,72.25,Anti-Diabetic
7093,13722,Recopress 250mg Tablet,Tablet,29.75,Anti-Diabetic
7094,13723,Deadict 250mg Tablet,Tablet,34,Anti-Diabetic
7095,13724,Toneliv 500mg Tablet,Tablet,306,Anti-Diabetic
7096,13725,Antadict 250mg Tablet,Tablet,5.85,Anti-Diabetic
7097,13726,Difuram 250mg Tablet,Tablet,18.7,Anti-Diabetic
7098,13727,Livodox 500mg Tablet,Tablet,123.25,Anti-Diabetic
7099,13728,Soberol 250 Tablet,Tablet,33.15,Anti-Diabetic
7100,13729,Firam 250mg Tablet,Tablet,12.41,Anti-Diabetic
7101,13730,Alwid 250mg Tablet,Tablet,17.42,Anti-Diabetic
7102,13731,Desulf 250mg Tablet,Tablet,21.25,Anti-Diabetic
7103,13732,Tyfusin 500mg Tablet,Tablet,52.96,Anti-Diabetic
7104,13733,Dsf 250mg Tablet,Tablet,16.15,Anti-Diabetic
7105,13734,DFM 250mg Tablet,Tablet,17,Anti-Diabetic
7106,13735,Alconix 500mg Tablet,Tablet,27.2,Anti-Diabetic
7107,13736,Cronotol 500mg Tablet,Tablet,42.5,Anti-Diabetic
7108,13737,Disfit 500 Tablet,Tablet,44.2,Anti-Diabetic
7109,13738,VIBOLIV 300 MG INJECTION,Injection,,Anti-Diabetic
7110,13739,De Quit 250mg Tablet,Tablet,17,Anti-Diabetic
7111,13740,METBAX TABLET,Tablet,,Anti-Diabetic
7112,13741,Quit 500 Tablet,Tablet,70.55,Anti-Diabetic
7113,13742,Tyfusin 250mg Tablet,Tablet,49.98,Anti-Diabetic
7114,13743,Acmacal 333mg Tablet,Tablet,84.33,Anti-Diabetic
7115,13744,Addnok 0.2mg Tablet,Tablet,,Anti-Diabetic
7116,13745,Naltima 50 Tablet,Tablet,651.1,Anti-Diabetic
7117,13746,Buvalor 10mg Transdermal Patch,,,Anti-Diabetic
7118,13747,Nodict 50mg Tablet,Tablet,668.95,Anti-Diabetic
7119,13748,Buvalor 5mg Transdermal Patch,,,Anti-Diabetic
7120,13749,Tidigesic 0.2mg Tablet,Tablet,,Anti-Diabetic
7121,13750,Buprigesic Patch 5,,,Anti-Diabetic
7122,13751,Bupatch 10mcg Transdermal Patch,,,Anti-Diabetic
7123,13752,Buprigesic 0.3mg Injection,Injection,,Anti-Diabetic
7124,13753,Buvalor 20mg Transdermal Patch,,,Anti-Diabetic
7125,13754,Rupatch 10mcg Transdermal Patch,,,Anti-Diabetic
7126,13755,Buprigesic Patch 10,,,Anti-Diabetic
7127,13756,Nalox 400mcg Injection,Injection,,Anti-Diabetic
7128,13757,Leegesic 0.3mg Injection,Injection,,Anti-Diabetic
7129,13758,Norphin 0.3mg Injection,Injection,,Anti-Diabetic
7130,13759,Naltrex 50mg Tablet,Tablet,297.5,Anti-Diabetic
7131,13760,Addtrex Tablet,Tablet,563.55,Anti-Diabetic
7132,13761,Nex 400mcg Injection,Injection,,Anti-Diabetic
7133,13762,Mutrans 10mcg/hr Transdermal Patch,,,Anti-Diabetic
7134,13763,Nalcon 50mg Tablet,Tablet,667.25,Anti-Diabetic
7135,13764,Buprocare 0.2mg Tablet,Tablet,,Anti-Diabetic
7136,13765,Lupigesic-Old 0.3mg Injection,Injection,,Anti-Diabetic
7137,13766,BUPROCARE 2MG TABLET,Tablet,,Anti-Diabetic
7138,13767,BUPROCARE 1MG TABLET,Tablet,,Anti-Diabetic
7139,13768,Naltrawave Tablet,Tablet,578,Anti-Diabetic
7140,13769,Mutrans 5mcg/hr Transdermal Patch,,,Anti-Diabetic
7141,13770,Bupatch 20mcg Transdermal Patch,,,Anti-Diabetic
7142,13771,Narcotan 20mcg Injection,Injection,,Anti-Diabetic
7143,13772,Buprinor 0.3mg Injection,Injection,,Anti-Diabetic
7144,13773,Mutrans 20mcg/hr Transdermal Patch,,,Anti-Diabetic
7145,13774,BUPROCARE 0.4MG TABLET,Tablet,,Anti-Diabetic
7146,13775,Bupine 0.3mg Injection,Injection,,Anti-Diabetic
7147,13776,Narcotan 400mcg Injection,Injection,,Anti-Diabetic
7148,13777,Naltreat Tablet,Tablet,680,Anti-Diabetic
7149,13778,Buprene 0.6mg Injection,Injection,,Anti-Diabetic
7150,13779,Narcotan 40mcg Injection,Injection,,Anti-Diabetic
7151,13780,Teralgesic 0.3mg Injection,Injection,,Anti-Diabetic
7152,13781,Talgesic 0.6mg Injection,Injection,,Anti-Diabetic
7153,13782,Zolfresh 10mg Tablet,Tablet,,Anti-Diabetic
7154,13783,Zolfresh 5 Tablet,Tablet,,Anti-Diabetic
7155,13784,Etizola 0.25 Tablet,Tablet,,Anti-Diabetic
7156,13785,Etizola 0.5 Tablet,Tablet,,Anti-Diabetic
7157,13786,Nitrosun 10 Tablet,Tablet,,Anti-Diabetic
7158,13787,Nitravet 10 Tablet,Tablet,,Anti-Diabetic
7159,13788,Pedicloryl Oral Solution,Solution,,Anti-Diabetic
7160,13789,Solopose 0.5mg Tablet MD,Tablet,,Anti-Diabetic
7161,13790,Placida Plus 0.5 mg/10 mg Tablet,Tablet,,Anti-Diabetic
7162,13791,Etilaam Pro 20 Tablet,Tablet,,Anti-Diabetic
7163,13792,Etizola Beta 0.5 Tablet,Tablet,,Anti-Diabetic
7164,13793,Etilaam 0.5 Tablet,Tablet,,Anti-Diabetic
7165,13794,Solopose Plus Tablet,Tablet,,Anti-Diabetic
7166,13795,Etizola Plus 5 Tablet,Tablet,,Anti-Diabetic
7167,13796,Etilaam 0.25 Tablet,Tablet,,Anti-Diabetic
7168,13797,Etizola Beta 0.25 mg/20 mg Tablet,Tablet,,Anti-Diabetic
7169,13798,Nitrest 10 Tablet,Tablet,,Anti-Diabetic
7170,13799,Solopose 0.25 MD Tablet,Tablet,,Anti-Diabetic
7171,13800,Solopose Beta Tablet,Tablet,,Anti-Diabetic
7172,13801,Nitrest 5 Tablet,Tablet,,Anti-Diabetic
7173,13802,Inzofresh 10 Tablet,Tablet,,Anti-Diabetic
7174,13803,Etizola Plus 10 Tablet,Tablet,,Anti-Diabetic
7175,13804,Zolsoma 3 mg/5 mg Tablet,Tablet,,Anti-Diabetic
7176,13805,Ambulax-ET Tablet,Tablet,,Anti-Diabetic
7177,13806,Etirest 0.5 Tablet,Tablet,,Anti-Diabetic
7178,13807,Sleep Well 10mg Tablet,Tablet,,Anti-Diabetic
7179,13808,Lexa Tablet,Tablet,,Anti-Diabetic
7180,13809,Zolsoma 3 mg/10 mg Tablet,Tablet,,Anti-Diabetic
7181,13810,Stilnoct 6.25mg Tablet,Tablet,,Anti-Diabetic
7182,13811,Zolcalm 10mg Tablet,Tablet,,Anti-Diabetic
7183,13812,Etilaam Pro 40 Tablet,Tablet,,Anti-Diabetic
7184,13813,Anxozap 10 Tablet,Tablet,,Anti-Diabetic
7185,13814,Etilaam 1.5 CR Tablet,Tablet,,Anti-Diabetic
7186,13815,Nite 10mg Tablet,Tablet,,Anti-Diabetic
7187,13816,Macfresh 0.25mg Tablet,Tablet,,Anti-Diabetic
7188,13817,Nitrazepam 10mg Tablet,Tablet,,Anti-Diabetic
7189,13818,Zolcalm 5mg Tablet,Tablet,,Anti-Diabetic
7190,13819,Ezolent Beta 0.5 Tablet,Tablet,,Anti-Diabetic
7191,13820,Stilnoct 12.5mg Tablet,Tablet,,Anti-Diabetic
7192,13821,Etilam 0.5mg Tablet,Tablet,,Anti-Diabetic
7193,13822,SR Pevesca Plus 75 Tablet,Tablet,117.72,Anti-Diabetic
7194,13823,Glutahenz 20gm Infusion,,1334.5,Anti-Diabetic
7195,13824,Myelogen PG 75 Tablet SR,Tablet,96.69,Anti-Diabetic
7196,13825,Gabaxia 75 SR Tablet,Tablet,120.7,Anti-Diabetic
7197,13826,Glutabest 20gm Infusion,,1359.15,Anti-Diabetic
7198,13827,Dipeptiven 20gm Infusion,,1784.15,Anti-Diabetic
7199,13828,Pregastar Plus SR 75 Tablet,Tablet,111.94,Anti-Diabetic
7200,13829,Tricobal PG Tablet,Tablet,127.5,Anti-Diabetic
7201,13830,Pevesca Plus 150 Tablet SR,Tablet,157.25,Anti-Diabetic
7202,13831,IB-Gluta Infusion,,1350.65,Anti-Diabetic
7203,13832,Zeegab Total Tablet,Tablet,177.65,Anti-Diabetic
7204,13833,Elemune 20gm Infusion,,1941.4,Anti-Diabetic
7205,13834,Ceaa-IV Injection,Injection,1317.5,Anti-Diabetic
7206,13835,L-Gludel 20% Infusion,,1347.67,Anti-Diabetic
7207,13836,Orvoglut 20gm Infusion,,1211.25,Anti-Diabetic
7208,13837,Slagut 50 Infusion,,1445,Anti-Diabetic
7209,13838,Glutaleap 20% Infusion,,1436.5,Anti-Diabetic
7210,13839,Strocit 500 Tablet,Tablet,535.5,Anti-Diabetic
7211,13840,Modalert 100 Tablet,Tablet,,Anti-Diabetic
7212,13841,Nootropil 800mg Tablet,Tablet,610.72,Anti-Diabetic
7213,13842,Arcalion Tablet,Tablet,140.25,Anti-Diabetic
7214,13843,Modalert 200 Tablet,Tablet,,Anti-Diabetic
7215,13844,Nootropil Syrup,,237.58,Anti-Diabetic
7216,13845,Strocit Injection,Injection,119,Anti-Diabetic
7217,13846,Nootropil Injection,Injection,156.84,Anti-Diabetic
7218,13847,Neurocetam Syrup,,267.75,Anti-Diabetic
7219,13848,Neurocetam 800 Tablet,Tablet,161.5,Anti-Diabetic
7220,13849,Inspiral 10mg Tablet SR,Tablet,,Anti-Diabetic
7221,13850,Somazina 500mg Tablet,Tablet,528.27,Anti-Diabetic
7222,13851,Waklert 50 Tablet,Tablet,,Anti-Diabetic
7223,13852,Cognix Tablet,Tablet,99.45,Anti-Diabetic
7224,13853,Addwize 10mg Tablet,Tablet,,Anti-Diabetic
7225,13854,Citalexia Syrup,,147.11,Anti-Diabetic
7226,13855,Citistar Tablet,Tablet,532.91,Anti-Diabetic
7227,13856,Nootropil 1200 Tablet,Tablet,236.51,Anti-Diabetic
7228,13857,Neurofit Syrup,,294.1,Anti-Diabetic
7229,13858,Colihenz Tablet,Tablet,442,Anti-Diabetic
7230,13859,Inspiral 5mg Tablet,Tablet,,Anti-Diabetic
7231,13860,Waklert 150 Tablet,Tablet,,Anti-Diabetic
7232,13861,Encephabol 200 Tablet,Tablet,,Anti-Diabetic
7233,13862,Cerecetam 800 Tablet,Tablet,119,Anti-Diabetic
7234,13863,Citimac Tablet,Tablet,469.2,Anti-Diabetic
7235,13864,Neurofit Forte Tablet,Tablet,117.72,Anti-Diabetic
7236,13865,Storax 500 Tablet,Tablet,536.35,Anti-Diabetic
7237,13866,Inspiral 20mg Tablet SR,Tablet,,Anti-Diabetic
7238,13867,Neurocetam Capsule,Capsule,81.6,Anti-Diabetic
7239,13868,Encephabol Suspension,Suspension,,Anti-Diabetic
7240,13869,Normabrain Syrup,,275.87,Anti-Diabetic
7241,13870,Citimet Tablet,Tablet,434.35,Anti-Diabetic
7242,13871,Megacholin RF Tablet,Tablet,297.5,Anti-Diabetic
7243,13872,Armod 50 Tablet,Tablet,,Anti-Diabetic
7244,13873,Neurofit 400mg Capsule,Capsule,55.38,Anti-Diabetic
7245,13874,Meth OD 10mg Tablet,Tablet,,Anti-Diabetic
7246,13875,Ceham 500 Tablet,Tablet,502.77,Anti-Diabetic
7247,13876,Armod 150 Tablet,Tablet,,Anti-Diabetic
7248,13877,Concerta 18mg Tablet,Tablet,,Anti-Diabetic
7249,13878,Alprax 0.25 Tablet,Tablet,,Anti-Diabetic
7250,13879,Alprax 0.5mg Tablet SR,Tablet,,Anti-Diabetic
7251,13880,Anxit 0.25mg Tablet,Tablet,,Anti-Diabetic
7252,13881,Anxit 0.5 Tablet,Tablet,,Anti-Diabetic
7253,13882,Restyl 0.25mg Tablet,Tablet,,Anti-Diabetic
7254,13883,Librium 10 Tablet,Tablet,,Anti-Diabetic
7255,13884,Clonafit Beta  Tablet,Tablet,,Anti-Diabetic
7256,13885,Trika 0.25mg Tablet,Tablet,,Anti-Diabetic
7257,13886,Restyl 0.5mg Tablet,Tablet,,Anti-Diabetic
7258,13887,Petril Beta 10 Tablet,Tablet,,Anti-Diabetic
7259,13888,Petril Beta 20 Tablet,Tablet,,Anti-Diabetic
7260,13889,Alzolam 0.5mg Tablet,Tablet,,Anti-Diabetic
7261,13890,Valium 5 Tablet,Tablet,,Anti-Diabetic
7262,13891,Alzolam 0.25mg Tablet,Tablet,,Anti-Diabetic
7263,13892,Stresnil 0.25 Tablet,Tablet,,Anti-Diabetic
7264,13893,Trika 0.5mg Tablet,Tablet,,Anti-Diabetic
7265,13894,Midacip Nasal Spray,,,Anti-Diabetic
7266,13895,Ambulax 0.25 mg/20 mg Tablet,Tablet,,Anti-Diabetic
7267,13896,Alprasafe 0.5mg Tablet,Tablet,,Anti-Diabetic
7268,13897,Stresnil 0.5 Tablet,Tablet,,Anti-Diabetic
7269,13898,DOMPERIDONE TABLET,Tablet,,Anti-Diabetic
7270,13899,Rilutor 50mg Tablet,Tablet,170,Anti-Diabetic
7271,13900,Calmpose 10mg Injection,Injection,,Anti-Diabetic
7272,13901,Calmpose 5mg Tablet,Tablet,,Anti-Diabetic
7273,13902,Lam-Plus Tablet,Tablet,,Anti-Diabetic
7274,13903,Librium 25 Tablet,Tablet,,Anti-Diabetic
7275,13904,Librosar 10mg/1mg Tablet,Tablet,,Anti-Diabetic
7276,13905,Restyl 0.5mg Tablet SR,Tablet,,Anti-Diabetic
7277,13906,Trika SR 0.5 Tablet,Tablet,,Anti-Diabetic
7278,13907,Buspin 5mg Tablet,Tablet,,Anti-Diabetic
7279,13908,Becalm 0.5mg Tablet,Tablet,,Anti-Diabetic
7280,13909,Equilibrium 10mg Tablet,Tablet,,Anti-Diabetic
7281,13910,Alprax Forte 0.5 mg/50 mg Tablet,Tablet,,Anti-Diabetic
7282,13911,Anxit Plus 0.5 mg/25 mg Tablet,Tablet,,Anti-Diabetic
7283,13912,Mezolam Injection,Injection,,Anti-Diabetic
7284,13913,Beta Anxit 0.25 mg/20 mg Tablet,Tablet,,Anti-Diabetic
7285,13914,Valium 10mg Tablet,Tablet,,Anti-Diabetic
7286,13915,Midacip 1.25 Nasal Spray,,,Anti-Diabetic
7287,13916,Dizeral AZ 0.25mg/20mg Tablet,Tablet,,Anti-Diabetic
7288,13917,Mezolam 5mg Injection,Injection,,Anti-Diabetic
7289,13918,Refresh Tears Eye Drop,,139.96,Anti-Diabetic
7290,13919,Lubrex Eye Drop,,112.9,Anti-Diabetic
7291,13920,Refresh Liquigel Eye Drop,,194.74,Anti-Diabetic
7292,13921,Optive Eye Drop,,139.96,Anti-Diabetic
7293,13922,Tear Drops,,142.56,Anti-Diabetic
7294,13923,Just Tears Eye Drop,,96.61,Anti-Diabetic
7295,13924,Systane Ultra Ophthalmic Solution,Solution,412,Anti-Diabetic
7296,13925,Flogel Eye Drop,,153.89,Anti-Diabetic
7297,13926,Softdrops Eye Drop,,182.5,Anti-Diabetic
7298,13927,Moistane Eye Drop,,382,Anti-Diabetic
7299,13928,Eco Tears Eye Drop,,105.46,Anti-Diabetic
7300,13929,Add Tears Lubricant Eye Drop,,121.46,Anti-Diabetic
7301,13930,CMC Eye Drop,,134.18,Anti-Diabetic
7302,13931,Flogel Ultra  Eye Drop,,330,Anti-Diabetic
7303,13932,Ontears Eye Drop,,152.33,Anti-Diabetic
7304,13933,Lubistar-CMC Eye Drop,,127.62,Anti-Diabetic
7305,13934,Loc Tears Fusion Eye Drop,,188.25,Anti-Diabetic
7306,13935,Normo Tears Eye Drop,,352,Anti-Diabetic
7307,13936,Peg Tears Eye Drop,,363.8,Anti-Diabetic
7308,13937,Veldrop Lubricant Eye Drop,,140.11,Anti-Diabetic
7309,13938,Aqualube Eye Drop,,139.45,Anti-Diabetic
7310,13939,Lubrex-DS Eye Drop,,194.1,Anti-Diabetic
7311,13940,Lacrimos 0.5% Eye Drop,,88.75,Anti-Diabetic
7312,13941,Veldrop Gel,,165.15,Anti-Diabetic
7313,13942,Psorid 100 Capsule,Capsule,455.98,Anti-Diabetic
7314,13943,Tear Drops Gel,,197.75,Anti-Diabetic
7315,13944,Aquasurge  Eye Drop,,136.65,Anti-Diabetic
7316,13945,Misty Eye Drop,,110,Anti-Diabetic
7317,13946,Relub Eye Drop,,99.86,Anti-Diabetic
7318,13947,Irivisc Eye Drop,,116.26,Anti-Diabetic
7319,13948,Lubrifresh Gel Eye Drop,,121,Anti-Diabetic
7320,13949,Lacryl Ultra Eye Drop,,338.5,Anti-Diabetic
7321,13950,Lubistar 0.5% Eye Drop,,88.6,Anti-Diabetic
7322,13951,I-Dew Eye Drop,,,Anti-Diabetic
7323,13952,Ultra Gel Eye Drop,,131.53,Anti-Diabetic
7324,13953,Osmodrops Eye Drop,,226.93,Anti-Diabetic
7325,13954,Cyclomune 0.05% Eye Drop,,355.3,Anti-Diabetic
7326,13955,Takfresh Eye Drop,,100,Anti-Diabetic
7327,13956,Extralube Eye Drop,,140,Anti-Diabetic
7328,13957,Foug Eye Drop,,220,Anti-Diabetic
7329,13958,Diamox Tablet,Tablet,47.87,Anti-Diabetic
7330,13959,Combigan Ophthalmic Solution,Solution,395.07,Anti-Diabetic
7331,13960,Dorzox Eye Drop,,337.82,Anti-Diabetic
7332,13961,Iotim Eye Drop,,51.51,Anti-Diabetic
7333,13962,Dorzox T  Eye Drop,,414.39,Anti-Diabetic
7334,13963,Betagan 0.5% Liquifilm,,138.87,Anti-Diabetic
7335,13964,Travatan Ophthalmic Solution,Solution,641.75,Anti-Diabetic
7336,13965,Brimolol Eye Drop,,338.3,Anti-Diabetic
7337,13966,Latoprost Eye Drop,,436.05,Anti-Diabetic
7338,13967,Latoprost RT BKC Free Eye Drop,,504.9,Anti-Diabetic
7339,13968,Lumigan 0.01% Ophthalmic Solution,Solution,558.04,Anti-Diabetic
7340,13969,Travacom Eye Drop,,697,Anti-Diabetic
7341,13970,Timolet Eye Drop,,56.56,Anti-Diabetic
7342,13971,Xalatan Eye Drop,,507.05,Anti-Diabetic
7343,13972,Iopar-SR Capsule,Capsule,40.27,Anti-Diabetic
7344,13973,Azopt Opthalmic Suspension,Suspension,426.7,Anti-Diabetic
7345,13974,Glucomol 0.5% Eye Drop,,55.51,Anti-Diabetic
7346,13975,Alphagan Z Ophthalmic Solution,Solution,342.24,Anti-Diabetic
7347,13976,Bimat LS Eye Drop,,172.55,Anti-Diabetic
7348,13977,Careprost Eye Drop,,449.65,Anti-Diabetic
7349,13978,Pilocar 2% Eye Drop,,55.1,Anti-Diabetic
7350,13979,Tovaxo Eye Drop BAK Free,,260.95,Anti-Diabetic
7351,13980,Bidin LS Eye Drop,,172.55,Anti-Diabetic
7352,13981,Brimocom Eye Drop,,272.03,Anti-Diabetic
7353,13982,Brinzox Opthalmic Suspension,Suspension,379.95,Anti-Diabetic
7354,13983,Misopt Eye Drop,,334.05,Anti-Diabetic
7355,13984,Pilomax Tablet,Tablet,66.3,Anti-Diabetic
7356,13985,Iobet Eye Drop,,42.93,Anti-Diabetic
7357,13986,Ganfort  Eye Drop,,717.6,Anti-Diabetic
7358,13987,Bidin T  Eye Drop,,150.45,Anti-Diabetic
7359,13988,Dorsun T Eye Drop,,165.75,Anti-Diabetic
7360,13989,Lupitros-Z Eye Drop BKC Free,,256.7,Anti-Diabetic
7361,13990,Lacoma PF Eye Drop BAK Free,,317.9,Anti-Diabetic
7362,13991,Bimat Eye Drop,,261.8,Anti-Diabetic
7363,13992,Travisight Eye Drop,,,Anti-Diabetic
7364,13993,Alphagan P Ophthalmic Solution,Solution,342.24,Anti-Diabetic
7365,13994,Lumigan 0.03% Ophthalmic Solution,Solution,671.47,Anti-Diabetic
7366,13995,Travo-Z Eye Drop,,493,Anti-Diabetic
7367,13996,9 PM Eye Drop,,463.16,Anti-Diabetic
7368,13997,Dorsun Eye Drop,,146.2,Anti-Diabetic
7369,13998,Recofast Tablet,Tablet,36.59,Anti-Diabetic
7370,13999,Homide Eye Drop,,27.62,Anti-Diabetic
7371,14000,Atropine Sulphate Injection,Injection,9.56,Anti-Diabetic
7372,14001,Tropicacyl Plus Eye Drops,,52.7,Anti-Diabetic
7373,14002,Myatro 0.01% Eye Drop,,181.9,Anti-Diabetic
7374,14003,Recofast Syrup,,59.06,Anti-Diabetic
7375,14004,Tropine 0.6mg Injection,Injection,34,Anti-Diabetic
7376,14005,Myopin 0.1% Eye Drop,,174.25,Anti-Diabetic
7377,14006,Atropin Injection,Injection,26.93,Anti-Diabetic
7378,14007,Tropicacyl Eye Drop,,34.99,Anti-Diabetic
7379,14008,Atropine 1% Eye Drop,,30.49,Anti-Diabetic
7380,14009,Itrop Plus  Eye Drop,,63.77,Anti-Diabetic
7381,14010,Topin Eye Drop,,14.96,Anti-Diabetic
7382,14011,Mydrat-J Eye Drop,,161.5,Anti-Diabetic
7383,14012,Atrodex-C Eye Drop,,110.57,Anti-Diabetic
7384,14013,Atroped 0.01% Eye Drop,,148.75,Anti-Diabetic
7385,14014,Atropine Eye Ointment,,16.8,Anti-Diabetic
7386,14015,Tropin Paediatric Eye Drop,,170,Anti-Diabetic
7387,14016,Tropac P Eye Drop,,,Anti-Diabetic
7388,14017,Tropac Eye Drop,,45.29,Anti-Diabetic
7389,14018,Atropine Sulphate 1% Eye Ointment,,10.1,Anti-Diabetic
7390,14019,Atropen P Eye Drop,,,Anti-Diabetic
7391,14020,Atp 0.6mg Injection,Injection,5.09,Anti-Diabetic
7392,14021,Mydryn Eye Drop,,24.65,Anti-Diabetic
7393,14022,Myotry Pediatric Eye Drop,,170,Anti-Diabetic
7394,14023,Atro Injection,Injection,2.1,Anti-Diabetic
7395,14024,Atrosun Eye Drop,,12.92,Anti-Diabetic
7396,14025,Atropine Sulphate 0.6mg Infusion,,178.09,Anti-Diabetic
7397,14026,HA2 Eye Drop,,23.37,Anti-Diabetic
7398,14027,Tromide Plus Eye Drop,,53.12,Anti-Diabetic
7399,14028,Myostop Eye Drop,,169.15,Anti-Diabetic
7400,14029,T Plus Eye Drop,,46.75,Anti-Diabetic
7401,14030,Atronir Injection,Injection,3.19,Anti-Diabetic
7402,14031,Homacid Eye Drop,,26.01,Anti-Diabetic
7403,14032,Appamide Plus Eye Drop,,50.49,Anti-Diabetic
7404,14033,Atropa 0.6mg Injection,Injection,1.32,Anti-Diabetic
7405,14034,ATROCHLOR D EYE DROP,,,Anti-Diabetic
7406,14035,Atro Eye Drop,,14.14,Anti-Diabetic
7407,14036,Votatrop 0.01% Eye Drop,,136,Anti-Diabetic
7408,14037,Andre I-Kul Eye Drop,,57.37,Anti-Diabetic
7409,14038,Ocurest Sterile Eye Drop,,74.99,Anti-Diabetic
7410,14039,Ketasma Tablet,Tablet,69.06,Anti-Diabetic
7411,14040,Solvin Decongestant Tablet,Tablet,54.7,Anti-Diabetic
7412,14041,Winolap 5 Tablet,Tablet,92.22,Anti-Diabetic
7413,14042,I-Kul Plus Ophthalmic Solution,Solution,66.3,Anti-Diabetic
7414,14043,I Boric Eye Drop,,71.4,Anti-Diabetic
7415,14044,Zoline-Plus Eye Drops,,73.52,Anti-Diabetic
7416,14045,Asthafen Tablet,Tablet,43.86,Anti-Diabetic
7417,14046,Patadin Tablet,Tablet,95.2,Anti-Diabetic
7418,14047,Optihist Eye Drop,,49.3,Anti-Diabetic
7419,14048,Opticool Eye Drop,,76.92,Anti-Diabetic
7420,14049,Optihist Plus Eye Drop,,68,Anti-Diabetic
7421,14050,Olobet 5mg Tablet,Tablet,83.73,Anti-Diabetic
7422,14051,Neph-M Plus Eye Drop,,56.1,Anti-Diabetic
7423,14052,Cooleye Eye Drop,,51,Anti-Diabetic
7424,14053,Clearine Eye Drops,,,Anti-Diabetic
7425,14054,I Clear Eye Drop,,51,Anti-Diabetic
7426,14055,Rediff Eye Drops,,47.6,Anti-Diabetic
7427,14056,Recool Plus Eye Drop,,93.5,Anti-Diabetic
7428,14057,V-Kul Sterile Eye Drops,,78.2,Anti-Diabetic
7429,14058,Frenin 10mg Injection,Injection,196.95,Anti-Diabetic
7430,14059,Recool Eye Drop,,46.75,Anti-Diabetic
7431,14060,Allercool Eye Drop,,72.25,Anti-Diabetic
7432,14061,Optizee Plus Eye Drop,,56.41,Anti-Diabetic
7433,14062,Iboric Eye Drop,,71.4,Anti-Diabetic
7434,14063,Epitane Eye Drop,,107.53,Anti-Diabetic
7435,14064,Privent 1mg Tablet DT,Tablet,41.65,Anti-Diabetic
7436,14065,Eyecon Eye Drop,,46.75,Anti-Diabetic
7437,14066,Relax Eye Drop,,38.25,Anti-Diabetic
7438,14067,Mil Eye Drop,,54.83,Anti-Diabetic
7439,14068,Dynolap 5 Tablet,Tablet,73.1,Anti-Diabetic
7440,14069,Allenil 5mg Tablet,Tablet,62.9,Anti-Diabetic
7441,14070,Nefcoz Eye Drop,,18.06,Anti-Diabetic
7442,14071,Neored Eye Drop,,49.3,Anti-Diabetic
7443,14072,Nezol Eye Drop,,67.15,Anti-Diabetic
7444,14073,Phenpres 10mg Injection,Injection,210.8,Anti-Diabetic
7445,14074,Olopat 5mg Tablet,Tablet,59.5,Anti-Diabetic
7446,14075,Zoline Gold Eye Drop,,80.75,Anti-Diabetic
7447,14076,Zoneph Eye Drop,,51,Anti-Diabetic
7448,14077,Accentrix Solution for Injection,Injection,20366,Anti-Diabetic
7449,14078,Razumab 2.3mg Injection,Injection,14450,Anti-Diabetic
7450,14079,Lucentis Injection,Injection,,Anti-Diabetic
7451,14080,Macugen 0.3mg Infusion,,39571.42,Anti-Diabetic
7452,14081,Levoflox 500 Tablet,Tablet,76.52,Anti-Diabetic
7453,14082,Lariago 250mg Tablet,Tablet,12.39,Anti-Diabetic
7454,14083,Soframycin 1% Skin Cream,,41,Anti-Diabetic
7455,14084,Althrocin 500 Tablet,Tablet,78.2,Anti-Diabetic
7456,14085,Lariago-DS Tablet,Tablet,12.91,Anti-Diabetic
7457,14086,Candiforce 200 Capsule,Capsule,67.83,Anti-Diabetic
7458,14087,Canditral 100 Capsule,Capsule,182.75,Anti-Diabetic
7459,14088,L-Cin 500 Tablet,Tablet,76.52,Anti-Diabetic
7460,14089,Mikacin 500mg Injection,Injection,78.2,Anti-Diabetic
7461,14090,Moxicip Eye Drop,,133.7,Anti-Diabetic
7462,14091,Loxof 500mg Tablet,Tablet,76.5,Anti-Diabetic
7463,14092,Canditral 200 Capsule,Capsule,310.25,Anti-Diabetic
7464,14093,Acivir 400 DT Tablet,Tablet,58.39,Anti-Diabetic
7465,14094,IT-Mac 200 Capsule,Capsule,66.64,Anti-Diabetic
7466,14095,Althrocin 250 Tablet,Tablet,40.12,Anti-Diabetic
7467,14096,Candiforce 100 Capsule,Capsule,33.83,Anti-Diabetic
7468,14097,Acivir Cream,,56.05,Anti-Diabetic
7469,14098,Syntran Capsule,Capsule,182.75,Anti-Diabetic
7470,14099,Mahaflox 400 Tablet,Tablet,83.25,Anti-Diabetic
7471,14100,Levomac 500 Tablet,Tablet,37.55,Anti-Diabetic
7472,14101,Ocupol DX Eye Ointment,,84.57,Anti-Diabetic
7473,14102,Syntran 200 Capsule,Capsule,310.25,Anti-Diabetic
7474,14103,Neosporin H Ointment,,50.23,Anti-Diabetic
7475,14104,Sporanox Capsule,Capsule,276.25,Anti-Diabetic
7476,14105,Itrasys 100 Capsule,Capsule,30.6,Anti-Diabetic
7477,14106,Itaspor 200 Capsule,Capsule,142.8,Anti-Diabetic
7478,14107,Canditz 200 Capsule,Capsule,187,Anti-Diabetic
7479,14108,Herpex 5% Cream,,63.54,Anti-Diabetic
7480,14109,Onitraz -Forte Capsule,Capsule,254.96,Anti-Diabetic
7481,14110,Moxif 400 Tablet,Tablet,117.94,Anti-Diabetic
7482,14111,Moxiflox Eye Drop,,85,Anti-Diabetic
7483,14112,Amikacin Sulphate 500mg Injection,Injection,10.09,Anti-Diabetic
7484,14113,Acivir 800 DT Tablet,Tablet,172.97,Anti-Diabetic
7485,14114,Milflox 0.5% Eye Drop,,118.15,Anti-Diabetic
7486,14115,IT-Mac 100 Capsule,Capsule,33.9,Anti-Diabetic
7487,14116,I-Tyza 200 Capsule,Capsule,172.04,Anti-Diabetic
7488,14117,Lotepred Eye Drop,,127.5,Anti-Diabetic
7489,14118,FML Liquifilm,,118.39,Anti-Diabetic
7490,14119,Lotepred T Eye Drop,,142.8,Anti-Diabetic
7491,14120,L-pred Opthalmic Suspension,Suspension,160.2,Anti-Diabetic
7492,14121,Lotepred LS Eye Drop,,97.75,Anti-Diabetic
7493,14122,Lotel LS Eye Drop,,110.5,Anti-Diabetic
7494,14123,Flurisone 0.1% Eye Drop,,92.65,Anti-Diabetic
7495,14124,Tobaflam Eye Drop,,151.7,Anti-Diabetic
7496,14125,Flurisone Eye Ointment,,100.3,Anti-Diabetic
7497,14126,Flarex  Opthalmic Suspension,Suspension,137.7,Anti-Diabetic
7498,14127,Lotel Eye Ointment,,126.01,Anti-Diabetic
7499,14128,Diflucor Eye Drops,,136.85,Anti-Diabetic
7500,14129,Lotel Gel,,126.65,Anti-Diabetic
7501,14130,Loteflam Eye Drop,,104.39,Anti-Diabetic
7502,14131,Lotefast Opthalmic Suspension,Suspension,127.5,Anti-Diabetic
7503,14132,Biflace Eye Drop,,104.97,Anti-Diabetic
7504,14133,Floace Eye Drop,,100.56,Anti-Diabetic
7505,14134,Lotel LS Gel,,101.57,Anti-Diabetic
7506,14135,Lotesurge Opthalmic Suspension,Suspension,110.5,Anti-Diabetic
7507,14136,Lotiviz 0.5% Eye Drop,,116.87,Anti-Diabetic
7508,14137,Lotel 0.5% Eye Drop,,80.75,Anti-Diabetic
7509,14138,Flupred 0.05% Eye Drop,,121.12,Anti-Diabetic
7510,14139,Lotesol 5 Eye Drop,,93.5,Anti-Diabetic
7511,14140,Flomon Eye Drop,,59.12,Anti-Diabetic
7512,14141,Lotebra Eye Drop,,127.5,Anti-Diabetic
7513,14142,Prednol-LS Eye Drop,,78.2,Anti-Diabetic
7514,14143,Lot LS Eye Drop,,81.09,Anti-Diabetic
7515,14144,Lorinol Eye Drops,,96.05,Anti-Diabetic
7516,14145,Flosoft Eye Drop,,84.57,Anti-Diabetic
7517,14146,Nebracin LP Eye Drop,,84.4,Anti-Diabetic
7518,14147,Lotesol 2 Eye Drop,,72.25,Anti-Diabetic
7519,14148,Eflo Eye Drop,,69.91,Anti-Diabetic
7520,14149,Flotrust Eye Drop,,85,Anti-Diabetic
7521,14150,Lot (Entod) Eye Drop,,90.69,Anti-Diabetic
7522,14151,Flumet Eye Drop,,73.52,Anti-Diabetic
7523,14152,Enpred Eye Drop,,114.92,Anti-Diabetic
7524,14153,Eflo 0.1% Eye Ointment,,93.5,Anti-Diabetic
7525,14154,Lotechek Eye Drop,,116.87,Anti-Diabetic
7526,14155,Lotechek-LS Eye Drop,,97.75,Anti-Diabetic
7527,14156,Pidone Eye Drop,,85,Anti-Diabetic
7528,14157,Retigraph 20% Injection,Injection,74.29,Anti-Diabetic
7529,14158,Fluresin 600mg Injection,Injection,,Anti-Diabetic
7530,14159,Floure Stain Strip,,217.57,Anti-Diabetic
7531,14160,Fluore Stain 0.45mg Strip,,340,Anti-Diabetic
7532,14161,Paracaine Eye Drop,,44.62,Anti-Diabetic
7533,14162,Paracain Ophthalmic Solution,Solution,44.49,Anti-Diabetic
7534,14163,PROPCAINE EYE DROP,,,Anti-Diabetic
7535,14164,Topicaine Eye Drop,,43.05,Anti-Diabetic
7536,14165,Sensochek Eye Drop,,42.13,Anti-Diabetic
7537,14166,Idope Eye Drop,,51,Anti-Diabetic
7538,14167,Aurocaine Eye Drop,,42.5,Anti-Diabetic
7539,14168,Parasenz Eye Drop,,45.58,Anti-Diabetic
7540,14169,Xyloking Eye Drop,,46.75,Anti-Diabetic
7541,14170,OP Can 0.5% Eye Drop,,40.8,Anti-Diabetic
7542,14171,Visocaine 0.5% Eye Drop,,40.8,Anti-Diabetic
7543,14172,Surac 0.5% Eye Drop,,36.55,Anti-Diabetic
7544,14173,Ketorol-DT Tablet,Tablet,93.97,Anti-Diabetic
7545,14174,Voveran SR 100 Tablet,Tablet,138.55,Anti-Diabetic
7546,14175,Dynapar AQ Injection 1ml,Injection,25.86,Anti-Diabetic
7547,14176,Voveran 50 GE Tablet,Tablet,84.57,Anti-Diabetic
7548,14177,Diclofenac Sodium 50mg Tablet,Tablet,14.02,Anti-Diabetic
7549,14178,Voveran AQ Injection,Injection,20.87,Anti-Diabetic
7550,14179,Voveran-D Tablet DT,Tablet,18.05,Anti-Diabetic
7551,14180,Voveran SR 75 Tablet,Tablet,79.9,Anti-Diabetic
7552,14181,Ketanov 10mg Tablet,Tablet,58.65,Anti-Diabetic
7553,14182,Dentaforce-DT Tablet,Tablet,32.16,Anti-Diabetic
7554,14183,Nevanac Opthalmic Suspension,Suspension,272,Anti-Diabetic
7555,14184,Ketoford 10mg Tablet DT,Tablet,46.75,Anti-Diabetic
7556,14185,Reactin 50 Tablet,Tablet,18.05,Anti-Diabetic
7557,14186,Voltaflam 50 Tablet,Tablet,17.72,Anti-Diabetic
7558,14187,Reactin 100 SR Tablet,Tablet,52.27,Anti-Diabetic
7559,14188,Nepalact Eye Drop,,148.32,Anti-Diabetic
7560,14189,Diclofenac Sodium  Injection,Injection,8.41,Anti-Diabetic
7561,14190,Powerflam 50mg Tablet MR,Tablet,66.3,Anti-Diabetic
7562,14191,Diclo Gel,,100.3,Anti-Diabetic
7563,14192,Megabrom Eye Drop,,130.05,Anti-Diabetic
7564,14193,DFO 4X Gel,,133.45,Anti-Diabetic
7565,14194,Dilona 25mg Injection,Injection,4.39,Anti-Diabetic
7566,14195,Flur Ophthalmic Solution,Solution,161.33,Anti-Diabetic
7567,14196,NAC SR 75 Tablet,Tablet,28.9,Anti-Diabetic
7568,14197,Moxicip KT Eye Drop,,111.59,Anti-Diabetic
7569,14198,Nepaflam Eye Drop,,151.3,Anti-Diabetic
7570,14199,Ketorol Tablet,Tablet,54.23,Anti-Diabetic
7571,14200,Ketanov Injection,Injection,27.62,Anti-Diabetic
7572,14201,Oxalgin 100mg Tablet SR,Tablet,43.18,Anti-Diabetic
7573,14202,T Lac 10mg Tablet,Tablet,50.15,Anti-Diabetic
7574,14203,Ketorol Injection,Injection,23.37,Anti-Diabetic
7575,14204,NAC SR 100 Tablet,Tablet,34,Anti-Diabetic
7576,14205,Acupat Ophthalmic Solution,Solution,156.43,Anti-Diabetic
7577,14206,Dilona Aqua 75mg Injection,Injection,15.3,Anti-Diabetic
7578,14207,Nepastar Eye Drop,,127.5,Anti-Diabetic
7579,14208,OLOPAT KT Eye Drops,,139.4,Anti-Diabetic
7580,14209,Ketanov DT 10mg Tablet,Tablet,58.65,Anti-Diabetic
7581,14210,Ilevro Opthalmic Suspension,Suspension,324.7,Anti-Diabetic
7582,14211,Acular LS Ophthalmic Solution,Solution,117.2,Anti-Diabetic
7583,14212,Genteal Eye Drop,,182,Anti-Diabetic
7584,14213,Eyemist Eye Drop,,188,Anti-Diabetic
7585,14214,Lacrigel Ocular Lubricant,,85,Anti-Diabetic
7586,14215,Eyemist Forte Eye Drop,,232,Anti-Diabetic
7587,14216,Genteal Gel,,350,Anti-Diabetic
7588,14217,Moisol Eye Drop,,44,Anti-Diabetic
7589,14218,Eyemist Gel,,379,Anti-Diabetic
7590,14219,Artificial Tears BP Eye Drop,,39,Anti-Diabetic
7591,14220,Ara Eye Gel,,335,Anti-Diabetic
7592,14221,Lacryl PF Eye Gel,,,Anti-Diabetic
7593,14222,Lacryl Eye Drop,,,Anti-Diabetic
7594,14223,Lubrigel Ocular Lubricant,,70,Anti-Diabetic
7595,14224,Hicool Eye Drops,,,Anti-Diabetic
7596,14225,Irimist Ophthalmic Solution,Solution,129.4,Anti-Diabetic
7597,14226,Aurosol Eye Drop,,,Anti-Diabetic
7598,14227,Lacryl 2% Eye Gel,,,Anti-Diabetic
7599,14228,Ursa-HPMC Eye Drop,,,Anti-Diabetic
7600,14229,ART Eye Drop,,,Anti-Diabetic
7601,14230,Comoist Eye Drop,,,Anti-Diabetic
7602,14231,Aqua Plus Eye Drop,,,Anti-Diabetic
7603,14232,Lacryl Soothe Eye Drop,,,Anti-Diabetic
7604,14233,Oxana Eye Drop,,,Anti-Diabetic
7605,14234,Irimist Gel,,,Anti-Diabetic
7606,14235,Eysol 0.7% Eye Drop,,,Anti-Diabetic
7607,14236,Lacrina Eye Drop,,,Anti-Diabetic
7608,14237,AT Plus Artificial Tears,,,Anti-Diabetic
7609,14238,Hicool PF Eye Gel,,,Anti-Diabetic
7610,14239,Lacrimist Eye Ointment,,,Anti-Diabetic
7611,14240,ITR Eye Drops,,124,Anti-Diabetic
7612,14241,Tearsol Eye Drop,,,Anti-Diabetic
7613,14242,Supervisc Lubricant Eye Drop,,,Anti-Diabetic
7614,14243,Tearmist Eye Drop,,,Anti-Diabetic
7615,14244,Lacryl Forte Eye Drop,,,Anti-Diabetic
7616,14245,Hyprosol Ophthalmic Solution,Solution,,Anti-Diabetic
7617,14246,I Tear Eye Drop,,,Anti-Diabetic
7618,14247,Cmph Eye Drop,,,Anti-Diabetic
7619,14248,Melose 2% Eye Drop,,,Anti-Diabetic
7620,14249,Zyvisc Ophthalmic Solution,Solution,118.27,Anti-Diabetic
7621,14250,Irimist V Eye Drop,,,Anti-Diabetic
7622,14251,Appavisc Injection,Injection,42.5,Anti-Diabetic
7623,14252,Sinarest-AF Syrup,,67.22,Anti-Diabetic
7624,14253,Nasivion Child Nasal Drops,,66.55,Anti-Diabetic
7625,14254,NASIVION CARE NASAL DROPS,,,Anti-Diabetic
7626,14255,Zoamet S Nasal Drops,,,Anti-Diabetic
7627,14256,Sinarest Nasal Drops,,,Anti-Diabetic
7628,14257,Maxtra-O Nasal Spray,,68.1,Anti-Diabetic
7629,14258,Oxynase 0.05% Nasal Spray,,,Anti-Diabetic
7630,14259,Nesoclear 0.05% Nasal Drops,,,Anti-Diabetic
7631,14260,Cytocort Eye Drop,,92.29,Anti-Diabetic
7632,14261,Oxydrops Adult 0.05% Nasal Drops,,,Anti-Diabetic
7633,14262,Cinus 0.5mg Nasal Drops,,,Anti-Diabetic
7634,14263,Oxydrops Infant 0.01% Nasal Drops,,49,Anti-Diabetic
7635,14264,Cyclodex Eye Drop,,237.57,Anti-Diabetic
7636,14265,Oxymist Adult 0.05% Nasal Spray,,,Anti-Diabetic
7637,14266,Nosvin P 0.025% Nasal Drops,,,Anti-Diabetic
7638,14267,Oxydrops Paediatric 0.025% Nasal Drops,,53,Anti-Diabetic
7639,14268,Tolar-LX Eye Drops,,42.5,Anti-Diabetic
7640,14269,DRISTAN NASAL SPRAY,,,Anti-Diabetic
7641,14270,Kedex  Eye Drop,,51,Anti-Diabetic
7642,14271,NASIVION ADVANCED NASAL SPRAY,,,Anti-Diabetic
7643,14272,Cyclopent DM Eye Drop,,23.37,Anti-Diabetic
7644,14273,Ketrodex Eye Drop,,65.45,Anti-Diabetic
7645,14274,StayHappi Oxymetazoline 0.025% Nasal Drops,,,Anti-Diabetic
7646,14275,PA Cold AF Syrup,,29.86,Anti-Diabetic
7647,14276,Bioket LD Eye Drop,,46.75,Anti-Diabetic
7648,14277,Otrifresh O 0.05% Nasal Drops,,,Anti-Diabetic
7649,14278,Ketopar D Eye Drop,,33.91,Anti-Diabetic
7650,14279,Medinoze Junior 0.025% Nasal Drops,,,Anti-Diabetic
7651,14280,Medinoze 0.05% Nasal Spray,,94.5,Anti-Diabetic
7652,14281,Nosivak 0.05% Nasal Spray,,89,Anti-Diabetic
7653,14282,Adroyd 5mg Tablet,Tablet,21.8,Anti-Diabetic
7654,14283,XYNOLUBE 0.1% DROPS,,,Anti-Diabetic
7655,14284,Nosvin Mini 0.01% Nasal Drops,,,Anti-Diabetic
7656,14285,Optolin Eye Drop,,,Anti-Diabetic
7657,14286,Ymetlo Nasal Drops,,,Anti-Diabetic
7658,14287,Oxyinoz 0.05% Nasal Drops,,,Anti-Diabetic
7659,14288,Oxyrest 0.05% Nasal Drops,,,Anti-Diabetic
7660,14289,Oxyinoz Infant 0.01% Nasal Drops,,,Anti-Diabetic
7661,14290,Oxeon P 0.025% Nasal Drops,,,Anti-Diabetic
7662,14291,Oxymist Paed 0.025% Nasal Spray,,58,Anti-Diabetic
7663,14292,Betadine 2% Mint Gargle,,128,Anti-Diabetic
7664,14293,Cipladine Ointment,,24,Anti-Diabetic
7665,14294,Ciplox Eye/Ear Drops,,14.42,Anti-Diabetic
7666,14295,Betadine 10% Ointment,,85.5,Anti-Diabetic
7667,14296,Betadine 10% Solution,Solution,104.16,Anti-Diabetic
7668,14297,Keraglo - AD Anti-Dandruff Shampoo,,281,Anti-Diabetic
7669,14298,Drep Ear Drop,,,Anti-Diabetic
7670,14299,Ketomac Shampoo,,216,Anti-Diabetic
7671,14300,Ceflox Eye/Ear Drops,,33.79,Anti-Diabetic
7672,14301,Betakind Gargle,,104.5,Anti-Diabetic
7673,14302,Toba Eye Drop,,89.25,Anti-Diabetic
7674,14303,Ocupol Eye Ointment,,43.04,Anti-Diabetic
7675,14304,Cipladine 5% Powder,,61.5,Anti-Diabetic
7676,14305,Betadine Powder,,120,Anti-Diabetic
7677,14306,Neosporin H Ear Drop,,53.72,Anti-Diabetic
7678,14307,Otocin-O Ear Drop,,,Anti-Diabetic
7679,14308,Ocupol Eye/Ear Drops,,55.11,Anti-Diabetic
7680,14309,Betadine Vaginal Pessaries,,164,Anti-Diabetic
7681,14310,Gentamycin Injection,Injection,20.5,Anti-Diabetic
7682,14311,Ketocip Shampoo,,218.5,Anti-Diabetic
7683,14312,Betadine 5% Ointment,,67,Anti-Diabetic
7684,14313,Tobacin Eye/Ear Drops,,48.53,Anti-Diabetic
7685,14314,Fungicide Tablet,Tablet,344.84,Anti-Diabetic
7686,14315,Mix Biotic Ear Drop,,,Anti-Diabetic
7687,14316,Tobastar Eye/Ear Drops,,44.2,Anti-Diabetic
7688,14317,Genticyn 80mg Injection,Injection,7.97,Anti-Diabetic
7689,14318,Gentalab Eye Drop,,,Anti-Diabetic
7690,14319,Gentamycin Eye Drop,,,Anti-Diabetic
7691,14320,Phytoral Tablet,Tablet,334.9,Anti-Diabetic
7692,14321,Wokadine 10% Ointment,,87.11,Anti-Diabetic
7693,14322,Betadine 5 % Solution,Solution,218.4,Anti-Diabetic
7694,14323,Zoxan Eye/Ear Drops,,7.07,Anti-Diabetic
7695,14324,Clotrin-AC Ear Drop,,,Anti-Diabetic
7696,14325,Festive-Dee Optic Eye/Ear Drops,,36.97,Anti-Diabetic
7697,14326,Otobiotic-Plus Ear Drop,,,Anti-Diabetic
7698,14327,Povinanz Gargle,,,Anti-Diabetic
7699,14328,Soludine 2% Gargle,,,Anti-Diabetic
7700,14329,Ciplox D Eye/Ear Drops,,15.43,Anti-Diabetic
7701,14330,Betnesol-N Eye/Ear Drops,,14.07,Anti-Diabetic
7702,14331,Festive-D Eye/Ear Drops,,40.68,Anti-Diabetic
7703,14332,Pyrimon Eye Drop,,11.69,Anti-Diabetic
7704,14333,Ceflox-D Eye/Ear Drops,,36.97,Anti-Diabetic
7705,14334,Diprobate G Plus Cream,,73.1,Anti-Diabetic
7706,14335,FML T Eye Drop,,140.34,Anti-Diabetic
7707,14336,Betagel-G Cream,,12.54,Anti-Diabetic
7708,14337,Apdrops LP  Eye Drop,,148.75,Anti-Diabetic
7709,14338,Toba DM Eye Drops,,19.55,Anti-Diabetic
7710,14339,Mahaflox-LP Eye Drop,,124.45,Anti-Diabetic
7711,14340,Zoxan-D Eye/Ear Drops,,9.65,Anti-Diabetic
7712,14341,Chlorocol H Eye Ointment,,86.8,Anti-Diabetic
7713,14342,Gatiquin-P Eye Drop,,116.53,Anti-Diabetic
7714,14343,Dexcin  Eye/Ear Drops,,12.75,Anti-Diabetic
7715,14344,Moxigram LX Eye Drop,,131.75,Anti-Diabetic
7716,14345,Toba F Eye Drop,,118.15,Anti-Diabetic
7717,14346,Dexoren S  Eye/Ear Drops,,14.77,Anti-Diabetic
7718,14347,Dipgenta Ointment,,46.33,Anti-Diabetic
7719,14348,Gentacort D Eye Drop,,,Anti-Diabetic
7720,14349,Moxoft-LP Eye Drop,,134.34,Anti-Diabetic
7721,14350,Cortecycline  Eye Ointment,,9.77,Anti-Diabetic
7722,14351,Gatilox DM Sterile Eye Drops,,20.82,Anti-Diabetic
7723,14352,Pyricort Eye/Ear Drops,,10.54,Anti-Diabetic
7724,14353,Tobastar F Eye Drop,,101.82,Anti-Diabetic
7725,14354,Tobra D Eye Drop,,14.87,Anti-Diabetic
7726,14355,Dexacort N Eye/Ear Drops,,14.92,Anti-Diabetic
7727,14356,Gate P Eye Drop,,31.02,Anti-Diabetic
7728,14357,Deco Eye/Ear Drops,,30.6,Anti-Diabetic
7729,14358,Oflatop D Eye/Ear Drops,,29.75,Anti-Diabetic
7730,14359,FML NEO Liquifilm,,112.94,Anti-Diabetic
7731,14360,Mlobe-LP Eye Drop,,125.8,Anti-Diabetic
7732,14361,Betagen Cream,,27.89,Anti-Diabetic
7733,14362,Alciflox D Eye Drop,,32.3,Anti-Diabetic
7734,14363,Q-Sap Eye Ointment,,60.35,Anti-Diabetic
7735,14364,4 Quin Lot Eye Drop,,142.37,Anti-Diabetic
7736,14365,Moxisurge-L Opthalmic Suspension,Suspension,116.87,Anti-Diabetic
7737,14366,Lotemox Eye Drop,,141.1,Anti-Diabetic
7738,14367,Polydex Eye/Ear Drops,,37.4,Anti-Diabetic
7739,14368,Renidex Eye/Ear Drops,,9.99,Anti-Diabetic
7740,14369,Wysolone 10 Tablet DT,Tablet,17.61,Anti-Diabetic
7741,14370,Omnacortil 10 Tablet DT,Tablet,9.21,Anti-Diabetic
7742,14371,Wysolone 5 Tablet DT,Tablet,9.72,Anti-Diabetic
7743,14372,Omnacortil 5 Tablet DT,Tablet,5.33,Anti-Diabetic
7744,14373,Omnacortil 20 Tablet DT,Tablet,18.52,Anti-Diabetic
7745,14374,Wysolone 20 Tablet DT,Tablet,31.67,Anti-Diabetic
7746,14375,Omnacortil Oral Solution,Solution,24.44,Anti-Diabetic
7747,14376,Omnacortil 40 Tablet DT,Tablet,26.66,Anti-Diabetic
7748,14377,WYSOLONE 5 MG TABLET,Tablet,9.26,Anti-Diabetic
7749,14378,Deltacortril 5mg Tablet,Tablet,7.68,Anti-Diabetic
7750,14379,Wysolone 40mg Tablet,Tablet,43.49,Anti-Diabetic
7751,14380,Omnacortil Oral Drops,,25.71,Anti-Diabetic
7752,14381,Kidpred Syrup,,24.27,Anti-Diabetic
7753,14382,Pred Forte Opthalmic Suspension,Suspension,46.83,Anti-Diabetic
7754,14383,Omnacortil Forte Syrup,,47.6,Anti-Diabetic
7755,14384,Omnacortil 30 Tablet DT,Tablet,43.01,Anti-Diabetic
7756,14385,Wysolone 30mg Tablet,Tablet,35.62,Anti-Diabetic
7757,14386,Mpss 40mg Injection,Injection,119.85,Anti-Diabetic
7758,14387,Omnacortil 10mg Tablet MD,Tablet,,Anti-Diabetic
7759,14388,Omnacortil 2.5 Tablet DT,Tablet,6.45,Anti-Diabetic
7760,14389,Solone 10mg Tablet,Tablet,6.46,Anti-Diabetic
7761,14390,Cortilone 10mg Tablet,Tablet,6.97,Anti-Diabetic
7762,14391,M Pred 4mg Tablet,Tablet,38.62,Anti-Diabetic
7763,14392,Predmet 1% Eye Drop,,46.83,Anti-Diabetic
7764,14393,Omnacortil Forte Oral Suspension,Suspension,42.26,Anti-Diabetic
7765,14394,Prednisolone Acetate Eye Drop,,56.1,Anti-Diabetic
7766,14395,P-Lone Eye Drop,,14.45,Anti-Diabetic
7767,14396,Predsol Eye Drop,,31.02,Anti-Diabetic
7768,14397,Emsolone 10mg Tablet,Tablet,17.99,Anti-Diabetic
7769,14398,Prednisolone Acetate Opthalmic Suspension,Suspension,,Anti-Diabetic
7770,14399,Mpss 1gm Injection,Injection,801.04,Anti-Diabetic
7771,14400,Nucort 5mg Tablet,Tablet,132.6,Anti-Diabetic
7772,14401,Methpred 1gm Injection,Injection,1075.25,Anti-Diabetic
7773,14402,Solone 5 Tablet,Tablet,5.05,Anti-Diabetic
7774,14403,Force 10mg Tablet,Tablet,6.8,Anti-Diabetic
7775,14404,Nucort 40mg Tablet,Tablet,30.79,Anti-Diabetic
7776,14405,Hostacortin H 5mg Tablet,Tablet,3.25,Anti-Diabetic
7777,14406,Immupress D6 Tablet,Tablet,45.05,Anti-Diabetic
7778,14407,Ventocortil 10mg Tablet,Tablet,8.65,Anti-Diabetic
7779,14408,Solon 10mg Tablet,Tablet,56.63,Anti-Diabetic
7780,14409,Locula 20% Eye Drop,,26.35,Anti-Diabetic
7781,14410,Motogram Eye Drop,,114.75,Anti-Diabetic
7782,14411,Locula 10% Eye Drop,,22.13,Anti-Diabetic
7783,14412,Zincoren Eye/Ear Drops,,46.28,Anti-Diabetic
7784,14413,Locula 30% Eye Drop,,36.55,Anti-Diabetic
7785,14414,Tobox Eye Drop,,136,Anti-Diabetic
7786,14415,Moxitobra Eye Drop,,140.25,Anti-Diabetic
7787,14416,Albucid 30% Eye Drop,,23.36,Anti-Diabetic
7788,14417,Zinbro-S Eye Drop,,56.1,Anti-Diabetic
7789,14418,Vigoquin-T Eye Drop,,208.25,Anti-Diabetic
7790,14419,Oxitob Eye Drop,,120.7,Anti-Diabetic
7791,14420,Tocimox Eye Drop,,126.65,Anti-Diabetic
7792,14421,Moxicin T Eye Drop,,102,Anti-Diabetic
7793,14422,Toboxy Eye Drop,,136,Anti-Diabetic
7794,14423,Takmide Eye Drop,,42.5,Anti-Diabetic
7795,14424,Rosal Eye Drop,,45.19,Anti-Diabetic
7796,14425,Ocu Sulf Eye Drop,,8.44,Anti-Diabetic
7797,14426,Rotomox-TR Eye Drop,,121.12,Anti-Diabetic
7798,14427,Vodamox T Eye Drop,,97.75,Anti-Diabetic
7799,14428,Moto Eye Drop,,127.5,Anti-Diabetic
7800,14429,Quadmox T Eye Drop,,123.25,Anti-Diabetic
7801,14430,Andremide 20% Eye Drop,,15.69,Anti-Diabetic
7802,14431,Andremide Eye Drop,,18.6,Anti-Diabetic
7803,14432,Sulfin Eye Drop,,55.25,Anti-Diabetic
7804,14433,Alight Eye Drop,,10.35,Anti-Diabetic
7805,14434,Self Quin T Eye Drop,,123.59,Anti-Diabetic
7806,14435,Visitob M Eye Drop,,106.25,Anti-Diabetic
7807,14436,Paristin Eye Drop,,14.79,Anti-Diabetic
7808,14437,Scarmide 20% Eye Drop,,15.3,Anti-Diabetic
7809,14438,Alektra 20% Eye Drop,,17.85,Anti-Diabetic
7810,14439,Trachol Eye Drop,,24.92,Anti-Diabetic
7811,14440,Neumax 300mcg Injection,Injection,1726.56,Anti-Diabetic
7812,14441,Xoin 0.15ml Injection,Injection,182.75,Anti-Diabetic
7813,14442,Endocryl 0.5ml Injection,Injection,554.46,Anti-Diabetic
7814,14443,Endocryl 1ml Injection,Injection,1017.28,Anti-Diabetic
7815,14444,Xoin Gastro Kit,,1850.56,Anti-Diabetic
7816,14445,Rekseal Injection,Injection,218.58,Anti-Diabetic
7817,14446,XOIN INJECTION 0.25ML,Injection,,Anti-Diabetic
7818,14447,Epiclos 0.25ml Injection,Injection,339.15,Anti-Diabetic
7819,14448,Gastrozin 75mg Tablet,Tablet,300,Anti-Diabetic
7820,14449,Pam 500mg Injection,Injection,141.66,Anti-Diabetic
7821,14450,Zincolak Capsule,Capsule,21,Anti-Diabetic
7822,14451,Fludot 0.5mg Injection,Injection,765,Anti-Diabetic
7823,14452,Sofirash Cream,,125,Anti-Diabetic
7824,14453,Zioral Drops,,60,Anti-Diabetic
7825,14454,Protamine Sulphate 10mg Injection,Injection,80.95,Anti-Diabetic
7826,14455,Suncros Soft 2% Cream,,,Anti-Diabetic
7827,14456,Carnozin 75mg Tablet,Tablet,,Anti-Diabetic
7828,14457,V-Pam Injection,Injection,165.75,Anti-Diabetic
7829,14458,Aldopam 500mg Injection,Injection,69.48,Anti-Diabetic
7830,14459,Prota 10mg Injection,Injection,35.62,Anti-Diabetic
7831,14460,Sunheal Pure Cream,,606,Anti-Diabetic
7832,14461,Zincium Oral Syrup,,44.9,Anti-Diabetic
7833,14462,Imuzinc Syrup,,,Anti-Diabetic
7834,14463,B A L Injection,Injection,264.89,Anti-Diabetic
7835,14464,Aquapam Injection,Injection,233.75,Anti-Diabetic
7836,14465,Neutrahep 10mg Injection,Injection,42.33,Anti-Diabetic
7837,14466,Adrovit Z Syrup,,,Anti-Diabetic
7838,14467,Rashcare Cream,,,Anti-Diabetic
7839,14468,HI ZN Syrup,,,Anti-Diabetic
7840,14469,Pam Up 500mg Injection,Injection,161.5,Anti-Diabetic
7841,14470,Zincotus Syrup,,,Anti-Diabetic
7842,14471,Adipam 25mg Injection,Injection,153,Anti-Diabetic
7843,14472,Prota 50mg Injection,Injection,37.43,Anti-Diabetic
7844,14473,Clopam 500mg Injection,Injection,204,Anti-Diabetic
7845,14474,ZED-PAM 500mg Injection,Injection,212.5,Anti-Diabetic
7846,14475,Clopam 1gm Injection,Injection,287.06,Anti-Diabetic
7847,14476,Oxyfag-B Oral Suspension Sugar Free,Suspension,552.5,Anti-Diabetic
7848,14477,Zincorun Oral Solution,Solution,,Anti-Diabetic
7849,14478,Toxipam 500mg Injection,Injection,161.5,Anti-Diabetic
7850,14479,Redpam 25mg Injection,Injection,161.5,Anti-Diabetic
7851,14480,Neopam 25mg Injection,Injection,86.73,Anti-Diabetic
7852,14481,Unipam 1gm Injection,Injection,162.72,Anti-Diabetic
7853,14482,Nispam 1gm Injection,Injection,272,Anti-Diabetic
7854,14483,Purepam Injection,Injection,191.25,Anti-Diabetic
7855,14484,Newtain 50mg Injection,Injection,187,Anti-Diabetic
7856,14485,Neopam 500mg Injection,Injection,55.46,Anti-Diabetic
7857,14486,Cbc Pam 500mg Injection,Injection,165.75,Anti-Diabetic
7858,14487,Hepadot Injection,Injection,30.94,Anti-Diabetic
7859,14488,O-Stat 120 Capsule,Capsule,334.9,Anti-Diabetic
7860,14489,Reeshape Capsule,Capsule,684.25,Anti-Diabetic
7861,14490,Reeshape 60 Capsule,Capsule,405.45,Anti-Diabetic
7862,14491,Lipocut 120 Capsule,Capsule,558.07,Anti-Diabetic
7863,14492,O-Stat 60 Capsule,Capsule,171.7,Anti-Diabetic
7864,14493,Zerofat 120mg Tablet,Tablet,212.5,Anti-Diabetic
7865,14494,Orlistat 120mg Tablet,Tablet,318.75,Anti-Diabetic
7866,14495,Kilfat Tablet,Tablet,408.85,Anti-Diabetic
7867,14496,Lipocut 60 Capsule,Capsule,305.15,Anti-Diabetic
7868,14497,Obelit Capsule,Capsule,527.85,Anti-Diabetic
7869,14498,Orlica Capsule,Capsule,519.56,Anti-Diabetic
7870,14499,Slim Trim Active 120mg Capsule,Capsule,408,Anti-Diabetic
7871,14500,Obezita 120mg Capsule,Capsule,399.5,Anti-Diabetic
7872,14501,Orlean 120 Capsule,Capsule,426.56,Anti-Diabetic
7873,14502,Xenical 120mg Capsule,Capsule,,Anti-Diabetic
7874,14503,Lipophage 60 Capsule,Capsule,235.59,Anti-Diabetic
7875,14504,Orlean 60 Capsule,Capsule,273.78,Anti-Diabetic
7876,14505,Megaburn Capsule,Capsule,425,Anti-Diabetic
7877,14506,Zerofat 60mg Capsule,Capsule,,Anti-Diabetic
7878,14507,Lipophage 120 Capsule,Capsule,425.22,Anti-Diabetic
7879,14508,Obeset 120 Capsule,Capsule,297.5,Anti-Diabetic
7880,14509,Orlimax Capsule,Capsule,462.4,Anti-Diabetic
7881,14510,Obelit 60 Capsule,Capsule,260.1,Anti-Diabetic
7882,14511,Orlip X 120mg Capsule,Capsule,424.15,Anti-Diabetic
7883,14512,Olisat 120 Capsule,Capsule,390.1,Anti-Diabetic
7884,14513,Obezita 60 Capsule,Capsule,216.75,Anti-Diabetic
7885,14514,Wolslim 120mg Tablet,Tablet,187,Anti-Diabetic
7886,14515,Zerofat 120mg Capsule,Capsule,199.75,Anti-Diabetic
7887,14516,Ishape 120mg Capsule,Capsule,339.15,Anti-Diabetic
7888,14517,Olisat 60 Capsule,Capsule,256.61,Anti-Diabetic
7889,14518,Slim Trim Active 60mg Capsule,Capsule,195.46,Anti-Diabetic
7890,14519,DavaIndia Orlistat 120mg Capsule,Capsule,102,Anti-Diabetic
7891,14520,Orlica 60 Capsule,Capsule,223.55,Anti-Diabetic
7892,14521,Vyfat 120mg Capsule,Capsule,527.85,Anti-Diabetic
7893,14522,Cetislim Tablet,Tablet,408.85,Anti-Diabetic
7894,14523,Onslim Capsule,Capsule,142.8,Anti-Diabetic
7895,14524,Ponderax 20mg Tablet,Tablet,,Anti-Diabetic
7896,14525,Slimtop 120mg Capsule,Capsule,297.5,Anti-Diabetic
7897,14526,Orlimac 120mg Tablet,Tablet,303.3,Anti-Diabetic
7898,14527,Revlamer 400 Tablet,Tablet,79.05,Anti-Diabetic
7899,14528,Revlamer 800 Tablet,Tablet,148.75,Anti-Diabetic
7900,14529,Sevcar 400 Tablet,Tablet,251.26,Anti-Diabetic
7901,14530,Phoscut 400 Tablet,Tablet,68,Anti-Diabetic
7902,14531,Acutrol C 400 Tablet,Tablet,137.7,Anti-Diabetic
7903,14532,Phoscut 800 Tablet,Tablet,127.5,Anti-Diabetic
7904,14533,Sevcar 800 Tablet,Tablet,411.02,Anti-Diabetic
7905,14534,Acutrol C 800 Tablet,Tablet,169.15,Anti-Diabetic
7906,14535,Sevlaren 400 Tablet,Tablet,199.75,Anti-Diabetic
7907,14536,Renvela 800mg Tablet,Tablet,1178.09,Anti-Diabetic
7908,14537,Acutrol 400 Tablet,Tablet,238,Anti-Diabetic
7909,14538,Renvela 400mg Tablet,Tablet,,Anti-Diabetic
7910,14539,Sevlaren 800 Tablet,Tablet,385.05,Anti-Diabetic
7911,14540,Renum SC 400mg Tablet,Tablet,109.22,Anti-Diabetic
7912,14541,Sevelam 400 Tablet,Tablet,195.5,Anti-Diabetic
7913,14542,Sevanix 400mg Tablet,Tablet,220.15,Anti-Diabetic
7914,14543,Velacar 800mg Tablet,Tablet,306,Anti-Diabetic
7915,14544,Sivel 400mg Tablet,Tablet,186.06,Anti-Diabetic
7916,14545,Sevapik 400 Tablet,Tablet,136,Anti-Diabetic
7917,14546,Renecar 400 Tablet,Tablet,208.25,Anti-Diabetic
7918,14547,Acutrol 800 Tablet,Tablet,311.95,Anti-Diabetic
7919,14548,Fosbait 500 Chewable Tablet,Tablet,757.04,Anti-Diabetic
7920,14549,Renvela 800mg Sachet,,39.1,Anti-Diabetic
7921,14550,Velacar 400mg Tablet,Tablet,195.5,Anti-Diabetic
7922,14551,Foseal 800 Tablet,Tablet,373.32,Anti-Diabetic
7923,14552,Renoshell 400 Tablet,Tablet,194.65,Anti-Diabetic
7924,14553,Foschek S 400mg Tablet,Tablet,273.7,Anti-Diabetic
7925,14554,Selbo 800 Tablet,Tablet,338.3,Anti-Diabetic
7926,14555,Selbo 400mg Tablet,Tablet,193.8,Anti-Diabetic
7927,14556,Sevelar 400mg Tablet,Tablet,178.5,Anti-Diabetic
7928,14557,Sivel 800 Tablet,Tablet,296.65,Anti-Diabetic
7929,14558,Sevalac 400 Tablet,Tablet,181.9,Anti-Diabetic
7930,14559,Foseal 400 Tablet,Tablet,209.61,Anti-Diabetic
7931,14560,Zynacar Tablet,Tablet,113.33,Anti-Diabetic
7932,14561,Sevecord 400 Tablet,Tablet,191.3,Anti-Diabetic
7933,14562,Renecar 800 Tablet,Tablet,340,Anti-Diabetic
7934,14563,Sevanix 800mg Tablet,Tablet,339.15,Anti-Diabetic
7935,14564,Sevgia 800mg Tablet,Tablet,194.65,Anti-Diabetic
7936,14565,Sevalac 800mg Tablet,Tablet,348.5,Anti-Diabetic
7937,14566,Fosbait 250mg Tablet,Tablet,347.22,Anti-Diabetic
7938,14567,Omnipaque 350mg Infusion,,623.05,Anti-Diabetic
7939,14568,Omnipaque 300mg Injection,Injection,673.2,Anti-Diabetic
7940,14569,Contrapaque 300mg Injection,Injection,345.67,Anti-Diabetic
7941,14570,Contrapaque 350mg Infusion,,1854.76,Anti-Diabetic
7942,14571,Ultravist 370mg I/ml Injection,Injection,1494.18,Anti-Diabetic
7943,14572,Ultravist 300mg I/ml Injection,Injection,1342.59,Anti-Diabetic
7944,14573,Lek Pamidol 300mg Injection,Injection,368.31,Anti-Diabetic
7945,14574,Lek Pamidol 370mg Infusion,,1076.37,Anti-Diabetic
7946,14575,Contrapaque 240mg Infusion,,819.68,Anti-Diabetic
7947,14576,Contrapaque 300mg Infusion,,1631.05,Anti-Diabetic
7948,14577,Ultravist 0.623gm Infusion,,1342.59,Anti-Diabetic
7949,14578,Lek Pamidol 300mg Infusion,,903.74,Anti-Diabetic
7950,14579,Meloset Tablet,Tablet,38.25,Anti-Diabetic
7951,14580,Altonil 3mg Tablet,Tablet,36.46,Anti-Diabetic
7952,14581,Noctura Syrup,,176.8,Anti-Diabetic
7953,14582,Altonil 3mg Tablet MD,Tablet,63.39,Anti-Diabetic
7954,14583,Altonil 5mg Tablet,Tablet,58.65,Anti-Diabetic
7955,14584,Melokalm Tablet,Tablet,34,Anti-Diabetic
7956,14585,Altonil 5 Tablet MD,Tablet,109.4,Anti-Diabetic
7957,14586,Melsoma Nano Oral Spray,,280.5,Anti-Diabetic
7958,14587,Go 2 Sleep Syrup Sugar Free,,106.25,Anti-Diabetic
7959,14588,Trunap Syrup,,107.1,Anti-Diabetic
7960,14589,NOW Foods Melatonin 3mg Capsule,Capsule,611.15,Anti-Diabetic
7961,14590,Altonil 10 Tablet,Tablet,92.65,Anti-Diabetic
7962,14591,Nveda Sleep Aid with Melatonin 3mg Tablet,Tablet,393.55,Anti-Diabetic
7963,14592,Altonil 10 Tablet MD,Tablet,161.07,Anti-Diabetic
7964,14593,Altonil Syrup,,116.87,Anti-Diabetic
7965,14594,Lamrest 5 Tablet,Tablet,102,Anti-Diabetic
7966,14595,Altris GEL,,,Anti-Diabetic
7967,14596,Nature's Velvet Melatonin 3mg Capsule,Capsule,476,Anti-Diabetic
7968,14597,Lifotonin Tablet,Tablet,85.85,Anti-Diabetic
7969,14598,Lamonin 0.25mg Tablet,Tablet,12.75,Anti-Diabetic
7970,14599,Lamrest 3 Tablet,Tablet,63.75,Anti-Diabetic
7971,14600,Melcadin 3mg Tablet,Tablet,38.25,Anti-Diabetic
7972,14601,Lamrest 10 Tablet,Tablet,153,Anti-Diabetic
7973,14602,Bioclock 0.25mg Tablet,Tablet,18.28,Anti-Diabetic
7974,14603,Somelin 3mg Tablet,Tablet,27.2,Anti-Diabetic
7975,14604,Restfine 10mg Tablet,Tablet,127.5,Anti-Diabetic
7976,14605,Solgar Sweetest Dreams Vegetable Capsule,Capsule,1444.15,Anti-Diabetic
7977,14606,Mtonin 3mg Tablet,Tablet,34,Anti-Diabetic
7978,14607,Go 2 Sleep 3mg Tablet,Tablet,94.87,Anti-Diabetic
7979,14608,OneLife Sleep Tight 5mg Tablet,Tablet,611.15,Anti-Diabetic
7980,14609,Nature's Bounty Triple Strength Melatonin 3mg Tablet,Tablet,1553.8,Anti-Diabetic
7981,14610,Bioclock 0.5mg Tablet,Tablet,21.09,Anti-Diabetic
7982,14611,oneDrful Life Melatonin for Restful Sleep Mango,,323.85,Anti-Diabetic
7983,14612,NOW Foods Liquid Melatonin,,1047.2,Anti-Diabetic
7984,14613,Jarrow Formulas Sleep Optimizer Capsule,Capsule,1805.4,Anti-Diabetic
7985,14614,Ageless oneDr Kacha Mango Melatonin for Restful Sleep,,323.85,Anti-Diabetic
7986,14615,Solgar Natural Black Cherry Liquid Melatonin,,1805.4,Anti-Diabetic
7987,14616,Cirkedian Tablet,Tablet,268.6,Anti-Diabetic
7988,14617,Urografin 76% Infusion,,402.05,Anti-Diabetic
7989,14618,Urografin 60% Injection,Injection,,Anti-Diabetic
7990,14619,Trazograf 76% Injection,Injection,161.19,Anti-Diabetic
7991,14620,Trazogastro Infusion,,790.36,Anti-Diabetic
7992,14621,Trazograf 76% Infusion,,402.96,Anti-Diabetic
7993,14622,Angiografin 65% Injection,Injection,127.25,Anti-Diabetic
7994,14623,Trazograf 60% Injection,Injection,139.59,Anti-Diabetic
7995,14624,Trazograf 0.66gm/0.1gm Infusion,,805.93,Anti-Diabetic
7996,14625,Angiografin Infusion,,355.17,Anti-Diabetic
7997,14626,Urovison 58% Infusion,,378.6,Anti-Diabetic
7998,14627,Endolac-Fort Capsule,Capsule,165,Anti-Diabetic
7999,14628,Fostitol Syrup,,,Anti-Diabetic
8000,14629,Asklerol 3% Injection,Injection,113.95,Anti-Diabetic
8001,14630,Cancidas 50mg Injection,Injection,11997.75,Anti-Diabetic
8002,14631,Guficap 70mg Injection,Injection,3450.15,Anti-Diabetic
8003,14632,Casfung 50mg Injection,Injection,9955.2,Anti-Diabetic
8004,14633,Cancidas 70mg Injection,Injection,12482.25,Anti-Diabetic
8005,14634,Caspogin 50mg Injection,Injection,10274.37,Anti-Diabetic
8006,14635,Casfung 70mg Injection,Injection,9091.17,Anti-Diabetic
8007,14636,Caspledge Injection,Injection,4249.15,Anti-Diabetic
8008,14637,Caspogin 70mg Injection,Injection,10274.37,Anti-Diabetic
8009,14638,Caspercid 50mg Injection,Injection,12238.03,Anti-Diabetic
8010,14639,Kabifungin 50 Injection,Injection,10371.7,Anti-Diabetic
8011,14640,Troydoca 30mg Injection,Injection,85.57,Anti-Diabetic
8012,14641,Casponex 50mg Injection,Injection,8500,Anti-Diabetic
8013,14642,Wofungin 70mg Injection,Injection,8500,Anti-Diabetic
8014,14643,Caspogard 50mg Injection,Injection,4675,Anti-Diabetic
8015,14644,Auxicasp 50mg Injection,Injection,8014.28,Anti-Diabetic
8016,14645,Casfungen 50mg Injection,Injection,9160.45,Anti-Diabetic
8017,14646,Candidal 50mg Injection,Injection,8372.5,Anti-Diabetic
8018,14647,Casporan 70mg Injection,Injection,8908,Anti-Diabetic
8019,14648,Caspogard 70mg Injection,Injection,8925,Anti-Diabetic
8020,14649,Casporan 50mg Injection,Injection,8132.8,Anti-Diabetic
8021,14650,Capsain 50mg Injection,Injection,6783,Anti-Diabetic
8022,14651,Wofungin 50mg Injection,Injection,8500,Anti-Diabetic
8023,14652,Casjol 50 Injection,Injection,7565,Anti-Diabetic
8024,14653,Ibicasp 50mg Injection,Injection,8985.71,Anti-Diabetic
8025,14654,Caspotaz 50mg Injection,Injection,11266.14,Anti-Diabetic
8026,14655,Candidal 70mg Injection,Injection,8372.5,Anti-Diabetic
8027,14656,Cancigin 50mg Injection,Injection,8491.5,Anti-Diabetic
8028,14657,Kabifungin 70 Injection,Injection,8994.61,Anti-Diabetic
8029,14658,Caspercid 70mg Injection,Injection,11125.49,Anti-Diabetic
8030,14659,Canducid 70mg Injection,Injection,7205.56,Anti-Diabetic
8031,14660,Casogyn 50mg Injection,Injection,7650,Anti-Diabetic
8032,14661,Caspifung 50mg Injection,Injection,8500,Anti-Diabetic
8033,14662,Caspledge 70mg Injection,Injection,4249.15,Anti-Diabetic
8034,14663,Hospicasp 50mg Injection,Injection,6799.15,Anti-Diabetic
8035,14664,Jubicas 50mg Injection,Injection,8499.15,Anti-Diabetic
8036,14665,Capofin 50mg Injection,Injection,8372.5,Anti-Diabetic
8037,14666,Casponova 50mg Injection,Injection,7650,Anti-Diabetic
8038,14667,Casponex 70mg Injection,Injection,8500,Anti-Diabetic
8039,14668,Cancigin 70mg Injection,Injection,8491.5,Anti-Diabetic
8040,14669,Soliwax Ear Drop,,132,Anti-Diabetic
8041,14670,Clearwax Ear Drop,,66.5,Anti-Diabetic
8042,14671,Otorex Ear Drop,,104,Anti-Diabetic
8043,14672,Wax-Off Ear Drop,,90,Anti-Diabetic
8044,14673,Wax-Off Advance Ear Drop,,90,Anti-Diabetic
8045,14674,Waxolve Ear Drop,,,Anti-Diabetic
8046,14675,Waxil Ear Drop,,,Anti-Diabetic
8047,14676,D Wax Ear Drop,,,Anti-Diabetic
8048,14677,Curewax Ear Drop,,,Anti-Diabetic
8049,14678,Soda Bicarb Glycerin Ear Drop,,,Anti-Diabetic
8050,14679,Waxrid Ear Drop,,,Anti-Diabetic
8051,14680,Otiflox WX Ear Drop,,90.12,Anti-Diabetic
8052,14681,B N C WAX CLEANER Ear Drop,,,Anti-Diabetic
8053,14682,Waxnil Ear Drop,,99.9,Anti-Diabetic
8054,14683,E-Wax Ear Drop,,,Anti-Diabetic
8055,14684,Dizolwax Ear Drop,,,Anti-Diabetic
8056,14685,Otoclean Ear Drop,,,Anti-Diabetic
8057,14686,Clinwax Ear Drop,,,Anti-Diabetic
8058,14687,Bingo Wax Ear Drop,,,Anti-Diabetic
8059,14688,Vovax Ear Drop,,,Anti-Diabetic
8060,14689,WAX EL EAR DROP,,60,Anti-Diabetic
8061,14690,Candi-Wax Softener Ear Drop,,,Anti-Diabetic
8062,14691,Desol Ear Drop,,,Anti-Diabetic
8063,14692,Clincarb Ear Drop,,75,Anti-Diabetic
8064,14693,Waxoff Ear Drop,,,Anti-Diabetic
8065,14694,Oriwax Ear Drop,,80,Anti-Diabetic
8066,14695,Cirowax Ear Drop,,,Anti-Diabetic
8067,14696,Aceclean Ear Wax Drop,,,Anti-Diabetic
8068,14697,WAX D EAR DROP,,,Anti-Diabetic
8069,14698,Ceruminex Ear Drop,,,Anti-Diabetic
8070,14699,Waxyclean Ear Drop,,,Anti-Diabetic
8071,14700,Waxoris Ear Drop,,,Anti-Diabetic
8072,14701,Flowax Ear Drop,,,Anti-Diabetic
8073,14702,Alwax Ear Drop,,,Anti-Diabetic
8074,14703,Methazil Ear Drop,,,Anti-Diabetic
8075,14704,Winvax Ear Drop,,,Anti-Diabetic
8076,14705,Nayawax Ear Drop,,,Anti-Diabetic
8077,14706,Waxinec Ear Drop,,,Anti-Diabetic
8078,14707,Waxonil Activ Ear Drop,,,Anti-Diabetic
8079,14708,Wax Care Ear Drop,,,Anti-Diabetic
8080,14709,Paraxin 500 Capsule,Capsule,151.23,Anti-Diabetic
8081,14710,Paraxin 250 Capsule,Capsule,79.68,Anti-Diabetic
8082,14711,Enteromycetin 500 Caplet,,59.5,Anti-Diabetic
8083,14712,Chloromycetin Aplicap,,74.61,Anti-Diabetic
8084,14713,Paraxin Suspension,Suspension,108.5,Anti-Diabetic
8085,14714,Enteromycetin Suspension,Suspension,66.3,Anti-Diabetic
8086,14715,Renicol Eye Drop,,28.39,Anti-Diabetic
8087,14716,Chlorocol Eye Ointment,,18.36,Anti-Diabetic
8088,14717,Chloromycetin 500mg Capsule,Capsule,,Anti-Diabetic
8089,14718,Enteromycetin 250mg Capsule,Capsule,,Anti-Diabetic
8090,14719,Otek Eye Drop,,27.2,Anti-Diabetic
8091,14720,Chlorophenicol 250mg Capsule,Capsule,10.62,Anti-Diabetic
8092,14721,Chlorocol Eye Drop,,64.9,Anti-Diabetic
8093,14722,Paraxin 250mg Tablet,Tablet,49.72,Anti-Diabetic
8094,14723,Biophenicol Injection,Injection,65.62,Anti-Diabetic
8095,14724,Labchlor 250mg Capsule,Capsule,32.3,Anti-Diabetic
8096,14725,Chloramphenicol Palmitate Syrup,,54.26,Anti-Diabetic
8097,14726,Dexoren Eye Drop,,30.43,Anti-Diabetic
8098,14727,Chloramphenicol SY Syrup,,76.47,Anti-Diabetic
8099,14728,Kemicetine 500mg Tablet,Tablet,,Anti-Diabetic
8100,14729,Kemicetine 500mg Capsule,Capsule,,Anti-Diabetic
8101,14730,Renicol Ointment,,15.89,Anti-Diabetic
8102,14731,Paraxin 1gm Injection,Injection,44.62,Anti-Diabetic
8103,14732,Mycetin 250mg Capsule,Capsule,7.59,Anti-Diabetic
8104,14733,Biophenicol 500mg Capsule,Capsule,21.25,Anti-Diabetic
8105,14734,Optichlor Eye Ointment,,19.97,Anti-Diabetic
8106,14735,Labchlor 500mg Capsule,Capsule,16.46,Anti-Diabetic
8107,14736,Optichlor Eye Drop,,19.42,Anti-Diabetic
8108,14737,Larmycetin 500mg Capsule,Capsule,72.96,Anti-Diabetic
8109,14738,Clorocin 250mg Capsule,Capsule,21.17,Anti-Diabetic
8110,14739,Chloromycetin 125mg/5ml Suspension,Suspension,56.44,Anti-Diabetic
8111,14740,Chloramphenicol 1% Eye Ointment,,55.25,Anti-Diabetic
8112,14741,Jectophen 1gm Injection,Injection,25.5,Anti-Diabetic
8113,14742,C Col 500mg Capsule,Capsule,78.45,Anti-Diabetic
8114,14743,Opticol Eye Drop,,15.3,Anti-Diabetic
8115,14744,Senzclor Eye Ointment,,18.1,Anti-Diabetic
8116,14745,Kemnicol 500 Capsule,Capsule,80.75,Anti-Diabetic
8117,14746,Paraxin 250mg Dragees,,65.86,Anti-Diabetic
8118,14747,Reclor 500mg Capsule,Capsule,36.12,Anti-Diabetic
8119,14748,Reclor 250mg Capsule,Capsule,32.28,Anti-Diabetic
8120,14749,Otek-AC Neo Ear Drop,,46.75,Anti-Diabetic
8121,14750,Otocin-C Ear Drop,,46.66,Anti-Diabetic
8122,14751,Candiderma Cream,,,Anti-Diabetic
8123,14752,Chloromycetin Ear Drop,,28.86,Anti-Diabetic
8124,14753,Enteromycetin Otic Ear Drop,,25.5,Anti-Diabetic
8125,14754,Otilan Ear Drop,,62.9,Anti-Diabetic
8126,14755,Canditas BG Cream,,28.48,Anti-Diabetic
8127,14756,Olex Ear Drop,,51,Anti-Diabetic
8128,14757,Magnaderm Ointment,,38.25,Anti-Diabetic
8129,14758,Pentaderm Cream,,37.4,Anti-Diabetic
8130,14759,Otomed Ear Drop,,38.25,Anti-Diabetic
8131,14760,Otinex Ear Drop,,44.2,Anti-Diabetic
8132,14761,Anna Ear Drop,,42.5,Anti-Diabetic
8133,14762,Sigmaderm Cream,,21.44,Anti-Diabetic
8134,14763,Ex Derm Cream,,31.53,Anti-Diabetic
8135,14764,Turgoderm Cream,,108.8,Anti-Diabetic
8136,14765,Diprogen Cream,,27.2,Anti-Diabetic
8137,14766,Clowin gm Cream,,8.01,Anti-Diabetic
8138,14767,Maxiderm RF Cream,,17.15,Anti-Diabetic
8139,14768,Beclocid G Ointment,,44.2,Anti-Diabetic
8140,14769,Supramin Ointment,,33.91,Anti-Diabetic
8141,14770,Otichek Ear Drop,,47.68,Anti-Diabetic
8142,14771,Cloz GB Cream,,30.6,Anti-Diabetic
8143,14772,Diproderm Cream,,28.6,Anti-Diabetic
8144,14773,Lotril BG Cream,,51.42,Anti-Diabetic
8145,14774,Translipo Triple Cream,,43.86,Anti-Diabetic
8146,14775,Acderm Cream,,31.34,Anti-Diabetic
8147,14776,Lbc Ear Drop,,26.29,Anti-Diabetic
8148,14777,Wax CL Ear Drop,,,Anti-Diabetic
8149,14778,Myderm Ointment,,5.04,Anti-Diabetic
8150,14779,Perfocyn Ear Drop,,26.09,Anti-Diabetic
8151,14780,Canditas BGN 0.1% Cream,,7.44,Anti-Diabetic
8152,14781,Ozoderm Cream,,27.2,Anti-Diabetic
8153,14782,Zyderm Ointment,,8.1,Anti-Diabetic
8154,14783,Dewderm Ointment,,24.44,Anti-Diabetic
8155,14784,Dicimycin Ear Drop,,10.2,Anti-Diabetic
8156,14785,Fungi BC Ear Drop,,29.14,Anti-Diabetic
8157,14786,Clobiotic Eye Drop,,,Anti-Diabetic
8158,14787,Cotrex Ointment,,21.67,Anti-Diabetic
8159,14788,Isoflurane Usp Liquid For Inhalation,,,Anti-Diabetic
8160,14789,Hypnothane Liquid For Inhalation,,,Anti-Diabetic
8161,14790,Sevura Inhaler For Inhalation,,,Anti-Diabetic
8162,14791,Sosrane Liquid For Inhalation,,,Anti-Diabetic
8163,14792,Isotroy Solution for inhalation,Solution,,Anti-Diabetic
8164,14793,Forane Solution,Solution,,Anti-Diabetic
8165,14794,Isorane Solution,Solution,,Anti-Diabetic
8166,14795,Isorane Liquid For Inhalation,,,Anti-Diabetic
8167,14796,Forane Inhaler,,,Anti-Diabetic
8168,14797,Ketamine Hydrochloride 50mg Injection,Injection,,Anti-Diabetic
8169,14798,Propofol 1% Infusion,,,Anti-Diabetic
8170,14799,Neorof 1% Injection,Injection,,Anti-Diabetic
8171,14800,Aneket 50mg Injection,Injection,,Anti-Diabetic
8172,14801,THIOSOL 500 MG INJECTION,Injection,,Anti-Diabetic
8173,14802,Pentothal Injection,Injection,,Anti-Diabetic
8174,14803,Troypofol 10mg Injection,Injection,,Anti-Diabetic
8175,14804,Troymidate Injection,Injection,,Anti-Diabetic
8176,14805,Ketamax 50mg Injection,Injection,,Anti-Diabetic
8177,14806,Thiosol Injection,Injection,,Anti-Diabetic
8178,14807,Aneket 10mg Injection,Injection,,Anti-Diabetic
8179,14808,Etomidate Lipuro 20mg Infusion,,,Anti-Diabetic
8180,14809,Thiopental 500mg Injection,Injection,,Anti-Diabetic
8181,14810,Profol 1% Infusion,,,Anti-Diabetic
8182,14811,Hypnodate Injection,Injection,,Anti-Diabetic
8183,14812,Ketmin 10mg Injection,Injection,,Anti-Diabetic
8184,14813,Fresofol 1% Injection,Injection,,Anti-Diabetic
8185,14814,Ketalar 50mg/ml Injection,Injection,,Anti-Diabetic
8186,14815,THIOSOL 1 GM INJECTION,Injection,,Anti-Diabetic
8187,14816,Ketajet 50mg Injection,Injection,,Anti-Diabetic
8188,14817,Thiopental 1gm Injection,Injection,,Anti-Diabetic
8189,14818,Profol Spiva 1% Injection,Injection,,Anti-Diabetic
8190,14819,Ketmin 100mg Injection,Injection,,Anti-Diabetic
8191,14820,Profol Spiva 10mg Injection,Injection,,Anti-Diabetic
8192,14821,ANEKET 100 MG INJECTION,Injection,,Anti-Diabetic
8193,14822,Mct Rof Injection,Injection,,Anti-Diabetic
8194,14823,Ketam 50mg Injection,Injection,,Anti-Diabetic
8195,14824,Thipen 500mg Injection,Injection,,Anti-Diabetic
8196,14825,Ketsia Injection,Injection,,Anti-Diabetic
8197,14826,Troypofol Injection,Injection,,Anti-Diabetic
8198,14827,Propovan 1% Infusion,,,Anti-Diabetic
8199,14828,Ketolide 50mg Injection,Injection,,Anti-Diabetic
8200,14829,Ketanik 50mg Injection,Injection,,Anti-Diabetic
8201,14830,Zyfol 10mg Injection,Injection,,Anti-Diabetic
8202,14831,Hypro 200mg Injection,Injection,,Anti-Diabetic
8203,14832,Anesthal 500mg Injection,Injection,,Anti-Diabetic
8204,14833,Hypro 10mg Injection,Injection,,Anti-Diabetic
8205,14834,Pentone 1gm Injection,Injection,,Anti-Diabetic
8206,14835,Mucopain Gel,,54.49,Anti-Diabetic
8207,14836,Anobliss Cream,,96.9,Anti-Diabetic
8208,14837,Otogesic Ear Drop,,150.04,Anti-Diabetic
8209,14838,Lox 2% Jelly,,35.55,Anti-Diabetic
8210,14839,Escot Cream,,135.15,Anti-Diabetic
8211,14840,Xylocaine 2% Jelly,,,Anti-Diabetic
8212,14841,Toplap Gel,,224.11,Anti-Diabetic
8213,14842,Fidonal Cream,,255,Anti-Diabetic
8214,14843,Vigora Spray,,,Anti-Diabetic
8215,14844,Lidocam Chewable Tablet,Tablet,84.15,Anti-Diabetic
8216,14845,Xylocaine 5% Ointment,,59.9,Anti-Diabetic
8217,14846,Anorelief Cream,,119,Anti-Diabetic
8218,14847,Xylocaine Spray,,,Anti-Diabetic
8219,14848,Anawin Heavy 5mg Injection,Injection,,Anti-Diabetic
8220,14849,Lignocad Gel,,,Anti-Diabetic
8221,14850,Xylocaine 2% Injection,Injection,29.32,Anti-Diabetic
8222,14851,Prilox Cream,,570.35,Anti-Diabetic
8223,14852,Xylocaine Viscous Solution,Solution,159.33,Anti-Diabetic
8224,14853,Nifecaine Cream,,118.74,Anti-Diabetic
8225,14854,Lox 10% Spray,,,Anti-Diabetic
8226,14855,Lox 2% Injection,Injection,27.12,Anti-Diabetic
8227,14856,Dentakind-L Gum Astringent,,,Anti-Diabetic
8228,14857,Lox 5% Ointment,,,Anti-Diabetic
8229,14858,Lidayn Topical Aerosol Mint,,243,Anti-Diabetic
8230,14859,Nevlon Anti-Itch Cream,,,Anti-Diabetic
8231,14860,Suhagra Duralong Spray,,,Anti-Diabetic
8232,14861,Numbex Cream,,176,Anti-Diabetic
8233,14862,Biosore Gel,,,Anti-Diabetic
8234,14863,Anawin 0.5% Injection,Injection,,Anti-Diabetic
8235,14864,Lignox 2% Gel,,,Anti-Diabetic
8236,14865,Lidocam Mouth Wash,,,Anti-Diabetic
8237,14866,Lignocaine 4% Cream,,,Anti-Diabetic
8238,14867,Xylocard 2% Injection,Injection,36.55,Anti-Diabetic
8239,14868,Anomed L Cream,,95.62,Anti-Diabetic
8240,14869,Xylocaine Adrenaline 2% Injection,Injection,29.32,Anti-Diabetic
8241,14870,Nummit Spray Fresh Mint,,278.3,Anti-Diabetic
8242,14871,Febutaz 40 Tablet,Tablet,101.15,Anti-Diabetic
8243,14872,Zyloric Tablet,Tablet,17.98,Anti-Diabetic
8244,14873,Febuget 40 Tablet,Tablet,101.15,Anti-Diabetic
8245,14874,Febustat 40 Tablet,Tablet,104.72,Anti-Diabetic
8246,14875,Goutnil 0.5mg Tablet,Tablet,28.94,Anti-Diabetic
8247,14876,Zycolchin Tablet,Tablet,29.46,Anti-Diabetic
8248,14877,Feburic 40 Tablet,Tablet,99.45,Anti-Diabetic
8249,14878,Furic 40mg Tablet,Tablet,163.84,Anti-Diabetic
8250,14879,Zyloric 300 Tablet,Tablet,70.97,Anti-Diabetic
8251,14880,Ubexa 40 Tablet,Tablet,114.92,Anti-Diabetic
8252,14881,Foxstat 40 Tablet,Tablet,95.2,Anti-Diabetic
8253,14882,Febumac 40 Tablet,Tablet,100.98,Anti-Diabetic
8254,14883,FBX 40 Tablet,Tablet,84.15,Anti-Diabetic
8255,14884,Febutaz 80 Tablet,Tablet,164.05,Anti-Diabetic
8256,14885,Zurig 40 Tablet,Tablet,304.16,Anti-Diabetic
8257,14886,Colochicine 0.5mg Tablet,Tablet,8.99,Anti-Diabetic
8258,14887,Febustat 80 Tablet,Tablet,179.77,Anti-Diabetic
8259,14888,Febucip 40 Tablet,Tablet,106.9,Anti-Diabetic
8260,14889,Febutax 40 Tablet,Tablet,76.5,Anti-Diabetic
8261,14890,Feburic 80 Tablet,Tablet,149.6,Anti-Diabetic
8262,14891,Febuget 80 Tablet,Tablet,164.05,Anti-Diabetic
8263,14892,Febzeal 40 Tablet,Tablet,49.3,Anti-Diabetic
8264,14893,Feboxa 40 Tablet,Tablet,110.5,Anti-Diabetic
8265,14894,Febuday 40 Tablet,Tablet,72.07,Anti-Diabetic
8266,14895,Febugood 40 Tablet,Tablet,94.6,Anti-Diabetic
8267,14896,Zurig 80 Tablet,Tablet,517.56,Anti-Diabetic
8268,14897,Febuxor 40 Tablet,Tablet,98.6,Anti-Diabetic
8269,14898,Fabulas 40 Tablet,Tablet,107.95,Anti-Diabetic
8270,14899,Febuset 40 Tablet,Tablet,79.9,Anti-Diabetic
8271,14900,Febumac 80 Tablet,Tablet,157.08,Anti-Diabetic
8272,14901,Fbt 40 Tablet,Tablet,65.45,Anti-Diabetic
8273,14902,Bencid Tablet,Tablet,43.77,Anti-Diabetic
8274,14903,Urinorm 40mg Tablet,Tablet,68,Anti-Diabetic
8275,14904,Zyrik 100 Tablet,Tablet,18.47,Anti-Diabetic
8276,14905,Feburic 20 Tablet,Tablet,,Anti-Diabetic
8277,14906,Fubox 40 Tablet,Tablet,130.05,Anti-Diabetic
8278,14907,Furic 80mg Tablet,Tablet,149.47,Anti-Diabetic
8279,14908,Chymoral Forte Tablet,Tablet,328.02,Anti-Diabetic
8280,14909,Enzoflam Tablet,Tablet,112.2,Anti-Diabetic
8281,14910,Myospaz Forte Tablet,Tablet,217.6,Anti-Diabetic
8282,14911,Intagesic-MR Tablet,Tablet,73.54,Anti-Diabetic
8283,14912,Mobizox Tablet,Tablet,153,Anti-Diabetic
8284,14913,Enzomac Plus Tablet,Tablet,198.22,Anti-Diabetic
8285,14914,Cip-Zox Tablet,Tablet,56.95,Anti-Diabetic
8286,14915,Enzomac Tablet,Tablet,174.25,Anti-Diabetic
8287,14916,Phlogam Tablet,Tablet,187,Anti-Diabetic
8288,14917,Chymoral Forte-DS Tablet,Tablet,282.88,Anti-Diabetic
8289,14918,Esgipyrin SP Tablet,Tablet,110.05,Anti-Diabetic
8290,14919,Disperzyme Tablet,Tablet,552.5,Anti-Diabetic
8291,14920,Powergesic MR Tablet,Tablet,124.74,Anti-Diabetic
8292,14921,Enzomac Forte Tablet,Tablet,371.45,Anti-Diabetic
8293,14922,Flozen-Plus Tablet,Tablet,75.05,Anti-Diabetic
8294,14923,D Fresh MR 250mg/50mg/325mg Tablet,Tablet,42.5,Anti-Diabetic
8295,14924,Dan-MR Tablet,Tablet,34,Anti-Diabetic
8296,14925,Rutoheal Tablet,Tablet,177.65,Anti-Diabetic
8297,14926,Chymoral-BR  Tablet,Tablet,191.59,Anti-Diabetic
8298,14927,Enzoflam-CT Tablet,Tablet,216.75,Anti-Diabetic
8299,14928,Rutoheal-D Tablet,Tablet,195.5,Anti-Diabetic
8300,14929,Seradic-P Tablet,Tablet,83.68,Anti-Diabetic
8301,14930,Ebility Tablet,Tablet,115.9,Anti-Diabetic
8302,14931,Lyser Forte Tablet,Tablet,104.55,Anti-Diabetic
8303,14932,Zymoflam D Tablet,Tablet,196.56,Anti-Diabetic
8304,14933,Enzoheal Tablet,Tablet,174.25,Anti-Diabetic
8305,14934,Powergesic Tablet,Tablet,99.45,Anti-Diabetic
8306,14935,Orthodex MR Tablet,Tablet,79.05,Anti-Diabetic
8307,14936,Tibrolin Tablet,Tablet,185.77,Anti-Diabetic
8308,14937,Diclogesic-SP  Tablet,Tablet,64.17,Anti-Diabetic
8309,14938,K-Trip Forte Tablet,Tablet,86.49,Anti-Diabetic
8310,14939,Lobak  Tablet,Tablet,56.1,Anti-Diabetic
8311,14940,Zinase-DP Tablet,Tablet,113.9,Anti-Diabetic
8312,14941,Chymoral Tablet,Tablet,,Anti-Diabetic
8313,14942,Enzictra Tablet,Tablet,213.77,Anti-Diabetic
8314,14943,Flamar MX Tablet,Tablet,72.25,Anti-Diabetic
8315,14944,Sistal Forte Tablet,Tablet,136,Anti-Diabetic
8316,14945,Zymoflam Tablet,Tablet,174.97,Anti-Diabetic
8317,14946,Meftal-Spas Tablet,Tablet,35.7,Anti-Diabetic
8318,14947,Zerodol-SP Tablet,Tablet,83.17,Anti-Diabetic
8319,14948,Combiflam Tablet,Tablet,32.36,Anti-Diabetic
8320,14949,Zerodol-P Tablet,Tablet,46.71,Anti-Diabetic
8321,14950,Flexon Tablet,Tablet,20.44,Anti-Diabetic
8322,14951,Sumo Tablet,Tablet,96.47,Anti-Diabetic
8323,14952,Mucinac 600 Orange Sugar Free Effervescent Tablet,Tablet,206.17,Anti-Diabetic
8324,14953,Zerodol Tablet,Tablet,39.78,Anti-Diabetic
8325,14954,Nise Tablet,Tablet,76.07,Anti-Diabetic
8326,14955,Hifenac-P Tablet,Tablet,64.6,Anti-Diabetic
8327,14956,Nucoxia MR Tablet,Tablet,203.57,Anti-Diabetic
8328,14957,Flexon MR Tablet,Tablet,17.04,Anti-Diabetic
8329,14958,Meftal-Forte Tablet,Tablet,34,Anti-Diabetic
8330,14959,Zerodol TH 4 Tablet,Tablet,154.27,Anti-Diabetic
8331,14960,Signoflam Tablet,Tablet,87.55,Anti-Diabetic
8332,14961,Naxdom 500 Tablet,Tablet,67.15,Anti-Diabetic
8333,14962,Ibugesic Plus Strawberry Oral Suspension,Suspension,31.88,Anti-Diabetic
8334,14963,Nicip Tablet,Tablet,33.57,Anti-Diabetic
8335,14964,Myospaz Tablet,Tablet,100.72,Anti-Diabetic
8336,14965,Zerodol-MR Tablet,Tablet,73.48,Anti-Diabetic
8337,14966,Dynapar Tablet,Tablet,54.83,Anti-Diabetic
8338,14967,Nicip Plus Tablet,Tablet,52.7,Anti-Diabetic
8339,14968,Meftal 500 Tablet,Tablet,22.1,Anti-Diabetic
8340,14969,Etoshine MR Tablet,Tablet,195.5,Anti-Diabetic
8341,14970,Altraday Capsule SR,Capsule,95.2,Anti-Diabetic
8342,14971,Nimesulide 100mg Tablet,Tablet,20.4,Anti-Diabetic
8343,14972,Diclomol Tablet,Tablet,65.87,Anti-Diabetic
8344,14973,Naxdom 250 Tablet,Tablet,49.3,Anti-Diabetic
8345,14974,Indocap SR Capsule,Capsule,97.75,Anti-Diabetic
8346,14975,Hifenac-MR Tablet,Tablet,60.35,Anti-Diabetic
8347,14976,Chymoral Plus Tablet,Tablet,139.87,Anti-Diabetic
8348,14977,Meftal-P Suspension,Suspension,28.48,Anti-Diabetic
8349,14978,Flexura D Tablet,Tablet,147.9,Anti-Diabetic
8350,14979,Lyser D Tablet,Tablet,,Anti-Diabetic
8351,14980,Diclofenac Sodium & Paracetamol 50mg/500mg Tablet,Tablet,49.54,Anti-Diabetic
8352,14981,Fenak Plus Tablet,Tablet,21.33,Anti-Diabetic
8353,14982,Diclowin Plus Tablet,Tablet,17,Anti-Diabetic
8354,14983,Zerodol -CR Tablet,Tablet,64.39,Anti-Diabetic
8355,14984,Emanzen-D Tablet,Tablet,148.41,Anti-Diabetic
8356,14985,Neorelax MR Tablet,Tablet,164.9,Anti-Diabetic
8357,14986,Osteofos 70 Tablet,Tablet,199.67,Anti-Diabetic
8358,14987,Idrofos 150 Tablet,Tablet,641.75,Anti-Diabetic
8359,14988,Gemcal Nasal Spray,,1691.5,Anti-Diabetic
8360,14989,Olimab 60mg Injection,Injection,17000,Anti-Diabetic
8361,14990,Risofos 35 Tablet,Tablet,181.39,Anti-Diabetic
8362,14991,Gemfos Tablet,Tablet,246.5,Anti-Diabetic
8363,14992,Calcinase Nasal Spray,,1437.32,Anti-Diabetic
8364,14993,Zoldonat 4mg Injection,Injection,1529,Anti-Diabetic
8365,14994,Gemitrol NS Nasal Solution,Solution,1578.07,Anti-Diabetic
8366,14995,Osteofos 35 Tablet,Tablet,109.17,Anti-Diabetic
8367,14996,Fosavance  70 mg/5600 IU Tablet,Tablet,488.75,Anti-Diabetic
8368,14997,Alensol-D Tablet,Tablet,206.55,Anti-Diabetic
8369,14998,Bandrone 150 Tablet,Tablet,140.16,Anti-Diabetic
8370,14999,Calcispray Nasal Spray,,1791.71,Anti-Diabetic
8371,15000,Flurish Tablet,Tablet,199.15,Anti-Diabetic
8372,15001,Zoldria Injection,Injection,2553,Anti-Diabetic
8373,15002,Prolia Solution for Injection,Injection,18900,Anti-Diabetic
8374,15003,Newbona Jelly,,72.25,Anti-Diabetic
8375,15004,Ostium K2 Kit,,398.65,Anti-Diabetic
8376,15005,Stoplos A Plus Tablet Lemon,Tablet,116.79,Anti-Diabetic
8377,15006,Ostospray,,1073.55,Anti-Diabetic
8378,15007,Gemidro Tablet,Tablet,300.05,Anti-Diabetic
8379,15008,Risofos 150 Tablet,Tablet,201.96,Anti-Diabetic
8380,15009,Xgeva Solution for Injection,Injection,25908,Anti-Diabetic
8381,15010,Calnasal Nasal Spray,,1428,Anti-Diabetic
8382,15011,Iban Plus Tablet,Tablet,168.3,Anti-Diabetic
8383,15012,Rozel Injection,Injection,17000,Anti-Diabetic
8384,15013,Calspray Nasal Solution,Solution,1347.25,Anti-Diabetic
8385,15014,Bifosa 70 Tablet,Tablet,151.16,Anti-Diabetic
8386,15015,Zolasta 4mg Injection,Injection,3056.83,Anti-Diabetic
8387,15016,Rokfos Solution for infusion,Solution,2758.25,Anti-Diabetic
8388,15017,Aclasta 5mg/100ml Infusion,,20492,Anti-Diabetic
8389,15018,BMD RISE 200IU Nasal Spray,,1436.5,Anti-Diabetic
8390,15019,Stoplos One 5mg/100ml Infusion,,,Anti-Diabetic
8391,15020,Zobone 4mg Injection,Injection,,Anti-Diabetic
8392,15021,Unicalcin 100IU Injection,Injection,172.97,Anti-Diabetic
8393,15022,Zolephos 5mg/100ml Infusion,,3085.5,Anti-Diabetic
8394,15023,Alendrate 70mg Tablet,Tablet,,Anti-Diabetic
8395,15024,Miacalcic Nasal 200,,1356.6,Anti-Diabetic
8396,15025,Zoltero 4mg Injection,Injection,,Anti-Diabetic
8397,15026,Liofen 10 Tablet,Tablet,95.58,Anti-Diabetic
8398,15027,Myoril 4mg Capsule,Capsule,185.43,Anti-Diabetic
8399,15028,Myotop 150 Tablet,Tablet,100.34,Anti-Diabetic
8400,15029,Myoril 8mg Capsule,Capsule,312.76,Anti-Diabetic
8401,15030,Flexabenz Plus Tablet SR,Tablet,176.71,Anti-Diabetic
8402,15031,Epidosin Injection,Injection,20.2,Anti-Diabetic
8403,15032,Tizan 2 Tablet,Tablet,111.35,Anti-Diabetic
8404,15033,Baclof 10 Tablet,Tablet,95.68,Anti-Diabetic
8405,15034,Myotop-P Tablet,Tablet,126.22,Anti-Diabetic
8406,15035,Sirdalud 2mg Tablet,Tablet,104.63,Anti-Diabetic
8407,15036,Tolperitas 150 Tablet,Tablet,98.6,Anti-Diabetic
8408,15037,Myotop 450 SR Tablet,Tablet,180.67,Anti-Diabetic
8409,15038,Flexabenz Tablet,Tablet,86.7,Anti-Diabetic
8410,15039,Myosone Plus Tablet,Tablet,58.9,Anti-Diabetic
8411,15040,Myoril Injection,Injection,42.89,Anti-Diabetic
8412,15041,Tolperitas-D Tablet,Tablet,155.55,Anti-Diabetic
8413,15042,Liofen XL 10 Capsule,Capsule,147.9,Anti-Diabetic
8414,15043,Skelebenz 15 Capsule ER,Capsule,176.37,Anti-Diabetic
8415,15044,Myosone SR Tablet,Tablet,203.15,Anti-Diabetic
8416,15045,Spinobak 10 Tablet,Tablet,54.99,Anti-Diabetic
8417,15046,Tolifast 150 Tablet,Tablet,117.47,Anti-Diabetic
8418,15047,Liofen XL 20 Capsule,Capsule,232.9,Anti-Diabetic
8419,15048,Myotop-DSR Tablet,Tablet,155.97,Anti-Diabetic
8420,15049,Baclof OD 20 Tablet ER,Tablet,220.15,Anti-Diabetic
8421,15050,Tolifast D Tablet,Tablet,178.46,Anti-Diabetic
8422,15051,Myosone Tablet,Tablet,85,Anti-Diabetic
8423,15052,Myoset Capsule SR,Capsule,160.65,Anti-Diabetic
8424,15053,Liofen 5 Tablet,Tablet,49.27,Anti-Diabetic
8425,15054,Tolkem-D 150mg/50mg Tablet,Tablet,126.65,Anti-Diabetic
8426,15055,Flexura 400 Tablet,Tablet,109.22,Anti-Diabetic
8427,15056,Tolkem Tablet,Tablet,117.3,Anti-Diabetic
8428,15057,Lioresal 10 Tablet,Tablet,88.82,Anti-Diabetic
8429,15058,Tolpidol D Tablet,Tablet,122.39,Anti-Diabetic
8430,15059,Robinax 500mg Tablet,Tablet,83.08,Anti-Diabetic
8431,15060,Miofree 4 Capsule,Capsule,133.87,Anti-Diabetic
8432,15061,Tolperitas-SR 450 Tablet,Tablet,306.85,Anti-Diabetic
8433,15062,Synaptol SR 150 Tablet,Tablet,109.22,Anti-Diabetic
8434,15063,Sucol Injection,Injection,42.07,Anti-Diabetic
8435,15064,Flexabenz ER Capsule,Capsule,147.9,Anti-Diabetic
8436,15065,Rapisone-D SR Capsule,Capsule,148.2,Anti-Diabetic
8437,15066,Neovec 10mg Injection,Injection,247.35,Anti-Diabetic
8438,15067,Artacil 25mg/ml Injection,Injection,120.7,Anti-Diabetic
8439,15068,Neovec 4mg Injection,Injection,114.75,Anti-Diabetic
8440,15069,Atracurium Besilate Injection,Injection,157.51,Anti-Diabetic
8441,15070,Artacil 100mg/ml Injection,Injection,414.76,Anti-Diabetic
8442,15071,Atrapure 25mg/ml Injection,Injection,110.34,Anti-Diabetic
8443,15072,Atacurium 50mg Injection,Injection,226.39,Anti-Diabetic
8444,15073,Artacil 10mg/ml Injection,Injection,103.08,Anti-Diabetic
8445,15074,Artacil 50mg Injection,Injection,110.5,Anti-Diabetic
8446,15075,Neocuron Injection,Injection,30.26,Anti-Diabetic
8447,15076,Cisatra Injection,Injection,345.95,Anti-Diabetic
8448,15077,Rocunium 50mg Injection,Injection,402.05,Anti-Diabetic
8449,15078,Pavulon 2mg Injection,Injection,,Anti-Diabetic
8450,15079,Cisblok 10mg Injection,Injection,335.75,Anti-Diabetic
8451,15080,Vecuron 10mg Injection,Injection,137.7,Anti-Diabetic
8452,15081,Pancuronium Bromide 2mg Injection,Injection,17.93,Anti-Diabetic
8453,15082,Atrapure 50mg Injection,Injection,232.58,Anti-Diabetic
8454,15083,Rocunium 100mg Injection,Injection,637.5,Anti-Diabetic
8455,15084,Arium 25mg/ml Injection,Injection,107.44,Anti-Diabetic
8456,15085,Kabitran Injection,Injection,138.94,Anti-Diabetic
8457,15086,Samvec 4mg Injection,Injection,72.47,Anti-Diabetic
8458,15087,Atacurium 25mg/ml Injection,Injection,113.19,Anti-Diabetic
8459,15088,Esmeron 50mg Injection,Injection,353.6,Anti-Diabetic
8460,15089,Zyvec 10 Injection,Injection,153.11,Anti-Diabetic
8461,15090,Norcuron 4mg Injection,Injection,,Anti-Diabetic
8462,15091,Rocsur 50mg Injection,Injection,170,Anti-Diabetic
8463,15092,Troyvec 10mg Injection,Injection,252.45,Anti-Diabetic
8464,15093,Atrapure 100mg/ml Injection,Injection,447.55,Anti-Diabetic
8465,15094,Succin Injection,Injection,70.38,Anti-Diabetic
8466,15095,Crimat 25mg/ml Injection,Injection,100.3,Anti-Diabetic
8467,15096,Neovec 20mg Injection,Injection,365.5,Anti-Diabetic
8468,15097,Midarine 100mg Injection,Injection,8.19,Anti-Diabetic
8469,15098,Kabivec 10mg Injection,Injection,222.61,Anti-Diabetic
8470,15099,Tracrium 25mg/ml Injection,Injection,,Anti-Diabetic
8471,15100,Kabiroc 10mg Injection,Injection,293.25,Anti-Diabetic
8472,15101,Roger 10mg Injection,Injection,256.22,Anti-Diabetic
8473,15102,Acris 10mg/ml Injection,Injection,109.65,Anti-Diabetic
8474,15103,Troycurium Injection,Injection,112.25,Anti-Diabetic
8475,15104,Tapal-ER 50 Tablet,Tablet,,Anti-Diabetic
8476,15105,Tydol 50 Tablet,Tablet,,Anti-Diabetic
8477,15106,Spasmo-Proxyvon T Plus Capsule,Capsule,,Anti-Diabetic
8478,15107,Hitap-ER 50 Tablet,Tablet,,Anti-Diabetic
8479,15108,Vermor 10mg Tablet,Tablet,,Anti-Diabetic
8480,15109,Tapfree ER 50 Tablet,Tablet,,Anti-Diabetic
8481,15110,Tapenax ER 50 Tablet,Tablet,,Anti-Diabetic
8482,15111,Tapal 50 Tablet,Tablet,,Anti-Diabetic
8483,15112,Butrum 2mg Injection,Injection,,Anti-Diabetic
8484,15113,Tapal-ER 100 Tablet,Tablet,,Anti-Diabetic
8485,15114,Tydol 100 Tablet,Tablet,,Anti-Diabetic
8486,15115,Fent 50mcg Injection,Injection,,Anti-Diabetic
8487,15116,Durogesic 25mcg Patch,,,Anti-Diabetic
8488,15117,Butodol 1mg Injection,Injection,,Anti-Diabetic
8489,15118,Morphitroy 10mg Tablet,Tablet,,Anti-Diabetic
8490,15119,Vermor 10 Injection,Injection,,Anti-Diabetic
8491,15120,Nacphin Injection,Injection,,Anti-Diabetic
8492,15121,Morcon Tablet,Tablet,,Anti-Diabetic
8493,15122,Butrum 1mg Injection,Injection,,Anti-Diabetic
8494,15123,Nalfy 10mg Injection,Injection,,Anti-Diabetic
8495,15124,Tapfree 100 Tablet ER,Tablet,,Anti-Diabetic
8496,15125,Fendrop 25mcg Patch,,,Anti-Diabetic
8497,15126,Hitap-ER 100 Tablet,Tablet,,Anti-Diabetic
8498,15127,Tapal 100 Tablet,Tablet,,Anti-Diabetic
8499,15128,Fenstud 50mcg Injection,Injection,,Anti-Diabetic
8500,15129,Trofentyl 50mcg Injection,Injection,,Anti-Diabetic
8501,15130,Durogesic 50mcg Patch,,,Anti-Diabetic
8502,15131,Morcontin 10mg Tablet,Tablet,,Anti-Diabetic
8503,15132,Vorth TP 50mg Tablet,Tablet,,Anti-Diabetic
8504,15133,Verfen Injection,Injection,,Anti-Diabetic
8505,15134,Tapencet 50mg Tablet ER,Tablet,,Anti-Diabetic
8506,15135,Butodol 2mg Injection,Injection,,Anti-Diabetic
8507,15136,Dol Proxyvon 50mg Tablet ER,Tablet,,Anti-Diabetic
8508,15137,Morcontin 30mg Tablet CR,Tablet,,Anti-Diabetic
8509,15138,Katridol 100 Tablet,Tablet,,Anti-Diabetic
8510,15139,Verpat 50mg Injection,Injection,,Anti-Diabetic
8511,15140,Pethitroy 50mg Injection,Injection,,Anti-Diabetic
8512,15141,Tapenax 100mg Tablet ER,Tablet,,Anti-Diabetic
8513,15142,DURAMOR 10MG TABLET,Tablet,,Anti-Diabetic
8514,15143,Duovolt 50mg Tablet ER,Tablet,,Anti-Diabetic
8515,15144,Dolo 650 Tablet,Tablet,30.74,Anti-Diabetic
8516,15145,Calpol 500mg Tablet,Tablet,14.96,Anti-Diabetic
8517,15146,Calpol 650mg Tablet,Tablet,30.74,Anti-Diabetic
8518,15147,Lanol ER Tablet,Tablet,19.9,Anti-Diabetic
8519,15148,Dart Tablet,Tablet,,Anti-Diabetic
8520,15149,Dolopar 650 Tablet,Tablet,30.74,Anti-Diabetic
8521,15150,P 650 Tablet,Tablet,20.16,Anti-Diabetic
8522,15151,Crocin Advance Tablet,Tablet,,Anti-Diabetic
8523,15152,Calpol Paediatric Drops,,27.04,Anti-Diabetic
8524,15153,Paracip 500 Tablet,Tablet,9.97,Anti-Diabetic
8525,15154,Paracip 650 Tablet,Tablet,20.49,Anti-Diabetic
8526,15155,Pyrigesic 650 Tablet,Tablet,20.5,Anti-Diabetic
8527,15156,Tramazac Capsule,Capsule,,Anti-Diabetic
8528,15157,Dolo 500 Tablet,Tablet,15.29,Anti-Diabetic
8529,15158,P 500 Tablet,Tablet,15.29,Anti-Diabetic
8530,15159,Sumo L 650 Tablet,Tablet,30.74,Anti-Diabetic
8531,15160,Calpol 250mg Peadiatric Oral Suspension,Suspension,39.95,Anti-Diabetic
8532,15161,T-98 Paediatric Drops,,27.03,Anti-Diabetic
8533,15162,Pacimol 650 Tablet,Tablet,30.8,Anti-Diabetic
8534,15163,Xykaa Rapid 650 Tablet,Tablet,20.14,Anti-Diabetic
8535,15164,Tramadol Hydrochloride 50mg Injection,Injection,,Anti-Diabetic
8536,15165,Fepanil 650 Tablet,Tablet,,Anti-Diabetic
8537,15166,Calpol 120mg Suspension,Suspension,35.36,Anti-Diabetic
8538,15167,Paracetamol 500mg Tablet,Tablet,,Anti-Diabetic
8539,15168,Pyrigesic 1000 Tablet,Tablet,29,Anti-Diabetic
8540,15169,Sumo L DS Suspension,Suspension,40.32,Anti-Diabetic
8541,15170,Fortwin 1ml Injection,Injection,,Anti-Diabetic
8542,15171,Pacimol 500 Tablet,Tablet,15.29,Anti-Diabetic
8543,15172,Dolo 250 Oral Suspension,Suspension,40.32,Anti-Diabetic
8544,15173,Fortwin 30mg Injection,Injection,,Anti-Diabetic
8545,15174,PCM Tablet,Tablet,16.19,Anti-Diabetic
8546,15175,P 120 Suspension,Suspension,35.62,Anti-Diabetic
8547,15176,Sumo L Drops,,27.04,Anti-Diabetic
8548,15177,Babygesic Drops Orange,,19.85,Anti-Diabetic
8549,15178,Ramcet D Tablet,Tablet,,Anti-Diabetic
8550,15179,Metacin Tablet,Tablet,,Anti-Diabetic
8551,15180,Contramal DT 50mg Tablet,Tablet,,Anti-Diabetic
8552,15181,Fevastin Injection,Injection,11.81,Anti-Diabetic
8553,15182,Macfast 500 Tablet,Tablet,10.14,Anti-Diabetic
8554,15183,Orcerin GM Tablet,Tablet,184.45,Anti-Diabetic
8555,15184,Jointace DN Tablet,Tablet,284.75,Anti-Diabetic
8556,15185,Lubrijoint 500 Tablet,Tablet,341.5,Anti-Diabetic
8557,15186,Cartigen 1500 Tablet,Tablet,,Anti-Diabetic
8558,15187,Mega FreeFlex Joint Health Tablet,Tablet,391,Anti-Diabetic
8559,15188,Lubrijoint OD Tablet,Tablet,375,Anti-Diabetic
8560,15189,Cartigen DN  Tablet,Tablet,205.7,Anti-Diabetic
8561,15190,Dycerin GM Tablet,Tablet,232.6,Anti-Diabetic
8562,15191,Osicare-DS Tablet,Tablet,60,Anti-Diabetic
8563,15192,Ostovit DM  Tablet,Tablet,97.75,Anti-Diabetic
8564,15193,Glucozone  Tablet,Tablet,123.25,Anti-Diabetic
8565,15194,Kondro OD Tablet,Tablet,150.1,Anti-Diabetic
8566,15195,Softvisc Lubricant Eye Drop,,195.5,Anti-Diabetic
8567,15196,Lupoxa OD Tablet SR,Tablet,359.55,Anti-Diabetic
8568,15197,Lupoxa Capsule,Capsule,224.82,Anti-Diabetic
8569,15198,Lubrijoint 750 Tablet,Tablet,358,Anti-Diabetic
8570,15199,Lubrijoint Activ Tablet,Tablet,560.49,Anti-Diabetic
8571,15200,Bionect Cream,,136,Anti-Diabetic
8572,15201,Jointace OD Tablet,Tablet,260,Anti-Diabetic
8573,15202,Hyalgan Injection,Injection,1485.8,Anti-Diabetic
8574,15203,Flexaid D Tablet,Tablet,143.65,Anti-Diabetic
8575,15204,Hyalone Injection,Injection,,Anti-Diabetic
8576,15205,Tendolife Capsule,Capsule,224.36,Anti-Diabetic
8577,15206,Synvisc Hylan GF 20mg Injection,Injection,15292.35,Anti-Diabetic
8578,15207,Cartimost-Gm Tablet,Tablet,143.65,Anti-Diabetic
8579,15208,Artilage  Tablet,Tablet,170.85,Anti-Diabetic
8580,15209,Joincerin M  Tablet,Tablet,160.05,Anti-Diabetic
8581,15210,Oxuba OD Tablet SR,Tablet,428.31,Anti-Diabetic
8582,15211,Trueceprol OD Tablet SR,Tablet,359.04,Anti-Diabetic
8583,15212,Cartisafe D Tablet,Tablet,173.4,Anti-Diabetic
8584,15213,Oasoft Tablet,Tablet,273.27,Anti-Diabetic
8585,15214,Nurokind Ortho Tablet,Tablet,,Anti-Diabetic
8586,15215,Decerin CM Tablet,Tablet,196.35,Anti-Diabetic
8587,15216,Wakfree Tablet,Tablet,90.1,Anti-Diabetic
8588,15217,Durolane 20mg Injection,Injection,15257.5,Anti-Diabetic
8589,15218,Jointflex Tablet,Tablet,,Anti-Diabetic
8590,15219,Fitjoint gm Tablet,Tablet,,Anti-Diabetic
8591,15220,Walk ON Tablet,Tablet,140.25,Anti-Diabetic
8592,15221,Mimod Tablet,Tablet,200.6,Anti-Diabetic
8593,15222,Aprezo Tablet,Tablet,229.5,Anti-Diabetic
8594,15223,Lefno 20 Tablet,Tablet,185.45,Anti-Diabetic
8595,15224,Lefra 20 Tablet,Tablet,185.34,Anti-Diabetic
8596,15225,Lefno 10 Tablet,Tablet,95.02,Anti-Diabetic
8597,15226,Lefra 10 Tablet,Tablet,94.99,Anti-Diabetic
8598,15227,Redimard 25mg Tablet,Tablet,191.25,Anti-Diabetic
8599,15228,Olumiant 4mg Tablet,Tablet,17972.4,Anti-Diabetic
8600,15229,Xeljanz 5mg Tablet,Tablet,61344,Anti-Diabetic
8601,15230,Remicade Injection,Injection,36039,Anti-Diabetic
8602,15231,Rumalef 20 Tablet,Tablet,406.3,Anti-Diabetic
8603,15232,Aprezo 10 Tablet,Tablet,64.6,Anti-Diabetic
8604,15233,Apraize 30mg Tablet,Tablet,233.67,Anti-Diabetic
8605,15234,Aplex 30mg Tablet,Tablet,168.3,Anti-Diabetic
8606,15235,Infimab Injection,Injection,27200,Anti-Diabetic
8607,15236,Aprezo 20 Tablet,Tablet,74.8,Anti-Diabetic
8608,15237,Apraize 10 Tablet,Tablet,55.67,Anti-Diabetic
8609,15238,Apxenta Tablet,Tablet,200.6,Anti-Diabetic
8610,15239,Lefumide 20 Tablet,Tablet,182.02,Anti-Diabetic
8611,15240,Rumalef 10 Tablet,Tablet,206.97,Anti-Diabetic
8612,15241,Lefumide 10 Tablet,Tablet,93.3,Anti-Diabetic
8613,15242,Apraize 20 Tablet,Tablet,74.37,Anti-Diabetic
8614,15243,Dolestin 500 Tablet,Tablet,373,Anti-Diabetic
8615,15244,Pravy 30mg Tablet,Tablet,233.75,Anti-Diabetic
8616,15245,Apxenta 10 Tablet,Tablet,51,Anti-Diabetic
8617,15246,Alizap 30mg Tablet,Tablet,212.5,Anti-Diabetic
8618,15247,Leflunomide 20mg Tablet,Tablet,,Anti-Diabetic
8619,15248,Apremist 30mg Tablet,Tablet,175.31,Anti-Diabetic
8620,15249,Cleft 20 Tablet,Tablet,185.44,Anti-Diabetic
8621,15250,Arava 20mg Tablet,Tablet,485.43,Anti-Diabetic
8622,15251,Pdlast Tablet,Tablet,212.5,Anti-Diabetic
8623,15252,Lefuma  10mg Tablet,Tablet,92.39,Anti-Diabetic
8624,15253,Aprenext 30mg Tablet,Tablet,212.5,Anti-Diabetic
8625,15254,Riasis 30mg Tablet,Tablet,233.75,Anti-Diabetic
8626,15255,Dolestin 250 Tablet,Tablet,192,Anti-Diabetic
8627,15256,DM Lef 20 Tablet,Tablet,176.7,Anti-Diabetic
8628,15257,DM Lef 10mg Tablet,Tablet,91.11,Anti-Diabetic
8629,15258,Lefuma  20mg Tablet,Tablet,179.69,Anti-Diabetic
8630,15259,Cilamin 250 Capsule,Capsule,122.61,Anti-Diabetic
8631,15260,Intacept 50mg Injection,Injection,8831.5,Anti-Diabetic
8632,15261,Etacept 25mg Injection,Injection,5843.75,Anti-Diabetic
8633,15262,Enbrel 50mg Injection,Injection,,Anti-Diabetic
8634,15263,Intacept 25 Solution for Injection,Injection,4856.9,Anti-Diabetic
8635,15264,ENBREL 25 MG INJECTION,Injection,,Anti-Diabetic
8636,15265,Artamin 250mg Capsule,Capsule,117.09,Anti-Diabetic
8637,15266,Penicitin 250mg Capsule,Capsule,132.24,Anti-Diabetic
8638,15267,Artin 150mg Capsule,Capsule,76.5,Anti-Diabetic
8639,15268,Atrmin 250mg Capsule,Capsule,133.87,Anti-Diabetic
8640,15269,Artamin 150mg Capsule,Capsule,97.75,Anti-Diabetic
8641,15270,Aaramine 250 Capsule,Capsule,124.52,Anti-Diabetic
8642,15271,Enbrol 25mg Injection,Injection,24429,Anti-Diabetic
8643,15272,Dolonex DT 20mg Tablet,Tablet,151.64,Anti-Diabetic
8644,15273,Naprosyn 500 Tablet,Tablet,48.49,Anti-Diabetic
8645,15274,Brufen 400 Tablet,Tablet,9.85,Anti-Diabetic
8646,15275,Etoshine 90 Tablet,Tablet,109.22,Anti-Diabetic
8647,15276,Naprosyn Tablet,Tablet,27.79,Anti-Diabetic
8648,15277,Nucoxia 90 Tablet,Tablet,111.43,Anti-Diabetic
8649,15278,Dolonex Injection 2ml,Injection,205.27,Anti-Diabetic
8650,15279,Ugesic Tablet,Tablet,97.75,Anti-Diabetic
8651,15280,Retoz 90 Tablet,Tablet,107.99,Anti-Diabetic
8652,15281,Doloforce -DT Tablet,Tablet,48.53,Anti-Diabetic
8653,15282,Etoshine 60 Tablet,Tablet,90.95,Anti-Diabetic
8654,15283,Brufen 200 Tablet,Tablet,5.35,Anti-Diabetic
8655,15284,Pirox DT Tablet,Tablet,60.35,Anti-Diabetic
8656,15285,Nucoxia 120 Tablet,Tablet,157.85,Anti-Diabetic
8657,15286,Nucoxia 60 Tablet,Tablet,89.84,Anti-Diabetic
8658,15287,Ezact 90 Tablet,Tablet,119,Anti-Diabetic
8659,15288,Suganril Tablet,Tablet,78.2,Anti-Diabetic
8660,15289,Melonex Tablet,Tablet,27.31,Anti-Diabetic
8661,15290,Brufen 600 Tablet,Tablet,22.38,Anti-Diabetic
8662,15291,Mobicam 20mg Tablet DT,Tablet,50.02,Anti-Diabetic
8663,15292,Etorica 90 Tablet,Tablet,117.3,Anti-Diabetic
8664,15293,Etody 90 Tablet,Tablet,151.7,Anti-Diabetic
8665,15294,Etos 90 Tablet,Tablet,50.58,Anti-Diabetic
8666,15295,Etoshine 120 Tablet,Tablet,148.75,Anti-Diabetic
8667,15296,Dolonex Rapid 20mg Tablet,Tablet,115.73,Anti-Diabetic
8668,15297,Brutaflam 90mg Tablet,Tablet,82.13,Anti-Diabetic
8669,15298,Intacoxia 90 Tablet,Tablet,70.55,Anti-Diabetic
8670,15299,Ketorol Gel,,107.5,Anti-Diabetic
8671,15300,Etoxib 90 Tablet,Tablet,128.35,Anti-Diabetic
8672,15301,M-Cam 15mg Tablet,Tablet,39,Anti-Diabetic
8673,15302,Etrik 90 Tablet,Tablet,121.85,Anti-Diabetic
8674,15303,Retoz 60 Tablet,Tablet,90.23,Anti-Diabetic
8675,15304,Etrobax 90 Tablet,Tablet,119,Anti-Diabetic
8676,15305,Tantum Oral rinse,,,Anti-Diabetic
8677,15306,Maxtra Gargle,,110,Anti-Diabetic
8678,15307,Ezact 60 Tablet,Tablet,90.95,Anti-Diabetic
8679,15308,Ketoplast Plaster,,339.15,Anti-Diabetic
8680,15309,Doloxicam Tablet,Tablet,138.38,Anti-Diabetic
8681,15310,Etozox 90 Tablet,Tablet,113.05,Anti-Diabetic
8682,15311,Spirodin-AB Tablet,Tablet,125.8,Anti-Diabetic
8683,15312,Deriphyllin AX  Tablet SR,Tablet,76.97,Anti-Diabetic
8684,15313,Theodox AB 400mg/100mg Tablet,Tablet,119,Anti-Diabetic
8685,15314,Phyldox 400mg/100mg Tablet,Tablet,204,Anti-Diabetic
8686,15315,Eta Fote 30mg/100mg/2.5mg Tablet,Tablet,,Anti-Diabetic
8687,15316,Ambrozone ET 30mg/100mg/2.5mg Tablet,Tablet,32.3,Anti-Diabetic
8688,15317,Benadryl Syrup,,91.8,Anti-Diabetic
8689,15318,Pulmoclear  Tablet,Tablet,143.65,Anti-Diabetic
8690,15319,AB-Flo-N Tablet,Tablet,145.69,Anti-Diabetic
8691,15320,Grilinctus-L Oral Suspension,Suspension,91.26,Anti-Diabetic
8692,15321,Torex Cough Syrup,,84.15,Anti-Diabetic
8693,15322,Zeet Syrup,,86.44,Anti-Diabetic
8694,15323,Lupituss Oral Suspension,Suspension,101.06,Anti-Diabetic
8695,15324,Mucinac AB Tablet,Tablet,144.5,Anti-Diabetic
8696,15325,Broclear Tablet,Tablet,148.32,Anti-Diabetic
8697,15326,Rapitus Syrup Sugar Free,,76.5,Anti-Diabetic
8698,15327,Abiways Tablet,Tablet,123.05,Anti-Diabetic
8699,15328,Cofsils Cough Syrup,,80.75,Anti-Diabetic
8700,15329,AB Phylline N Tablet,Tablet,148.32,Anti-Diabetic
8701,15330,Pulmoclear  Syrup,,107.95,Anti-Diabetic
8702,15331,Tussin Dmr Tablet,Tablet,,Anti-Diabetic
8703,15332,Leekuf Tablet,Tablet,,Anti-Diabetic
8704,15333,Zerotuss Oral Suspension,Suspension,57.63,Anti-Diabetic
8705,15334,Phensedyl LR Oral Suspension,Suspension,98.84,Anti-Diabetic
8706,15335,Alex-L Mango Cough Syrup,,91.8,Anti-Diabetic
8707,15336,Lupituss CPM  Syrup,,119.17,Anti-Diabetic
8708,15337,Ascodex Cough Syrup,,19.65,Anti-Diabetic
8709,15338,Alkof Cofgel  Tablet,Tablet,,Anti-Diabetic
8710,15339,Brophyle-N Tablet,Tablet,135.15,Anti-Diabetic
8711,15340,Torex Tablet,Tablet,,Anti-Diabetic
8712,15341,Rapitus XT Syrup,,99.03,Anti-Diabetic
8713,15342,COF-RYL Cough Syrup,,70.12,Anti-Diabetic
8714,15343,Alex-L Mango Sugar Free Cough Syrup,,89.25,Anti-Diabetic
8715,15344,XL 90 Syrup,,,Anti-Diabetic
8716,15345,Lupituss SF Suspension,Suspension,107.86,Anti-Diabetic
8717,15346,Cosome Cough Syrup,,,Anti-Diabetic
8718,15347,Effenac AB Tablet,Tablet,135.57,Anti-Diabetic
8719,15348,E-Tag Syrup,,90.1,Anti-Diabetic
8720,15349,Ascodex Plus Syrup,,,Anti-Diabetic
8721,15350,Magnakof Syrup,,,Anti-Diabetic
8722,15351,Panthor DX Syrup,,78.2,Anti-Diabetic
8723,15352,Soventus-D Syrup,,,Anti-Diabetic
8724,15353,Dolotuss SF Oral Suspension Sugar Free,Suspension,80.75,Anti-Diabetic
8725,15354,Amucoe Nac Tablet,Tablet,132.6,Anti-Diabetic
8726,15355,Tossex Antitussive Cough Syrup,,,Anti-Diabetic
8727,15356,Corex T Cough Syrup,,,Anti-Diabetic
8728,15357,Codistar 4mg/10mg Syrup,,,Anti-Diabetic
8729,15358,Ascoril C  Syrup,,,Anti-Diabetic
8730,15359,Planokuf Syrup,,,Anti-Diabetic
8731,15360,Phensedyl T Syrup,,,Anti-Diabetic
8732,15361,Tossex T Syrup,,,Anti-Diabetic
8733,15362,Grilinctus CD Syrup,,,Anti-Diabetic
8734,15363,Phensedyl New Cough Linctus,,,Anti-Diabetic
8735,15364,Codistar T Syrup,,,Anti-Diabetic
8736,15365,Codylex T Syrup,,,Anti-Diabetic
8737,15366,Narcogin Forte Tablet,Tablet,,Anti-Diabetic
8738,15367,Magnatuss T Syrup,,,Anti-Diabetic
8739,15368,Dialex DC 4 mg/10 mg Syrup,,,Anti-Diabetic
8740,15369,Codine  4 mg/10 mg Syrup,,,Anti-Diabetic
8741,15370,Mits Lintus Codeinae Syrup,,,Anti-Diabetic
8742,15371,XL 80 4 mg/10 mg Tablet,Tablet,,Anti-Diabetic
8743,15372,M Codex Syrup,,,Anti-Diabetic
8744,15373,Codectuss TR Syrup,,,Anti-Diabetic
8745,15374,Codine Sulphate 15mg Tablet,Tablet,,Anti-Diabetic
8746,15375,Cophedrin Tablet,Tablet,,Anti-Diabetic
8747,15376,Topex-CD Syrup,,,Anti-Diabetic
8748,15377,Codeine Phosphate Linctus,,,Anti-Diabetic
8749,15378,Codex 4 mg/10 mg Expectorant,,,Anti-Diabetic
8750,15379,Rexcof 4 mg/10 mg Syrup,,,Anti-Diabetic
8751,15380,Oxymark CD Tablet,Tablet,,Anti-Diabetic
8752,15381,Histolate Tablet,Tablet,,Anti-Diabetic
8753,15382,Daslin CD 4 mg/10 mg Syrup,,,Anti-Diabetic
8754,15383,Ephrilime 7.5 mg/2 mg Syrup,,,Anti-Diabetic
8755,15384,Exiplon Syrup,,,Anti-Diabetic
8756,15385,Indikof C Syrup,,,Anti-Diabetic
8757,15386,Troycof TR Syrup,,,Anti-Diabetic
8758,15387,Phensedyl 4mg/10mg Expectorant,,,Anti-Diabetic
8759,15388,Leerex Syrup,,,Anti-Diabetic
8760,15389,Acicod 10mg Tablet,Tablet,,Anti-Diabetic
8761,15390,Glycodin Plus Syrup,,,Anti-Diabetic
8762,15391,Paracod Tablet,Tablet,,Anti-Diabetic
8763,15392,Codzi 4 mg/10 mg Syrup,,,Anti-Diabetic
8764,15393,Mit S Codeine Syrup,,,Anti-Diabetic
8765,15394,Benadryl DR Syrup,,86.7,Anti-Diabetic
8766,15395,Alex Cough Lozenges Lemon Ginger,,79.05,Anti-Diabetic
8767,15396,Tusq-D Orange Cough Lozenges,,38.25,Anti-Diabetic
8768,15397,Glycodin Syrup,,,Anti-Diabetic
8769,15398,Dmr 20mg Tablet,Tablet,38.25,Anti-Diabetic
8770,15399,Alex Cough Lozenges Sugar Free,,82.87,Anti-Diabetic
8771,15400,Tossex 12 Orange Oral Suspension,Suspension,90.51,Anti-Diabetic
8772,15401,Dmr Syrup,,72.95,Anti-Diabetic
8773,15402,Ascoril D 12 Orange Oral Suspension,Suspension,64.6,Anti-Diabetic
8774,15403,Lastuss LA Syrup,,30.6,Anti-Diabetic
8775,15404,New Benadryl DR Cough Lozenges Honey+Lemon,,38.25,Anti-Diabetic
8776,15405,Benz 100mg Capsule,Capsule,,Anti-Diabetic
8777,15406,Ascoril D Ginger Lozenges,,60.77,Anti-Diabetic
8778,15407,Benz Pearls Capsule,Capsule,,Anti-Diabetic
8779,15408,Benadryl DR Kids Syrup,,79.05,Anti-Diabetic
8780,15409,Lastuss-CT Tablet,Tablet,28.9,Anti-Diabetic
8781,15410,Tusq-D Honey lemon Cough Lozenges,,38.25,Anti-Diabetic
8782,15411,CHERICOF 5MG LOZENGES,,,Anti-Diabetic
8783,15412,Kofarest-DX Linctus,,58.41,Anti-Diabetic
8784,15413,Tusq-D Cough Lozenges Sugar Free,,35.7,Anti-Diabetic
8785,15414,Dmr 30mg Tablet,Tablet,60.35,Anti-Diabetic
8786,15415,Dmr 10mg Tablet,Tablet,22.1,Anti-Diabetic
8787,15416,Bricarex D 30mg/5ml Expectorant,,88.82,Anti-Diabetic
8788,15417,Tossex D 5mg Lozenges,,,Anti-Diabetic
8789,15418,Sudin D Syrup,,89.25,Anti-Diabetic
8790,15419,Aldryl Syrup,,10.51,Anti-Diabetic
8791,15420,Tussalyte Syrup,,66.3,Anti-Diabetic
8792,15421,Cof Q Lozenges,,10.3,Anti-Diabetic
8793,15422,Servil D Syrup,,50.83,Anti-Diabetic
8794,15423,Tusq-D Ginger Lozenges,,35.7,Anti-Diabetic
8795,15424,Cofstop-DX Syrup,,42.5,Anti-Diabetic
8796,15425,Kofrid D Syrup,,,Anti-Diabetic
8797,15426,Lupihist Plus Syrup,,23.37,Anti-Diabetic
8798,15427,Sinarest Linctus,,70.4,Anti-Diabetic
8799,15428,Bro Cofdex Plus Syrup,,59.5,Anti-Diabetic
8800,15429,Tusstat 15mg/5ml Syrup,,46.75,Anti-Diabetic
8801,15430,Nam Cold DX Syrup,,74.63,Anti-Diabetic
8802,15431,Mucobar Forte Tablet,Tablet,90.12,Anti-Diabetic
8803,15432,Foracort Inhaler 200,,304.94,Anti-Diabetic
8804,15433,Doxolin 400mg Tablet,Tablet,81.05,Anti-Diabetic
8805,15434,Seroflo 250 Inhaler,,539.23,Anti-Diabetic
8806,15435,Montair 10 Tablet,Tablet,246.06,Anti-Diabetic
8807,15436,Ventidox-M Tablet SR,Tablet,61.71,Anti-Diabetic
8808,15437,Duolin Inhaler,,263.6,Anti-Diabetic
8809,15438,Foracort 200 Rotacap,,143.37,Anti-Diabetic
8810,15439,Budecort 0.5mg Respules 2ml,,101.02,Anti-Diabetic
8811,15440,Duolin 1.25mg/500mcg Respules 2.5ml,,54.4,Anti-Diabetic
8812,15441,Budamate 200 Transhaler,,268.19,Anti-Diabetic
8813,15442,Foracort 400 Rotacap,,183.31,Anti-Diabetic
8814,15443,Duolin 3 Respules 3ml,,72.46,Anti-Diabetic
8815,15444,Unicontin-E 400 Tablet CR,Tablet,153,Anti-Diabetic
8816,15445,Aerocort Inhaler,,192.33,Anti-Diabetic
8817,15446,Seroflo 250 Rotacap,,333.17,Anti-Diabetic
8818,15447,Budecort 200 Inhaler,,298.74,Anti-Diabetic
8819,15448,New Brozeet Syrup,,78.96,Anti-Diabetic
8820,15449,Doxovent Tablet,Tablet,20.82,Anti-Diabetic
8821,15450,Alupent 10mg Tablet,Tablet,,Anti-Diabetic
8822,15451,Theo-Asthalin Tablet,Tablet,12.14,Anti-Diabetic
8823,15452,Macbery-XT Expectorant Sugar Free,,84.15,Anti-Diabetic
8824,15453,Seretide 50mcg/250mcg Accuhaler,,609.79,Anti-Diabetic
8825,15454,Foracort Inhaler 400,,346.84,Anti-Diabetic
8826,15455,Telekast 10 Tablet,Tablet,159.67,Anti-Diabetic
8827,15456,Levolin 50mcg Inhaler,,164.04,Anti-Diabetic
8828,15457,Montek 10 Tablet,Tablet,153.85,Anti-Diabetic
8829,15458,Levolin 1mg Syrup,,17.02,Anti-Diabetic
8830,15459,Tiova Inhaler,,456.96,Anti-Diabetic
8831,15460,Aerocort Rotacap,,40.17,Anti-Diabetic
8832,15461,Loftair Inhaler,,807.5,Anti-Diabetic
8833,15462,Respira Syrup,,19.97,Anti-Diabetic
8834,15463,Orcibest Tablet,Tablet,126.22,Anti-Diabetic
8835,15464,Formoflo 250 Transhaler,,615.1,Anti-Diabetic
8836,15465,Seretide 50mcg/500mcg Accuhaler,,733.89,Anti-Diabetic
8837,15466,Duolin LD Respules,,59.12,Anti-Diabetic
8838,15467,Formonide 200 Inhaler,,304.16,Anti-Diabetic
8839,15468,Tusq-X Expectorant,,68,Anti-Diabetic
8840,15469,Budamate 200 Transcaps,,143.37,Anti-Diabetic
8841,15470,Seroflo 125 Inhaler,,401.11,Anti-Diabetic
8842,15471,Kofarest-PD Syrup,,72.32,Anti-Diabetic
8843,15472,Ventidox-Bro Tablet,Tablet,61.71,Anti-Diabetic
8844,15473,Doxomax XP Tablet,Tablet,52.11,Anti-Diabetic
8845,15474,Lukotas 3D Tablet,Tablet,,Anti-Diabetic
8846,15475,Spirodin-AX Tablet,Tablet,67.15,Anti-Diabetic
8847,15476,Doxolin AX Tablet,Tablet,61.45,Anti-Diabetic
8848,15477,Coekastle-A Tablet,Tablet,,Anti-Diabetic
8849,15478,Doxoford Tablet,Tablet,76.5,Anti-Diabetic
8850,15479,L Montus AB  Tablet,Tablet,,Anti-Diabetic
8851,15480,Acebrofact LM Tablet,Tablet,,Anti-Diabetic
8852,15481,Doxo A 400mg/30mg Tablet,Tablet,85,Anti-Diabetic
8853,15482,Trimontemac Tablet SR,Tablet,,Anti-Diabetic
8854,15483,Montegress AL 10mg/5mg/200mg Tablet,Tablet,,Anti-Diabetic
8855,15484,Fykast-ACE Tablet,Tablet,,Anti-Diabetic
8856,15485,Dofasma A 400mg/30mg Tablet,Tablet,60.77,Anti-Diabetic
8857,15486,Lemon-3D Tablet,Tablet,,Anti-Diabetic
8858,15487,Ventocore 10 mg/5 mg/200 mg Tablet,Tablet,,Anti-Diabetic
8859,15488,Esbrox LM 10mg/5mg/200mg Capsule,Capsule,,Anti-Diabetic
8860,15489,Doxma-A Tablet,Tablet,66.3,Anti-Diabetic
8861,15490,Montupace AC 10mg/5mg/200mg Tablet,Tablet,153,Anti-Diabetic
8862,15491,Roulast-AC 10mg/5mg/200mg Tablet,Tablet,,Anti-Diabetic
8863,15492,Ventophylin XL Tablet,Tablet,74.8,Anti-Diabetic
8864,15493,Broncocet DX Tablet,Tablet,58.65,Anti-Diabetic
8865,15494,Montex 3D 10mg/5mg/200mg Tablet PR,Tablet,,Anti-Diabetic
8866,15495,Doxoll Plus 200mg/30mg Tablet,Tablet,26.35,Anti-Diabetic
8867,15496,Lestar 3D Tablet SR,Tablet,,Anti-Diabetic
8868,15497,Thiotrac Plus 10mg/5mg/200mg Tablet,Tablet,,Anti-Diabetic
8869,15498,Respiz Plus 10mg/5mg/200mg Tablet,Tablet,,Anti-Diabetic
8870,15499,Airlung AB Tablet,Tablet,,Anti-Diabetic
8871,15500,Asthamax AX 400mg/30mg Tablet,Tablet,46.75,Anti-Diabetic
8872,15501,Mykast Plus 10mg/5mg/200mg Tablet SR,Tablet,,Anti-Diabetic
8873,15502,Dophy-AM Tablet,Tablet,75.31,Anti-Diabetic
8874,15503,Airent LM Tablet SR,Tablet,,Anti-Diabetic
8875,15504,Lungdox-A Tablet,Tablet,80.75,Anti-Diabetic
8876,15505,Lezest AM 10mg/5mg/200mg Tablet,Tablet,,Anti-Diabetic
8877,15506,Unibro-LM Tablet,Tablet,151.13,Anti-Diabetic
8878,15507,Yoflin-AX 400mg/30mg Tablet,Tablet,85,Anti-Diabetic
8879,15508,Lycit-AM Tablet SR,Tablet,,Anti-Diabetic
8880,15509,Doxoll Plus 400mg/30mg Tablet,Tablet,50.15,Anti-Diabetic
8881,15510,Lelet-AM Tablet SR,Tablet,,Anti-Diabetic
8882,15511,Cetfast AM 10mg/5mg/200mg Tablet,Tablet,,Anti-Diabetic
8883,15512,CNF Activ Tablet,Tablet,121.55,Anti-Diabetic
8884,15513,Nam Cold FX 60mg/10mg/325mg Tablet,Tablet,92.65,Anti-Diabetic
8885,15514,Sinarest Fxp Tablet,Tablet,100.61,Anti-Diabetic
8886,15515,Fpp Active Tablet,Tablet,114.75,Anti-Diabetic
8887,15516,Fexagon Plus 60mg/10mg/325mg Tablet,Tablet,91.8,Anti-Diabetic
8888,15517,Nam Cold FX Oral Suspension,Suspension,46.66,Anti-Diabetic
8889,15518,CNF Activ Suspension,Suspension,65.45,Anti-Diabetic
8890,15519,Gdcit Tablet,Tablet,,Anti-Diabetic
8891,15520,Curosurf 80mg Injection,Injection,10438,Anti-Diabetic
8892,15521,Curosurf 120mg Injection,Injection,7854.59,Anti-Diabetic
8893,15522,Surfact 108mg Injection,Injection,4921.5,Anti-Diabetic
8894,15523,AB Phylline Capsule,Capsule,104.55,Anti-Diabetic
8895,15524,Montek AB Tablet SR,Tablet,175.95,Anti-Diabetic
8896,15525,AB Phylline SR 200 Tablet,Tablet,178.5,Anti-Diabetic
8897,15526,AB-Flo Capsule,Capsule,110.16,Anti-Diabetic
8898,15527,AB-Flo SR Tablet,Tablet,167.79,Anti-Diabetic
8899,15528,Telekast A Tablet PR,Tablet,171.06,Anti-Diabetic
8900,15529,Ascovent -SR Tablet,Tablet,167.87,Anti-Diabetic
8901,15530,Ambrodil-XP Syrup,,84.15,Anti-Diabetic
8902,15531,AB Phylline Syrup,,116.45,Anti-Diabetic
8903,15532,Xanilax SR 200 Tablet,Tablet,147.73,Anti-Diabetic
8904,15533,Oxybro Plus Tablet SR,Tablet,116.45,Anti-Diabetic
8905,15534,Macphylline Capsule,Capsule,80.41,Anti-Diabetic
8906,15535,Glemont-A Tablet SR,Tablet,178.5,Anti-Diabetic
8907,15536,Montemac A Tablet,Tablet,149.6,Anti-Diabetic
8908,15537,Ambrodil-XP Capsule,Capsule,57.37,Anti-Diabetic
8909,15538,Muciday Tablet SR,Tablet,110.5,Anti-Diabetic
8910,15539,Abphylin 100mg Capsule,Capsule,104.55,Anti-Diabetic
8911,15540,Cebocontin 200 Tablet CR,Tablet,148.75,Anti-Diabetic
8912,15541,Broncofil 100mg Capsule,Capsule,78.2,Anti-Diabetic
8913,15542,Bigbro Tablet,Tablet,90.1,Anti-Diabetic
8914,15543,Lasma AB 200mg/10mg Tablet,Tablet,114.75,Anti-Diabetic
8915,15544,Brophyle SR Tablet,Tablet,158.69,Anti-Diabetic
8916,15545,Brophyle Capsule,Capsule,90.36,Anti-Diabetic
8917,15546,Macphylline SR 200 Tablet,Tablet,130.9,Anti-Diabetic
8918,15547,Cboz 100mg Capsule,Capsule,76.5,Anti-Diabetic
8919,15548,Ventidox A 100mg Capsule,Capsule,,Anti-Diabetic
8920,15549,Spiromont-A Tablet,Tablet,142.8,Anti-Diabetic
8921,15550,Erophylline 100mg Capsule,Capsule,47.17,Anti-Diabetic
8922,15551,Acibro Plus Tablet SR,Tablet,131.75,Anti-Diabetic
8923,15552,Bigbro OD Tablet SR,Tablet,161.5,Anti-Diabetic
8924,15553,Ascovent 100mg Capsule,Capsule,97.75,Anti-Diabetic
8925,15554,Venphylin-M Tablet SR,Tablet,123.25,Anti-Diabetic
8926,15555,Ablife 100 Capsule,Capsule,84.15,Anti-Diabetic
8927,15556,A Xanthin 100mg Tablet,Tablet,59.5,Anti-Diabetic
8928,15557,Ablife M 200mg/10mg Tablet,Tablet,127.5,Anti-Diabetic
8929,15558,Oxybro 100 Capsule,Capsule,69.95,Anti-Diabetic
8930,15559,A-Phyl 100 Capsule,Capsule,81.68,Anti-Diabetic
8931,15560,BayAce Capsule,Capsule,79.9,Anti-Diabetic
8932,15561,Mucophyline Capsule,Capsule,72.46,Anti-Diabetic
8933,15562,Acebrobid SR Tablet,Tablet,157.08,Anti-Diabetic
8934,15563,Cheston Cold Tablet,Tablet,36.12,Anti-Diabetic
8935,15564,Grilinctus  Syrup,,88.94,Anti-Diabetic
8936,15565,Sinarest New Tablet,Tablet,47.37,Anti-Diabetic
8937,15566,Ascoril D Plus Syrup Sugar Free,,96.05,Anti-Diabetic
8938,15567,Ascoril LS Syrup,,83.73,Anti-Diabetic
8939,15568,Bro-Zedex  Syrup,,100.3,Anti-Diabetic
8940,15569,Wikoryl Tablet,Tablet,40.8,Anti-Diabetic
8941,15570,Grilinctus-BM Syrup,,74.77,Anti-Diabetic
8942,15571,Deriphyllin Retard 150  Tablet PR,Tablet,21.5,Anti-Diabetic
8943,15572,Solvin Cold Tablet,Tablet,39.52,Anti-Diabetic
8944,15573,TusQ-DX Liquid,,68,Anti-Diabetic
8945,15574,Alex Syrup,,91.8,Anti-Diabetic
8946,15575,Maxtra Syrup,,67.62,Anti-Diabetic
8947,15576,Zedex Cough Syrup,,101.57,Anti-Diabetic
8948,15577,Deriphyllin Tablet,Tablet,3.99,Anti-Diabetic
8949,15578,Asthakind-DX Syrup Sugar Free,,47.9,Anti-Diabetic
8950,15579,Ambrodil-S Syrup,,21.46,Anti-Diabetic
8951,15580,Reswas Syrup,,84.15,Anti-Diabetic
8952,15581,Febrex Plus Tablet,Tablet,43.26,Anti-Diabetic
8953,15582,Asthalin 100mcg Inhaler,,120.49,Anti-Diabetic
8954,15583,Asthalin Syrup,,14.28,Anti-Diabetic
8955,15584,Corex DX  Syrup,,59.5,Anti-Diabetic
8956,15585,Codistar-DX Cough Syrup,,70.92,Anti-Diabetic
8957,15586,Diominic Dca Tablet,Tablet,29.58,Anti-Diabetic
8958,15587,Deriphyllin Injection,Injection,57.8,Anti-Diabetic
8959,15588,Sinarest LP Tablet,Tablet,81.3,Anti-Diabetic
8960,15589,Ambrodil Syrup,,58,Anti-Diabetic
8961,15590,Chericof Syrup,,78.2,Anti-Diabetic
8962,15591,Maxtra Oral Drops,,58.65,Anti-Diabetic
8963,15592,Piriton CS Syrup,,87.72,Anti-Diabetic
8964,15593,L-Hist Total Tablet,Tablet,,Anti-Diabetic
8965,15594,Mucolite Syrup,,94,Anti-Diabetic
8966,15595,Bro-Zedex  SF Syrup,,106.04,Anti-Diabetic
8967,15596,Grilinctus-LS Syrup,,80.95,Anti-Diabetic
8968,15597,Asthakind Expectorant Sugar Free,,45.13,Anti-Diabetic
8969,15598,Asthalin 4 Tablet,Tablet,5.13,Anti-Diabetic
8970,15599,Wikoryl DS Orange Syrup,,59.24,Anti-Diabetic
8971,15600,T-Minic Syrup,,70.12,Anti-Diabetic
8972,15601,D Cold Total  Tablet,Tablet,19.54,Anti-Diabetic
8973,15602,Ascoril SF Expectorant,,100.3,Anti-Diabetic
8974,15603,Roflair Tablet,Tablet,116.87,Anti-Diabetic
8975,15604,Rofaday Tablet,Tablet,154.83,Anti-Diabetic
8976,15605,Seretra 80 Tablet,Tablet,201.96,Anti-Diabetic
8977,15606,Alatro Tablet,Tablet,196.22,Anti-Diabetic
8978,15607,Rofmil Tablet,Tablet,115.6,Anti-Diabetic
8979,15608,Rofum Tablet,Tablet,116.24,Anti-Diabetic
8980,15609,Filast 500 Tablet,Tablet,106.25,Anti-Diabetic
8981,15610,Rufus 500mcg Tablet,Tablet,106.25,Anti-Diabetic
8982,15611,Spirolast Tablet,Tablet,106.25,Anti-Diabetic
8983,15612,Rofluz 500mcg Tablet,Tablet,114.75,Anti-Diabetic
8984,15613,Roflu 500mcg Tablet,Tablet,106.25,Anti-Diabetic
8985,15614,Roflast 500mcg Tablet,Tablet,127.5,Anti-Diabetic
8986,15615,Rofshield 500mcg Tablet,Tablet,106.25,Anti-Diabetic
8987,15616,Roflutab 500mcg Tablet,Tablet,106.25,Anti-Diabetic
8988,15617,Rofluren Tablet,Tablet,114.75,Anti-Diabetic
8989,15618,Rofurest Tablet,Tablet,106.25,Anti-Diabetic
8990,15619,Exalbic 500mcg Tablet,Tablet,127.5,Anti-Diabetic
8991,15620,Pirfenex Tablet,Tablet,178.5,Anti-Diabetic
8992,15621,Pirfenex 400mg Tablet,Tablet,471.75,Anti-Diabetic
8993,15622,Fibrodone Tablet,Tablet,198.3,Anti-Diabetic
8994,15623,Pirfetab Tablet,Tablet,215.99,Anti-Diabetic
8995,15624,Pulmofib 200mg Tablet,Tablet,172.03,Anti-Diabetic
8996,15625,Dns Solution,Solution,,Anti-Diabetic
8997,15626,Sodium Chloride Injection,Injection,61.62,Anti-Diabetic
8998,15627,Pirfemac 400 Tablet,Tablet,246.5,Anti-Diabetic
8999,15628,NS 500ml Infusion,,61.02,Anti-Diabetic
9000,15629,Nasoclear Gel,,92.9,Anti-Diabetic
9001,15630,Nasomist Nasal Drops,,,Anti-Diabetic
9002,15631,Pirfenex 600mg Tablet,Tablet,765,Anti-Diabetic
9003,15632,Nasowash Starter Kit,,400.51,Anti-Diabetic
9004,15633,NS 3% Infusion,,31.87,Anti-Diabetic
9005,15634,Fiboresp Tablet,Tablet,185.3,Anti-Diabetic
9006,15635,Nasoclear Plus Nasal Drops,,,Anti-Diabetic
9007,15636,Otrivin Baby Saline Nasal Spray,,51.81,Anti-Diabetic
9008,15637,NS Infusion,,26.1,Anti-Diabetic
9009,15638,Spiropirf Tablet,Tablet,172.97,Anti-Diabetic
9010,15639,Noblok Nasal Spray,,40,Anti-Diabetic
9011,15640,Normal Saline Infusion,,15.16,Anti-Diabetic
9012,15641,N S 0.9% Infusion,,22.18,Anti-Diabetic
9013,15642,Infutec NS Infusion,,26.09,Anti-Diabetic
9014,15643,Normal Saline 0.9% Infusion,,14.73,Anti-Diabetic
9015,15644,Pirfenair Tablet,Tablet,148.75,Anti-Diabetic
9016,15645,NS 0.9% Infusion,,14.73,Anti-Diabetic
9017,15646,NASIVION S NASAL SPRAY,,,Anti-Diabetic
9018,15647,Nazo Nasal Drops,,,Anti-Diabetic
9019,15648,Cliarway Nasal Drops,,45,Anti-Diabetic
9020,15649,NS 0.9% Injection,Injection,35.7,Anti-Diabetic
9021,15650,Normal Saline Solution,Solution,24.23,Anti-Diabetic
9022,15651,Pirfeheal 200mg Tablet,Tablet,195.5,Anti-Diabetic
9023,15652,Caropram 20mg Injection,Injection,111.28,Anti-Diabetic
9024,15653,D.N.S. Dexts Solution,Solution,,Anti-Diabetic
9025,15654,Saltnase 60 Tablet with Nasal Rinse Bottle,Tablet,,Anti-Diabetic
9026,15655,Montek LC Tablet,Tablet,152.57,Anti-Diabetic
9027,15656,Avil 25 Tablet,Tablet,7.71,Anti-Diabetic
9028,15657,Montair-LC Tablet,Tablet,150.07,Anti-Diabetic
9029,15658,Cetrizine Tablet,Tablet,15.71,Anti-Diabetic
9030,15659,Montina-L Tablet,Tablet,50.15,Anti-Diabetic
9031,15660,Monticope Tablet,Tablet,84.91,Anti-Diabetic
9032,15661,Allegra-M Tablet,Tablet,176.55,Anti-Diabetic
9033,15662,Allegra 120mg Tablet,Tablet,153.73,Anti-Diabetic
9034,15663,Levocet Tablet,Tablet,39.95,Anti-Diabetic
9035,15664,Atarax 25mg Tablet,Tablet,,Anti-Diabetic
9036,15665,Montair FX Tablet,Tablet,156.33,Anti-Diabetic
9037,15666,Sumo Cold Tablet,Tablet,31.79,Anti-Diabetic
9038,15667,Levocet M Tablet,Tablet,76.5,Anti-Diabetic
9039,15668,Bilasure 20 Tablet,Tablet,91.8,Anti-Diabetic
9040,15669,Okacet Tablet,Tablet,15.65,Anti-Diabetic
9041,15670,Avil Injection,Injection,28.39,Anti-Diabetic
9042,15671,Teczine Tablet,Tablet,68.42,Anti-Diabetic
9043,15672,Allegra 180mg Tablet,Tablet,176.48,Anti-Diabetic
9044,15673,Dazit Tablet,Tablet,79.05,Anti-Diabetic
9045,15674,Ativan 2mg Tablet,Tablet,,Anti-Diabetic
9046,15675,Ativan 1mg Tablet,Tablet,,Anti-Diabetic
9047,15676,Histafree-M Tablet,Tablet,116.87,Anti-Diabetic
9048,15677,Cetzine Tablet,Tablet,15.61,Anti-Diabetic
9049,15678,Montemac-L Tablet,Tablet,104.55,Anti-Diabetic
9050,15679,Lecope Tablet,Tablet,20.98,Anti-Diabetic
9051,15680,Atarax 10mg Tablet,Tablet,,Anti-Diabetic
9052,15681,Relent Tablet,Tablet,83.21,Anti-Diabetic
9053,15682,Nicip Cold & Flu Tablet,Tablet,,Anti-Diabetic
9054,15683,Telekast F Tablet,Tablet,156.99,Anti-Diabetic
9055,15684,CZ 3 Tablet,Tablet,15.56,Anti-Diabetic
9056,15685,Alaspan Tablet,Tablet,99.45,Anti-Diabetic
9057,15686,Monticope-A Tablet SR,Tablet,120.45,Anti-Diabetic
9058,15687,Montair LC Kid Syrup,,89.34,Anti-Diabetic
9059,15688,Levosiz Tablet,Tablet,12.32,Anti-Diabetic
9060,15689,Lecope-M Tablet,Tablet,84.91,Anti-Diabetic
9061,15690,1-AL Tablet,Tablet,24.48,Anti-Diabetic
9062,15691,Bilazest 20mg Tablet,Tablet,114.75,Anti-Diabetic
9063,15692,Atarax Syrup,,,Anti-Diabetic
9064,15693,LCZ Tablet,Tablet,20.32,Anti-Diabetic
9065,15694,Arzep Nasal Spray,,390.5,Anti-Diabetic
9066,15695,Azelast Nasal Spray,,,Anti-Diabetic
9067,15696,Cromal Forte Eye Drop,,71.06,Anti-Diabetic
9068,15697,Cromal Eye Drop,,39.1,Anti-Diabetic
9069,15698,Decomic Plus Eye Drop,,61.03,Anti-Diabetic
9070,15699,Azep Nasal Spray,,,Anti-Diabetic
9071,15700,Rhinoset S Nasal Drops,,,Anti-Diabetic
9072,15701,Zincula Eye Drop,,42.5,Anti-Diabetic
9073,15702,Nasolin Nasal Drops,,,Anti-Diabetic
9074,15703,Clearnoz 0.1% Nasal Drops,,,Anti-Diabetic
9075,15704,Zylo Nasal Drops,,57.01,Anti-Diabetic
9076,15705,Nasopil Paediatric Nasal Drops,,,Anti-Diabetic
9077,15706,Atrovin Nasal Drops,,,Anti-Diabetic
9078,15707,Noblock Nasal Drops,,,Anti-Diabetic
9079,15708,Fintal Nasal Spray,,152.15,Anti-Diabetic
9080,15709,ORINASE MICROMIST NASAL SPRAY,,,Anti-Diabetic
9081,15710,Nepharow  0.1% Eye Drop,,125.8,Anti-Diabetic
9082,15711,NOZY NOSE NASAL DROPS,,,Anti-Diabetic
9083,15712,Nasopat Nasal Spray,,221,Anti-Diabetic
9084,15713,Dolocold Junior Nasal Drops,,,Anti-Diabetic
9085,15714,XYLO NASAL DROPS,,,Anti-Diabetic
9086,15715,Xyloson Adult Nasal Drops/Spray,,,Anti-Diabetic
9087,15716,Cromol Eye Drop,,53.97,Anti-Diabetic
9088,15717,Xylomet Nasal Drops,,,Anti-Diabetic
9089,15718,Sinomet Mini Nasal Drops,,50.61,Anti-Diabetic
9090,15719,Flublast Nasal Solution,Solution,,Anti-Diabetic
9091,15720,Ifiral Nasal Spray,,39.44,Anti-Diabetic
9092,15721,Ocucel Eye Drop,,33.96,Anti-Diabetic
9093,15722,Cromol Forte Eye Drop,,,Anti-Diabetic
9094,15723,Noblock P 0.05% Nasal Drops,,36,Anti-Diabetic
9095,15724,Xylorex Nasal Spray,,123.25,Anti-Diabetic
9096,15725,Xylo Adult Nasal Drops,,,Anti-Diabetic
9097,15726,Sudin-ND Nasal Drops,,,Anti-Diabetic
9098,15727,Winolap Nasal Spray,,,Anti-Diabetic
9099,15728,Naso Wikoryl 0.01% Nasal Drops,,,Anti-Diabetic
9100,15729,Allercrom Forte Eye Drop,,,Anti-Diabetic
9101,15730,Acolate Kid Nasal Drops,,,Anti-Diabetic
9102,15731,Xylone Adult Nasal Spray,,,Anti-Diabetic
9103,15732,Actowin 0.05% Nasal Drops,,,Anti-Diabetic
9104,15733,Betnesol Tablet,Tablet,9.94,Anti-Diabetic
9105,15734,Duonase Nasal Spray,,341.48,Anti-Diabetic
9106,15735,Flomist Nasal Spray,,298.67,Anti-Diabetic
9107,15736,Flutivate Cream,,137.15,Anti-Diabetic
9108,15737,Betnesol Forte Tablet,Tablet,16.49,Anti-Diabetic
9109,15738,Azeflo Nasal Spray,,295.46,Anti-Diabetic
9110,15739,Betnovate Cream,,15.89,Anti-Diabetic
9111,15740,Fluticone-FT Nasal Spray,,340,Anti-Diabetic
9112,15741,Betnesol Injection 1ml,Injection,31.69,Anti-Diabetic
9113,15742,Nazomac-AF Nasal Spray,,266.47,Anti-Diabetic
9114,15743,Betnesol Oral Drops,,16.4,Anti-Diabetic
9115,15744,Cutisoft Cream,,130,Anti-Diabetic
9116,15745,Primacort 100 Injection,Injection,34.62,Anti-Diabetic
9117,15746,Avamys Nasal Spray,,343.82,Anti-Diabetic
9118,15747,Furamist Nasal Spray,,344.1,Anti-Diabetic
9119,15748,Flutiflo Nasal Spray,,250.2,Anti-Diabetic
9120,15749,Allegra Nasal Spray,,254.15,Anti-Diabetic
9121,15750,Furamist AZ Nasal Spray,,369.69,Anti-Diabetic
9122,15751,Betnelan Tablet,Tablet,9.05,Anti-Diabetic
9123,15752,Hisone 10 Tablet,Tablet,52.33,Anti-Diabetic
9124,15753,Lycor 1% Cream,,,Anti-Diabetic
9125,15754,Flutiflo FT Nasal Spray,,325.8,Anti-Diabetic
9126,15755,Combinase AQ Nasal Spray,,327.25,Anti-Diabetic
9127,15756,Walacort Tablet,Tablet,9.94,Anti-Diabetic
9128,15757,Flutivate E Cream,,88.82,Anti-Diabetic
9129,15758,Nazomac-F Nasal Spray,,224.4,Anti-Diabetic
9130,15759,Floresp Nasal Spray,,332.82,Anti-Diabetic
9131,15760,Fluticone Nasal Spray,,308.55,Anti-Diabetic
9132,15761,Cort S 100mg Injection,Injection,33.57,Anti-Diabetic
9133,15762,Azeflo FT Nasal Spray,,369.15,Anti-Diabetic
9134,15763,Stemin Forte Tablet,Tablet,,Anti-Diabetic
9135,15764,Ezicas AZ Nasal Spray,,303.45,Anti-Diabetic
9136,15765,Hydrocort 100mg Injection,Injection,32.58,Anti-Diabetic
9137,15766,Nezalast Nasal Spray,,266.05,Anti-Diabetic
9138,15767,Combinase FT Nasal Spray,,336.6,Anti-Diabetic
9139,15768,Efcorlin 2.5mg Pellets,,61.51,Anti-Diabetic
9140,15769,Betasone Tablet,Tablet,2.98,Anti-Diabetic
9141,15770,Betagel,,9.9,Anti-Diabetic
9142,15771,Testoviron Depot 250 Injection,Injection,291.3,Anti-Diabetic
9143,15772,Aquaviron Injection 1ml,Injection,124.21,Anti-Diabetic
9144,15773,Cernos Gel,,74.37,Anti-Diabetic
9145,15774,Cernos Soft Gelatin Capsule,Capsule,129.2,Anti-Diabetic
9146,15775,Androfil 40mg Capsule,Capsule,142.27,Anti-Diabetic
9147,15776,Testosterone Undecanoate 40mg Capsule,Capsule,382.86,Anti-Diabetic
9148,15777,Cernos Depot Injection,Injection,726.75,Anti-Diabetic
9149,15778,Testoki Tablet,Tablet,185.13,Anti-Diabetic
9150,15779,Testoviron Depot 100 Injection,Injection,161.24,Anti-Diabetic
9151,15780,Sustanon 100 Injection,Injection,154.44,Anti-Diabetic
9152,15781,Androgel,,76.5,Anti-Diabetic
9153,15782,Nuvir 40mg Capsule,Capsule,286.45,Anti-Diabetic
9154,15783,Androtas Gel,,76.5,Anti-Diabetic
9155,15784,Androfil Gel,,40.93,Anti-Diabetic
9156,15785,Andriol 40mg Testocap,,,Anti-Diabetic
9157,15786,Testoki 40mg Capsule,Capsule,260.37,Anti-Diabetic
9158,15787,Arnold 250mg Injection,Injection,51,Anti-Diabetic
9159,15788,Sustain 250mg Injection,Injection,70.43,Anti-Diabetic
9160,15789,Menolon Injection,Injection,172.89,Anti-Diabetic
9161,15790,T-Him Depot Injection,Injection,722.5,Anti-Diabetic
9162,15791,Andriol 40mg Capsule,Capsule,101.43,Anti-Diabetic
9163,15792,Syra Softgel Capsule,Capsule,174,Anti-Diabetic
9164,15793,Retesto Injection,Injection,140.25,Anti-Diabetic
9165,15794,Testoretard 250mg Injection,Injection,175.95,Anti-Diabetic
9166,15795,CERNOS 100 MG INJECTION,Injection,,Anti-Diabetic
9167,15796,Testoheal Soft Gelatin Capsule,Capsule,165.75,Anti-Diabetic
9168,15797,Primode Solo Soft Gelatin Capsule,Capsule,254,Anti-Diabetic
9169,15798,Menolon Soft Gelatin Capsule,Capsule,123.17,Anti-Diabetic
9170,15799,Androsure 40mg Capsule,Capsule,,Anti-Diabetic
9171,15800,Androsure Gel,,395.1,Anti-Diabetic
9172,15801,Testoheal Gel,,74.8,Anti-Diabetic
9173,15802,TESTOFIL 40 MG CAPSULE,Capsule,,Anti-Diabetic
9174,15803,Sustaviron 250 Injection,Injection,148.75,Anti-Diabetic
9175,15804,Testoretard 100mg Injection,Injection,108.44,Anti-Diabetic
9176,15805,Testofil Depot 1000mg Injection,Injection,520.2,Anti-Diabetic
9177,15806,Hitman-Nx 250mg Injection,Injection,796.45,Anti-Diabetic
9178,15807,Rosecorn 1000mg Capsule,Capsule,,Anti-Diabetic
9179,15808,Asset 250mg Injection,Injection,199.75,Anti-Diabetic
9180,15809,Androsure 1000mg Injection,Injection,520.62,Anti-Diabetic
9181,15810,Manforce 100mg Tablet,Tablet,197.2,Anti-Diabetic
9182,15811,Viagra 100mg Tablet,Tablet,896.75,Anti-Diabetic
9183,15812,Vigore 100 Red Tablet,Tablet,98.6,Anti-Diabetic
9184,15813,Manforce 50mg Tablet,Tablet,229.5,Anti-Diabetic
9185,15814,Viagra 50mg Tablet,Tablet,446.25,Anti-Diabetic
9186,15815,Megalis 20 Tablet,Tablet,275.4,Anti-Diabetic
9187,15816,Suhagra 100 Tablet,Tablet,,Anti-Diabetic
9188,15817,Suhagra 50 Tablet,Tablet,,Anti-Diabetic
9189,15818,Manforce Staylong Tablet,Tablet,204,Anti-Diabetic
9190,15819,Modula Tablet,Tablet,166.6,Anti-Diabetic
9191,15820,Megalis 10 Tablet,Tablet,132.6,Anti-Diabetic
9192,15821,Vigore 50 Red Tablet,Tablet,66.04,Anti-Diabetic
9193,15822,Penegra 100 Tablet,Tablet,227.03,Anti-Diabetic
9194,15823,Cialis 20mg Tablet,Tablet,424.15,Anti-Diabetic
9195,15824,Duraplus Tablet,Tablet,222.7,Anti-Diabetic
9196,15825,Vigora 50mg Tablet MD,Tablet,66.04,Anti-Diabetic
9197,15826,Vega 100mg Tablet,Tablet,12.75,Anti-Diabetic
9198,15827,Alivher Tablet,Tablet,166.6,Anti-Diabetic
9199,15828,Kutub 30 X Tablet,Tablet,187,Anti-Diabetic
9200,15829,DA Sutra 30X 50 mg/30 mg Tablet,Tablet,224.4,Anti-Diabetic
9201,15830,DA Zeagra Tablet,Tablet,,Anti-Diabetic
9202,15831,Vigora 100mg Oral Jelly,,21.25,Anti-Diabetic
9203,15832,Suhagra Force 50mg/30mg Tablet,Tablet,,Anti-Diabetic
9204,15833,Penegra 50 Tablet,Tablet,122.74,Anti-Diabetic
9205,15834,Vigora Force Tablet,Tablet,131.75,Anti-Diabetic
9206,15835,Caverta 50 Tablet,Tablet,131.54,Anti-Diabetic
9207,15836,Uphold Tablet,Tablet,258.4,Anti-Diabetic
9208,15837,Tazzle 10 Tablet,Tablet,310.42,Anti-Diabetic
9209,15838,Sildenafil Citrate 50mg Tablet,Tablet,68.01,Anti-Diabetic
9210,15839,Dejac-T Tablet,Tablet,234.6,Anti-Diabetic
9211,15840,PAH 20 Tablet,Tablet,167.38,Anti-Diabetic
9212,15841,Efil 2.5mg Tablet,Tablet,102.85,Anti-Diabetic
9213,15842,Super Manforce Tablet,Tablet,204,Anti-Diabetic
9214,15843,Caverta 25 Tablet,Tablet,119.46,Anti-Diabetic
9215,15844,Tadacip 20 Tablet,Tablet,184.45,Anti-Diabetic
9216,15845,Power Vegra 100mg Tablet,Tablet,46.05,Anti-Diabetic
9217,15846,Assurans Tablet,Tablet,170,Anti-Diabetic
9218,15847,Tadact 10 Tablet,Tablet,108.97,Anti-Diabetic
9219,15848,Zenegra 100 Tablet,Tablet,137.7,Anti-Diabetic
9220,15849,Tadact 20 Tablet,Tablet,186.57,Anti-Diabetic
9221,15850,Zytee RB Gel,,104,Anti-Diabetic
9222,15851,Metrogyl DG Forte Gel,,56.26,Anti-Diabetic
9223,15852,Dologel-CT Gel,,77.5,Anti-Diabetic
9224,15853,Dologel,,82.25,Anti-Diabetic
9225,15854,Metrohex Gel,,40.15,Anti-Diabetic
9226,15855,Dentogel,,87,Anti-Diabetic
9227,15856,Orasep Gel,,,Anti-Diabetic
9228,15857,Metrogyl DG Gel,,,Anti-Diabetic
9229,15858,Zytee L Gel,,107,Anti-Diabetic
9230,15859,Anabel Liquid Gel,,84,Anti-Diabetic
9231,15860,Ora-Fast Gel,,,Anti-Diabetic
9232,15861,Zytee Dental Gel,,104,Anti-Diabetic
9233,15862,Oraflora Oral Gel,,,Anti-Diabetic
9234,15863,Candid Mouth Gel,,93,Anti-Diabetic
9235,15864,Oracool Gel,,,Anti-Diabetic
9236,15865,Anabel-CT Gel,,75,Anti-Diabetic
9237,15866,Mosiba Gel,,,Anti-Diabetic
9238,15867,Tess CS Oral Gel,,,Anti-Diabetic
9239,15868,Dresin Mouthwash & Gargle,,,Anti-Diabetic
9240,15869,Oraflora LA Gel,,,Anti-Diabetic
9241,15870,Seleno Tablet,Tablet,32.72,Anti-Diabetic
9242,15871,Ulceheal Gel,,,Anti-Diabetic
9243,15872,B-Folcin Gel,,,Anti-Diabetic
9244,15873,Orogard SG Gel,,,Anti-Diabetic
9245,15874,Smilogel-CT Mouth Ulcer Gel,,,Anti-Diabetic
9246,15875,Dentogel Liquid,,84.9,Anti-Diabetic
9247,15876,Orex-LO Gel,,,Anti-Diabetic
9248,15877,Orex Cream,,,Anti-Diabetic
9249,15878,Mugel Freshora Gel,,,Anti-Diabetic
9250,15879,Fitgel Mouth Gel,,,Anti-Diabetic
9251,15880,Sentim-SF Toothpaste,,126,Anti-Diabetic
9252,15881,Pansoral  Gel,,,Anti-Diabetic
9253,15882,Alsore Gel,,,Anti-Diabetic
9254,15883,Nitra Met Gel,,,Anti-Diabetic
9255,15884,Dentacain Gel,,,Anti-Diabetic
9256,15885,Steri Spray,,,Anti-Diabetic
9257,15886,Ulsore Gel,,,Anti-Diabetic
9258,15887,U-Sore Gel,,,Anti-Diabetic
9259,15888,Gositis Mouth Wash,,571.2,Anti-Diabetic
9260,15889,Alkasol Oral Solution,Solution,104.69,Anti-Diabetic
9261,15890,Citralka Liquid,,88.69,Anti-Diabetic
9262,15891,Cital Oral Liquid Sugar Free Sugar Free,,82,Anti-Diabetic
9263,15892,Duralast 30 Tablet,Tablet,146.2,Anti-Diabetic
9264,15893,Urikind-K Solution,Solution,65.87,Anti-Diabetic
9265,15894,K-Bind Powder,,123.25,Anti-Diabetic
9266,15895,Natrise Tablet,Tablet,480.25,Anti-Diabetic
9267,15896,Hyponat-O 15 Tablet,Tablet,434.27,Anti-Diabetic
9268,15897,Alkasol Oral Solution Sugar Free,Solution,104.69,Anti-Diabetic
9269,15898,K-Cit Oral Solution,Solution,172.7,Anti-Diabetic
9270,15899,Urotone Tablet,Tablet,119.82,Anti-Diabetic
9271,15900,Alkacitral Liquid,,,Anti-Diabetic
9272,15901,Tolvat 15 Tablet,Tablet,399.86,Anti-Diabetic
9273,15902,Resodim 15 Tablet,Tablet,537.88,Anti-Diabetic
9274,15903,Alkacip Syrup,,,Anti-Diabetic
9275,15904,U Tryp 100000IU Injection,Injection,3009.85,Anti-Diabetic
9276,15905,Alkamax MB 6 Syrup,,,Anti-Diabetic
9277,15906,Noculi B6 Oral Solution,Solution,154.75,Anti-Diabetic
9278,15907,Potrate Syrup,,,Anti-Diabetic
9279,15908,Oricitral Syrup Lemon,,64.9,Anti-Diabetic
9280,15909,Betheran 25mg Tablet,Tablet,118.15,Anti-Diabetic
9281,15910,Urofit Oral Solution,Solution,,Anti-Diabetic
9282,15911,Macpee Tablet,Tablet,162.35,Anti-Diabetic
9283,15912,Long Drive 30mg Tablet,Tablet,102,Anti-Diabetic
9284,15913,DAPOX 30 MG TABLET,Tablet,,Anti-Diabetic
9285,15914,Alkaliser Syrup,,,Anti-Diabetic
9286,15915,Dapoxy 60mg Tablet,Tablet,,Anti-Diabetic
9287,15916,Dejac 30 Tablet,Tablet,124.95,Anti-Diabetic
9288,15917,Duralast 60mg Tablet,Tablet,136,Anti-Diabetic
9289,15918,Urosol Syrup,,,Anti-Diabetic
9290,15919,Urivoid Tablet,Tablet,145.39,Anti-Diabetic
9291,15920,DA Sutra 30mg Tablet,Tablet,187,Anti-Diabetic
9292,15921,Tolvasca 15 Tablet,Tablet,534.22,Anti-Diabetic
9293,15922,Natrise 30 Tablet,Tablet,778.6,Anti-Diabetic
9294,15923,Uriliser MB6 Lemon Sugar Free Oral Solution,Solution,166,Anti-Diabetic
9295,15924,U Bet Injection,Injection,1806.25,Anti-Diabetic
9296,15925,Potrate 10 Tablet ER,Tablet,63,Anti-Diabetic
9297,15926,Ulifast 100000IU Injection,Injection,1381.25,Anti-Diabetic
9298,15927,Proliser Syrup Sugar Free,,120,Anti-Diabetic
9299,15928,Urimax 0.4 Capsule MR,Capsule,269.98,Anti-Diabetic
9300,15929,Urimax D Tablet MR,Tablet,406.26,Anti-Diabetic
9301,15930,Veltam 0.4 Tablet MR,Tablet,122.4,Anti-Diabetic
9302,15931,Finax Tablet,Tablet,200.56,Anti-Diabetic
9303,15932,Silodal 8 Capsule,Capsule,216.75,Anti-Diabetic
9304,15933,Veltam Plus Tablet MR,Tablet,338.3,Anti-Diabetic
9305,15934,Alfoo 10mg Tablet PR,Tablet,483.22,Anti-Diabetic
9306,15935,Finpecia Tablet,Tablet,93.59,Anti-Diabetic
9307,15936,Silodal-D 8 Combipack,,301.75,Anti-Diabetic
9308,15937,Flodart Plus Capsule PR,Capsule,139.4,Anti-Diabetic
9309,15938,Flotral 10 Tablet PR,Tablet,383.35,Anti-Diabetic
9310,15939,Prostagard-D8 Capsule,Capsule,158.95,Anti-Diabetic
9311,15940,Finalo Tablet,Tablet,45.47,Anti-Diabetic
9312,15941,Silofast 8 Capsule,Capsule,401.11,Anti-Diabetic
9313,15942,Contiflo Icon 0.4mg Tablet PR,Tablet,110.5,Anti-Diabetic
9314,15943,New Silofast D 8 Tablet,Tablet,356.65,Anti-Diabetic
9315,15944,Silodal-D 8 Capsule,Capsule,323,Anti-Diabetic
9316,15945,Tamdura Capsule PR,Capsule,222.7,Anti-Diabetic
9317,15946,Dutas Capsule,Capsule,738.18,Anti-Diabetic
9318,15947,Finast Tablet,Tablet,596.49,Anti-Diabetic
9319,15948,Prostagard 8 Capsule,Capsule,135.15,Anti-Diabetic
9320,15949,Dutas T Plus Capsule PR,Capsule,402.05,Anti-Diabetic
9321,15950,Urimax F Capsule MR,Capsule,346.09,Anti-Diabetic
9322,15951,Veltam-F Tablet MR,Tablet,287.3,Anti-Diabetic
9323,15952,Alfusin Tablet PR,Tablet,209.81,Anti-Diabetic
9324,15953,Rapilif 8 Capsule,Capsule,216.75,Anti-Diabetic
9325,15954,Sildoo 8 Capsule,Capsule,258.06,Anti-Diabetic
9326,15955,Flodart Tablet PR,Tablet,63.75,Anti-Diabetic
9327,15956,Rapilif-D 8 New Capsule,Capsule,331.5,Anti-Diabetic
9328,15957,Urimax DX Tablet MR,Tablet,649.4,Anti-Diabetic
9329,15958,Flokind D 0.4mg/0.5mg Tablet,Tablet,,Anti-Diabetic
9330,15959,Dynapres 0.4 Capsule PR,Capsule,297.33,Anti-Diabetic
9331,15960,Flokind-F Tablet SR,Tablet,148.2,Anti-Diabetic
9332,15961,Geripod 8 Capsule,Capsule,223.85,Anti-Diabetic
9333,15962,Alfusin D Tablet ER,Tablet,419.63,Anti-Diabetic
9334,15963,Geriflo-D Tablet SR,Tablet,618.46,Anti-Diabetic
9335,15964,Silotime-D Capsule,Capsule,325.55,Anti-Diabetic
9336,15965,New Geripod-D Capsule,Capsule,340,Anti-Diabetic
9337,15966,Niftas Tablet SR,Tablet,104.55,Anti-Diabetic
9338,15967,Martifur MR 100mg Tablet,Tablet,135.87,Anti-Diabetic
9339,15968,Niftran 100mg Capsule,Capsule,74.54,Anti-Diabetic
9340,15969,Uribid Tablet,Tablet,156.82,Anti-Diabetic
9341,15970,Nitrobact 100 Capsule,Capsule,66.47,Anti-Diabetic
9342,15971,Pyridium 200 Tablet,Tablet,88.4,Anti-Diabetic
9343,15972,Urifast Capsule,Capsule,111.81,Anti-Diabetic
9344,15973,Martifur Tablet,Tablet,60.75,Anti-Diabetic
9345,15974,Nifty-SR Tablet,Tablet,68.64,Anti-Diabetic
9346,15975,Niftas 50 Tablet,Tablet,59.5,Anti-Diabetic
9347,15976,Nitrobest Tablet SR,Tablet,68.17,Anti-Diabetic
9348,15977,Nitrofur SR Tablet,Tablet,104.34,Anti-Diabetic
9349,15978,Uritop 100mg Tablet SR,Tablet,62.39,Anti-Diabetic
9350,15979,Saftoin 100mg Tablet,Tablet,67.35,Anti-Diabetic
9351,15980,Rezfuran 100mg Tablet,Tablet,123.42,Anti-Diabetic
9352,15981,Pyridium 100mg Tablet,Tablet,73.95,Anti-Diabetic
9353,15982,Furadantin 100mg Tablet,Tablet,8.5,Anti-Diabetic
9354,15983,Urinif 100mg Tablet SR,Tablet,100.3,Anti-Diabetic
9355,15984,Uritop Suspension,Suspension,39.66,Anti-Diabetic
9356,15985,Xonift  100mg Tablet,Tablet,67.4,Anti-Diabetic
9357,15986,Nifutin Tablet SR,Tablet,107.06,Anti-Diabetic
9358,15987,Urifur 100mg Tablet SR,Tablet,47.24,Anti-Diabetic
9359,15988,Martifur MR 50mg Tablet,Tablet,97.39,Anti-Diabetic
9360,15989,Uriron Tablet SR,Tablet,62.39,Anti-Diabetic
9361,15990,Furent 100mg Tablet,Tablet,67.32,Anti-Diabetic
9362,15991,Sysnit-SR Tablet,Tablet,86.06,Anti-Diabetic
9363,15992,Urifast CP 100mg Capsule,Capsule,280.5,Anti-Diabetic
9364,15993,Urivron Tablet,Tablet,64.6,Anti-Diabetic
9365,15994,Nftor 100mg Tablet,Tablet,72.04,Anti-Diabetic
9366,15995,Furakem 100mg Tablet MR,Tablet,93.68,Anti-Diabetic
9367,15996,Macfuran Capsule,Capsule,246.5,Anti-Diabetic
9368,15997,Urifast 25mg/5ml Suspension,Suspension,,Anti-Diabetic
9369,15998,Nifnext SR Tablet,Tablet,68.62,Anti-Diabetic
9370,15999,Troydantin 100mg Capsule,Capsule,73.19,Anti-Diabetic
9371,16000,Utichek 100mg Tablet SR,Tablet,64.6,Anti-Diabetic
9372,16001,Furadantin 50mg Tablet,Tablet,8.06,Anti-Diabetic
9373,16002,Nifclare Tablet SR,Tablet,141.1,Anti-Diabetic
9374,16003,Bactofuran 100mg Tablet,Tablet,62.05,Anti-Diabetic
9375,16004,Urifast 50mg Tablet DT,Tablet,59.5,Anti-Diabetic
9376,16005,Urispas Tablet,Tablet,320.93,Anti-Diabetic
9377,16006,Urikind Tablet,Tablet,118.15,Anti-Diabetic
9378,16007,Renolog Tablet,Tablet,317.9,Anti-Diabetic
9379,16008,Ketoadd Tablet,Tablet,323,Anti-Diabetic
9380,16009,Soliten 5mg Tablet,Tablet,254.15,Anti-Diabetic
9381,16010,Mirago 50 Tablet ER,Tablet,272,Anti-Diabetic
9382,16011,Ketosteril Tablet,Tablet,3221.5,Anti-Diabetic
9383,16012,Flavospas Tablet,Tablet,160.35,Anti-Diabetic
9384,16013,Mirago 25 Tablet ER,Tablet,185.3,Anti-Diabetic
9385,16014,Solicept 5 Tablet,Tablet,410.55,Anti-Diabetic
9386,16015,Roliten 2mg Tablet,Tablet,138.55,Anti-Diabetic
9387,16016,Nefrogard Tablet,Tablet,144.5,Anti-Diabetic
9388,16017,Soliten 10mg Tablet,Tablet,362.1,Anti-Diabetic
9389,16018,Bispec 5 Tablet,Tablet,452.54,Anti-Diabetic
9390,16019,Tropan 2.5 Tablet,Tablet,69.91,Anti-Diabetic
9391,16020,Tropan 5 Tablet,Tablet,127.5,Anti-Diabetic
9392,16021,Terol LA 4 Capsule ER,Capsule,265.29,Anti-Diabetic
9393,16022,Aplazar Tablet,Tablet,306,Anti-Diabetic
9394,16023,Terol LA 2 Capsule ER,Capsule,136.79,Anti-Diabetic
9395,16024,Dariten OD 7.5mg Tablet PR,Tablet,223.97,Anti-Diabetic
9396,16025,Mirbeg 50 Tablet ER,Tablet,267.75,Anti-Diabetic
9397,16026,Flavocip 200 Tablet,Tablet,155.3,Anti-Diabetic
9398,16027,Bladmir 50mg Tablet,Tablet,272,Anti-Diabetic
9399,16028,Ketoalfa  Tablet,Tablet,289,Anti-Diabetic
9400,16029,Mirbeg 25 Tablet ER,Tablet,179.43,Anti-Diabetic
9401,16030,Oxyspas 2.5 Tablet,Tablet,83.15,Anti-Diabetic
9402,16031,Oxyspas 5 Tablet,Tablet,139.88,Anti-Diabetic
9403,16032,Floslo 5 Tablet,Tablet,236.3,Anti-Diabetic
9404,16033,Darilong 7.5 Tablet PR,Tablet,223.97,Anti-Diabetic
9405,16034,Uticept Tablet,Tablet,137.78,Anti-Diabetic
9406,16035,Soliact 5 Tablet,Tablet,456.65,Anti-Diabetic
9407,16036,Bladmir 25 Tablet ER,Tablet,178.5,Anti-Diabetic
9408,16037,VesiBeta 50 Tablet ER,Tablet,354.83,Anti-Diabetic
9409,16038,Roliten OD 4mg Capsule ER,Capsule,239.7,Anti-Diabetic
9410,16039,Mirabet 25 Tablet ER,Tablet,186.06,Anti-Diabetic
9411,16040,Lupin Mira 25 Tablet ER,Tablet,246.5,Anti-Diabetic
9412,16041,Darif 7.5 Tablet PR,Tablet,232.9,Anti-Diabetic
9413,16042,Urisol 200mg Tablet,Tablet,203.46,Anti-Diabetic
9414,16043,Megatas 50 Tablet ER,Tablet,277.1,Anti-Diabetic
9415,16044,Mirabig 50mg Tablet ER,Tablet,278.04,Anti-Diabetic
9416,16045,Typbar TCV Vaccine,,1653.25,Anti-Diabetic
9417,16046,Boostrix Vaccine,,1019.15,Anti-Diabetic
9418,16047,Biovac Typhoid 25mcg Injection,Injection,133.41,Anti-Diabetic
9419,16048,Typbar Vaccine,,140.25,Anti-Diabetic
9420,16049,QUADROVAX SD Vaccine,,546.42,Anti-Diabetic
9421,16050,Jenvac Vaccine,,564.91,Anti-Diabetic
9422,16051,Typbar -PFS Vaccine,,271.15,Anti-Diabetic
9423,16052,Jeev 5mcg Vaccine,,837.25,Anti-Diabetic
9424,16053,Typhivax 0.25mcg Injection,Injection,246.5,Anti-Diabetic
9425,16054,Diphtheria-Tetanus-Pertussis Vaccine Adsorbed,,,Anti-Diabetic
9426,16055,Typhim Vi Vaccine,,307.7,Anti-Diabetic
9427,16056,VacTyph Vaccine,,170,Anti-Diabetic
9428,16057,Easyfour-TT Paediatric Vaccine,,527,Anti-Diabetic
9429,16058,Triple Antigen Vaccine,,16.53,Anti-Diabetic
9430,16059,Jeev 3mcg Vaccine,,637.5,Anti-Diabetic
9431,16060,Adacel Injection,Injection,816,Anti-Diabetic
9432,16061,Stamaril Vaccine,,1895.5,Anti-Diabetic
9433,16062,Bio Typh 25mcg Injection,Injection,136,Anti-Diabetic
9434,16063,JE-Shield Vaccine,,1059.95,Anti-Diabetic
9435,16064,Jeev 6mcg Vaccine,,1092.25,Anti-Diabetic
9436,16065,Shan 5 Vaccine,,555.9,Anti-Diabetic
9437,16066,Peda Typh Vaccine,,1062.5,Anti-Diabetic
9438,16067,Tripacel Vaccine,,637.5,Anti-Diabetic
9439,16068,Abhay Tag Injection,Injection,14.87,Anti-Diabetic
9440,16069,Quinvaxem Vaccine,,739.5,Anti-Diabetic
9441,16070,Tripvac Vaccine,,34,Anti-Diabetic
9442,16071,Hibe Combipack 0.5ml Prefilled Syringe,Refil,327.25,Anti-Diabetic
9443,16072,Typho VI 25mcg Injection,Injection,446.25,Anti-Diabetic
9444,16073,Comvac 3 Vaccine,,199.85,Anti-Diabetic
9445,16074,Typho VI 2.5mcg Injection,Injection,697.31,Anti-Diabetic
9446,16075,Tetglob 1000IU Injection,Injection,2795.65,Anti-Diabetic
9447,16076,Equirab 1500 Injection,Injection,427.14,Anti-Diabetic
9448,16077,Berirab P 300IU Injection,Injection,4493.56,Anti-Diabetic
9449,16078,Easyfive-TT Vaccine,,336.34,Anti-Diabetic
9450,16079,Asvs Injection,Injection,500.37,Anti-Diabetic
9451,16080,Combefive Injection,Injection,539.75,Anti-Diabetic
9452,16081,Dysport 500IU Injection,Injection,24624.5,Anti-Diabetic
9453,16082,Kamrab Injection,Injection,5944.05,Anti-Diabetic
9454,16083,Comvac 5 Injection,Injection,510,Anti-Diabetic
9455,16084,Berirab P 750IU Injection,Injection,4857.14,Anti-Diabetic
9456,16085,Imorab 1000IU Injection,Injection,531.25,Anti-Diabetic
9457,16086,AbhayRIG 300IU Injection,Injection,539.75,Anti-Diabetic
9458,16087,Zyrig 1000IU Injection,Injection,344.25,Anti-Diabetic
9459,16088,Carig 1200IU Injection,Injection,297.5,Anti-Diabetic
9460,16089,Comvac 3 + BioHib Combipack,,382.5,Anti-Diabetic
9461,16090,Tresivac Vaccine,,157.67,Anti-Diabetic
9462,16091,Mmr  Vaccine,,108.8,Anti-Diabetic
9463,16092,Priorix Vaccine,,603.5,Anti-Diabetic
9464,16093,MR-Vac Vaccine,,76.9,Anti-Diabetic
9465,16094,Novohib Injection,Injection,297.5,Anti-Diabetic
9466,16095,Comvac 3+ BioHib Combipack,,,Anti-Diabetic
9467,16096,Immunorel 5% Infusion,,12922.51,Anti-Diabetic
9468,16097,Bharglob 10% Injection,Injection,,Anti-Diabetic
9469,16098,Rhoclone 300mcg Injection,Injection,2025.86,Anti-Diabetic
9470,16099,Bharglob 16.5% Injection,Injection,677.99,Anti-Diabetic
9471,16100,Rhogam 300mcg Injection,Injection,2073.91,Anti-Diabetic
9472,16101,Globucel Solution,Solution,11898.3,Anti-Diabetic
9473,16102,Rhoclone 150mcg Injection,Injection,1641,Anti-Diabetic
9474,16103,Pentaglobin Injection,Injection,4496.5,Anti-Diabetic
9475,16104,Globucel 1000mg Injection,Injection,,Anti-Diabetic
9476,16105,Plasmaglob 5gm Injection,Injection,11980.75,Anti-Diabetic
9477,16106,Iviglob EX 5gm Injection,Injection,,Anti-Diabetic
9478,16107,Iviglob 5gm Infusion,,,Anti-Diabetic
9479,16108,Emglobulin 5% Solution,Solution,11211.5,Anti-Diabetic
9480,16109,Gamaglobin 16.5% Injection,Injection,84.15,Anti-Diabetic
9481,16110,Iviglob 2.5gm Infusion,,8491.5,Anti-Diabetic
9482,16111,Ivnex 5gm Infusion,,6234.17,Anti-Diabetic
9483,16112,Immuno Rho 300mcg Injection,Injection,2188.75,Anti-Diabetic
9484,16113,Vinobulin 300mcg Injection,Injection,1954.57,Anti-Diabetic
9485,16114,Gamma I.V. 5gm Infusion,,14480.6,Anti-Diabetic
9486,16115,Matergam P 300mcg Injection,Injection,2386.37,Anti-Diabetic
9487,16116,Vinobulin 100mcg Injection,Injection,854.9,Anti-Diabetic
9488,16117,Cytotect 10% Injection,Injection,5935.55,Anti-Diabetic
9489,16118,Iviglob EX 2.5gm Infusion,,,Anti-Diabetic
9490,16119,Gammaren Infusion,,16494.08,Anti-Diabetic
9491,16120,Gamma I.V. 500mg Injection,Injection,1666.85,Anti-Diabetic
9492,16121,Suya 5% w/v Infusion,,4845,Anti-Diabetic
9493,16122,Igwok 5% Infusion,,11112.33,Anti-Diabetic
9494,16123,Rhogam 50mcg Injection,Injection,2320.5,Anti-Diabetic
9495,16124,Genexglob Infusion,,12921.7,Anti-Diabetic
9496,16125,Rhesuman 300mcg Injection,Injection,1689.8,Anti-Diabetic
9497,16126,Gammaven 5gm Infusion,,12665,Anti-Diabetic
9498,16127,Rhogam UF 300mcg Injection,Injection,,Anti-Diabetic
9499,16128,Kamrho D 100mcg Injection,Injection,935,Anti-Diabetic
9500,16129,Globuprime 5gm Solution,Solution,,Anti-Diabetic
9501,16130,Kamrho D 300mcg Injection,Injection,2193,Anti-Diabetic
9502,16131,Partobulin Injection,Injection,1963.5,Anti-Diabetic
9503,16132,WINRHO SDF  INJECTION 300 MCG,Injection,,Anti-Diabetic
9504,16133,Meglob 2.5gm Infusion,,5393.25,Anti-Diabetic
9505,16134,Gamunex 10% Infusion,,,Anti-Diabetic
9506,16135,Gamma I.V. 2500mg Infusion,,,Anti-Diabetic
9507,16136,Gammarp 2.5gm Injection,Injection,,Anti-Diabetic
9508,16137,FluQuadri Vaccine,,1308.15,Anti-Diabetic
9509,16138,Influvac Tetra 2019/2020 Vaccine,,1521.5,Anti-Diabetic
9510,16139,Influvac Adult vaccine,,914.6,Anti-Diabetic
9511,16140,VaxiFlu 4 Vaccine,,,Anti-Diabetic
9512,16141,Prevenar 13 Vaccine,,3230.85,Anti-Diabetic
9513,16142,Influenza Injection,Injection,627.88,Anti-Diabetic
9514,16143,Influvac Tetra 2020/2021 Vaccine,,1428,Anti-Diabetic
9515,16144,TT Injection,Injection,22.21,Anti-Diabetic
9516,16145,Rabipur Vaccine,,296.95,Anti-Diabetic
9517,16146,Vaxigrip Adult Injection,Injection,824.5,Anti-Diabetic
9518,16147,Pneumovax 23 Vaccine,,1487.5,Anti-Diabetic
9519,16148,Rabivax S Vaccine,,304.08,Anti-Diabetic
9520,16149,Gardasil Vaccine,,3034.5,Anti-Diabetic
9521,16150,Biovac A Vaccine,,1360,Anti-Diabetic
9522,16151,Abhayrab Vaccine,,,Anti-Diabetic
9523,16152,Influvac 2018 Injection,Injection,688.5,Anti-Diabetic
9524,16153,Menactra Vaccine,,4207.5,Anti-Diabetic
9525,16154,Revac-B Plus Adult Vaccine,,63.42,Anti-Diabetic
9526,16155,Rabies Injection,Injection,,Anti-Diabetic
9527,16156,Tetvac Injection,Injection,9.49,Anti-Diabetic
9528,16157,Pneumo 23 Injection,Injection,,Anti-Diabetic
9529,16158,Havrix  720 Junior Monodose Vaccine,,1062.5,Anti-Diabetic
9530,16159,Enteroshield Vaccine,,1547.85,Anti-Diabetic
9531,16160,Pulmovax 23 Injection,Injection,,Anti-Diabetic
9532,16161,Abhayrab-PF Vaccine,,334,Anti-Diabetic
9533,16162,Influgen Vaccine,,671.93,Anti-Diabetic
9534,16163,VaxiFlu-S Vaccine,,255,Anti-Diabetic
9535,16164,Varilrix Vaccine,,1572.5,Anti-Diabetic
9536,16165,R-VAC Vaccine,,88.19,Anti-Diabetic
9537,16166,Onco Bcg 40mg Injection,Injection,603.96,Anti-Diabetic
9538,16167,Bett Vaccine 0.5ml,,96.47,Anti-Diabetic
9539,16168,Prevenar 7 Injection,Injection,3230.85,Anti-Diabetic
9540,16169,GeneVac-B Adult Vaccine,,73.06,Anti-Diabetic
9541,16170,Bevac Vaccine,,318.75,Anti-Diabetic
9542,16171,Cervarix Vaccine,,2244,Anti-Diabetic
9543,16172,INFLUVAC 2015/2016 INJECTION,Injection,,Anti-Diabetic
9544,16173,Opv Vaccine,,,Anti-Diabetic
9545,16174,Verorab Vaccine,,263.75,Anti-Diabetic
9546,16175,Nasovac-S Vaccine,,647.61,Anti-Diabetic
9547,16176,Botox 100IU Injection,Injection,19402.95,Anti-Diabetic
9548,16177,Botox 50IU Injection,Injection,16962.77,Anti-Diabetic
9549,16178,Neuronox 100IU Injection,Injection,14450,Anti-Diabetic
9550,16179,Boto Genie 100IU Injection,Injection,11900,Anti-Diabetic
9551,16180,Boto Genie 50IU Injection,Injection,8500,Anti-Diabetic
9552,16181,Rotasiil Vaccine,,576.04,Anti-Diabetic
9553,16182,Rotavac Oral Vaccine,,585.65,Anti-Diabetic
9554,16183,Hepatitis B Injection,Injection,9350,Anti-Diabetic
9555,16184,Rotasure Oral Vaccine,,619.65,Anti-Diabetic
9556,16185,Rotarix Kit,,1504.5,Anti-Diabetic
9557,16186,RotaTeq Oral Vaccine,,998.75,Anti-Diabetic
9558,16187,Hepabsv 100IU Injection,Injection,4651.2,Anti-Diabetic
9559,16188,Fovepta 200IU Injection,Injection,8875.7,Anti-Diabetic
9560,16189,Plasmahep 100IU Injection,Injection,5907.5,Anti-Diabetic
9561,16190,H Bigg 100IU Injection,Injection,5949.15,Anti-Diabetic
9562,16191,Hepabig 200IU Injection,Injection,,Anti-Diabetic
9563,16192,El-Hep 100IU Injection,Injection,5078.75,Anti-Diabetic
9564,16193,Prohbig 100IU Injection,Injection,5429.8,Anti-Diabetic
9565,16194,LIVIG B 100 IU INJECTION,Injection,,Anti-Diabetic
9566,16195,Du Hep 100IU Injection,Injection,5949.15,Anti-Diabetic
9567,16196,Astymin-3  10mg/8mg Infusion,,,Anti-Diabetic
9568,16197,Aminowel Infusion,,382.5,Anti-Diabetic
9569,16198,Aminoven Infant Infusion,,415.65,Anti-Diabetic
9570,16199,Lamino 10% Plus Injection,Injection,1104.15,Anti-Diabetic
9571,16200,Kanzomin Infusion,,711.02,Anti-Diabetic
9572,16201,Aminosteril N Hepa Infusion,,686.8,Anti-Diabetic
9573,16202,Lamino Hepa Injection,Injection,845.75,Anti-Diabetic
9574,16203,Aminosteril Infusion,,585.65,Anti-Diabetic
9575,16204,Amiseven 7% Injection,Injection,527.85,Anti-Diabetic
9576,16205,Aminofusion Infusion,,129.61,Anti-Diabetic
9577,16206,Albumed Infusion,,1870,Anti-Diabetic
9578,16207,Slash Plus 10% Infusion,,522.75,Anti-Diabetic
9579,16208,Haemset 250mg Injection,Injection,15.3,Anti-Diabetic
9580,16209,GLUTAPEP INFUSION,,,Anti-Diabetic
9581,16210,Cypon Syrup,,83.3,Anti-Diabetic
9582,16211,Aptimust Syrup,,102.85,Anti-Diabetic
9583,16212,Practin 4mg Tablet,Tablet,26.1,Anti-Diabetic
9584,16213,Ciplactin Tablet,Tablet,37.89,Anti-Diabetic
9585,16214,Practin Syrup,,102,Anti-Diabetic
9586,16215,Longifene Syrup,,,Anti-Diabetic
9587,16216,CYP-L Oral Solution,Solution,82.87,Anti-Diabetic
9588,16217,Cypon Oral Drops,,40.37,Anti-Diabetic
9589,16218,Cypon Capsule,Capsule,28.48,Anti-Diabetic
9590,16219,Apetamin Syrup,,127.5,Anti-Diabetic
9591,16220,Practin EN Syrup,,104.12,Anti-Diabetic
9592,16221,Longifene-DS Syrup,,,Anti-Diabetic
9593,16222,Sorliv Oral Solution,Solution,107.75,Anti-Diabetic
9594,16223,Ciplactin Syrup,,92.65,Anti-Diabetic
9595,16224,Longifene Tablet,Tablet,,Anti-Diabetic
9596,16225,Hungry Syrup,,25.65,Anti-Diabetic
9597,16226,Oraxin Syrup,,115.84,Anti-Diabetic
9598,16227,Choliv Syrup,,84.54,Anti-Diabetic
9599,16228,Longifene-DS Tablet,Tablet,,Anti-Diabetic
9600,16229,Kemlactin Syrup,,80.75,Anti-Diabetic
9601,16230,Normatone Syrup,,98.17,Anti-Diabetic
9602,16231,App UP 2mg/275mg Syrup,,,Anti-Diabetic
9603,16232,Cypon Tablet,Tablet,28.48,Anti-Diabetic
9604,16233,Peritol 4mg Tablet,Tablet,22.1,Anti-Diabetic
9605,16234,App UP 4mg Tablet,Tablet,10.62,Anti-Diabetic
9606,16235,Cypon G Syrup,,83.3,Anti-Diabetic
9607,16236,Step-UP Syrup,,110.75,Anti-Diabetic
9608,16237,Ciplactin Plus  Syrup,,95.62,Anti-Diabetic
9609,16238,CYP-L Drops,,33.15,Anti-Diabetic
9610,16239,Hungree Syrup,,56.95,Anti-Diabetic
9611,16240,Pcl Plus Syrup,,68,Anti-Diabetic
9612,16241,Choliv-L Syrup Sugar Free,,,Anti-Diabetic
9613,16242,Zenlactin Syrup,,102,Anti-Diabetic
9614,16243,Cypro-L Syrup,,43.82,Anti-Diabetic
9615,16244,Apitone Plus Syrup,,63.66,Anti-Diabetic
9616,16245,Colactin Syrup,,81.6,Anti-Diabetic
9617,16246,Apilysin Syrup,,83.3,Anti-Diabetic
9618,16247,Cylip P Syrup,,102,Anti-Diabetic
9619,16248,Biopron 4mg Tablet,Tablet,13.6,Anti-Diabetic
9620,16249,Biopron Syrup,,59.5,Anti-Diabetic
9621,16250,Vitcofol Injection,Injection,65.87,Anti-Diabetic
9622,16251,Ebexid 25mg/15mg/1mg Tablet,Tablet,50.4,Anti-Diabetic
9623,16252,Trineurosol H Injection,Injection,,Anti-Diabetic
9624,16253,Neurobion Plus Injection,Injection,,Anti-Diabetic
9625,16254,T3-LC Soft Gelatin Capsule,Capsule,229,Anti-Diabetic
9626,16255,Trineurosol HP Injection,Injection,59.5,Anti-Diabetic
9627,16256,Elfolin Plus Tablet,Tablet,179,Anti-Diabetic
9628,16257,Neurobion H Injection,Injection,,Anti-Diabetic
9629,16258,Vitneurin Injection,Injection,,Anti-Diabetic
9630,16259,Triredisol H Injection,Injection,39.78,Anti-Diabetic
9631,16260,Ebexid 20mg/15mg/2mg Tablet,Tablet,45.82,Anti-Diabetic
9632,16261,Nicoglow 250mg Tablet,Tablet,59.5,Anti-Diabetic
9633,16262,Nexotin 5mg Tablet,Tablet,,Anti-Diabetic
9634,16263,Mylamin Plus Injection,Injection,21.5,Anti-Diabetic
9635,16264,B COMPLEX INJECTION,Injection,,Anti-Diabetic
9636,16265,Ebexid B  Tablet,Tablet,,Anti-Diabetic
9637,16266,Trineurosol HP 1000mg Injection,Injection,10.2,Anti-Diabetic
9638,16267,Micabal Plus Injection,Injection,7.44,Anti-Diabetic
9639,16268,ABfol Tablet,Tablet,,Anti-Diabetic
9640,16269,Biorek 5mg Tablet,Tablet,,Anti-Diabetic
9641,16270,Trinurosol HP 1000mg Injection,Injection,47.17,Anti-Diabetic
9642,16271,Becomed Injection,Injection,8.5,Anti-Diabetic
9643,16272,Nicovit Tablet,Tablet,,Anti-Diabetic
9644,16273,Nialip 500mg Tablet,Tablet,,Anti-Diabetic
9645,16274,BEPLEX FORTE 100 MG/10 MG INJECTION,Injection,,Anti-Diabetic
9646,16275,Macraberin Forte Injection,Injection,5.78,Anti-Diabetic
9647,16276,Nialip 250mg Tablet,Tablet,20.03,Anti-Diabetic
9648,16277,Gracyfol Tablet,Tablet,135,Anti-Diabetic
9649,16278,Nia 250mg Tablet,Tablet,,Anti-Diabetic
9650,16279,Corvit ME Injection,Injection,31.21,Anti-Diabetic
9651,16280,Biovib 5mg Tablet,Tablet,,Anti-Diabetic
9652,16281,Macraberin Injection,Injection,55.61,Anti-Diabetic
9653,16282,Sioneuron Forte Injection,Injection,6.16,Anti-Diabetic
9654,16283,Unifol Injection,Injection,35.7,Anti-Diabetic
9655,16284,B3Cure 250mg Tablet,Tablet,,Anti-Diabetic
9656,16285,Nialip 375mg Tablet,Tablet,,Anti-Diabetic
9657,16286,Macravit Injection,Injection,4.7,Anti-Diabetic
9658,16287,Bedex Forte Injection,Injection,17.59,Anti-Diabetic
9659,16288,Pregnistar Tablet,Tablet,36,Anti-Diabetic
9660,16289,Nicoclin 4% Gel,,,Anti-Diabetic
9661,16290,Nelcium Injection,Injection,,Anti-Diabetic
9662,16291,Calciluvin Syrup,,19.81,Anti-Diabetic
9663,16292,Calvit 12 Injection,Injection,38.25,Anti-Diabetic
9664,16293,Calinta Kit,,381.65,Anti-Diabetic
9665,16294,Cal D 500mg Tablet,Tablet,,Anti-Diabetic
9666,16295,Recalvin 137.5mg/5000IU/50mcg Injection,Injection,,Anti-Diabetic
9667,16296,Ezorb DS Tablet,Tablet,,Anti-Diabetic
9668,16297,Phosbind 667mg Tablet,Tablet,,Anti-Diabetic
9669,16298,Lowphos Tablet,Tablet,,Anti-Diabetic
9670,16299,Glumig Injection,Injection,24.23,Anti-Diabetic
9671,16300,Cal D 250mg Tablet,Tablet,,Anti-Diabetic
9672,16301,Calcal Tablet,Tablet,,Anti-Diabetic
9673,16302,Boncare Tablet,Tablet,,Anti-Diabetic
9674,16303,Cabezon Tablet,Tablet,,Anti-Diabetic
9675,16304,Cypacal Forte Tablet,Tablet,,Anti-Diabetic
9676,16305,Orthocal 500mg Tablet,Tablet,,Anti-Diabetic
9677,16306,Calpine Tablet,Tablet,,Anti-Diabetic
9678,16307,Pee Cee Tablet,Tablet,,Anti-Diabetic
9679,16308,C Cal Syrup,,,Anti-Diabetic
9680,16309,Argical HD Tablet,Tablet,192,Anti-Diabetic
9681,16310,Conciphos Tablet,Tablet,,Anti-Diabetic
9682,16311,Bio Cal-D 1000mg/200IU Tablet,Tablet,,Anti-Diabetic
9683,16312,Ical 560mg Tablet,Tablet,,Anti-Diabetic
9684,16313,Anical D Tablet,Tablet,,Anti-Diabetic
9685,16314,ZCM Tablet,Tablet,,Anti-Diabetic
9686,16315,Cal O Tablet,Tablet,,Anti-Diabetic
9687,16316,Calcarim-D3 Tablet,Tablet,,Anti-Diabetic
9688,16317,Strobon 500mg/250IU Tablet,Tablet,,Anti-Diabetic
9689,16318,Calcure 1250mg/250IU Tablet,Tablet,,Anti-Diabetic
9690,16319,Tracica 1000mg/1000IU Tablet,Tablet,,Anti-Diabetic
9691,16320,Calcibac 250mg/100IU Tablet,Tablet,,Anti-Diabetic
9692,16321,Amesi Tablet,Tablet,99,Anti-Diabetic
9693,16322,Avical 625mg/125IU Tablet,Tablet,184,Anti-Diabetic
9694,16323,Azcal 1250mg/250IU Tablet,Tablet,,Anti-Diabetic
9695,16324,Calcilac Tablet,Tablet,,Anti-Diabetic
9696,16325,Calcimag L Syrup,,,Anti-Diabetic
9697,16326,Mapcal Tablet,Tablet,,Anti-Diabetic
9698,16327,Calio 500mg Tablet,Tablet,,Anti-Diabetic
9699,16328,Hical Suspension,Suspension,,Anti-Diabetic
9700,16329,Calmin Syrup,,,Anti-Diabetic
9701,16330,Calcilac 500mg/250IU Tablet,Tablet,,Anti-Diabetic
9702,16331,Jonacal Tablet,Tablet,,Anti-Diabetic
9703,16332,Cognivel Tablet,Tablet,192.95,Anti-Diabetic
9704,16333,Tinzit Tablet,Tablet,209.95,Anti-Diabetic
9705,16334,Ginkostat 60mg/800mg/5mg Tablet,Tablet,229.5,Anti-Diabetic
9706,16335,Wintin 60mg/800mg/5mg Tablet,Tablet,185.3,Anti-Diabetic
9707,16336,Goonj Forte Tablet,Tablet,165.75,Anti-Diabetic
9708,16337,Ginkocetin 60mg/800mg/5mg Tablet,Tablet,161.5,Anti-Diabetic
9709,16338,Bilovas Plus 60mg/10mg Tablet,Tablet,110.45,Anti-Diabetic
9710,16339,Gencephal Trio Tablet,Tablet,224.4,Anti-Diabetic
9711,16340,Ginkolyst 60mg/800mg/5mg Tablet,Tablet,237.15,Anti-Diabetic
9712,16341,Piratab Forte 60mg/800mg/5mg Tablet,Tablet,182.75,Anti-Diabetic
9713,16342,Gkn-Plus Tablet,Tablet,191.25,Anti-Diabetic
9714,16343,Cognitive Tablet,Tablet,169.15,Anti-Diabetic
9715,16344,Ginkosan VP 60mg/800mg/5mg Tablet,Tablet,190.82,Anti-Diabetic
9716,16345,Anneal 60mg/800mg/5mg Tablet,Tablet,195.41,Anti-Diabetic
9717,16346,Cogtin Plus 60mg/800mg/5mg Tablet,Tablet,157.25,Anti-Diabetic
9718,16347,Ginkonex 40mg Tablet,Tablet,,Anti-Diabetic
9719,16348,Piracet Plus Tablet,Tablet,382.5,Anti-Diabetic
9720,16349,Moracetam Forte-V Tablet,Tablet,209.01,Anti-Diabetic
9721,16350,Ginkorus-PV Tablet,Tablet,164.9,Anti-Diabetic
9722,16351,Cog 3 Tablet,Tablet,166.6,Anti-Diabetic
9723,16352,Cerebol 60mg/800mg/5mg Tablet,Tablet,229.5,Anti-Diabetic
9724,16353,Cognitune 60mg/800mg/5mg Tablet,Tablet,152.15,Anti-Diabetic
9725,16354,Nurokind-Gold Injection,Injection,21.24,Anti-Diabetic
9726,16355,Neurobion RF Forte Injection,Injection,12.68,Anti-Diabetic
9727,16356,Methycobal Tablet,Tablet,110,Anti-Diabetic
9728,16357,Nurokind-Plus NF Injection,Injection,21.24,Anti-Diabetic
9729,16358,Nurokind Injection,Injection,15.29,Anti-Diabetic
9730,16359,Nervijen-P Capsule,Capsule,173.4,Anti-Diabetic
9731,16360,Meganeuron PG Capsule,Capsule,102,Anti-Diabetic
9732,16361,Methycobal Injection,Injection,96.06,Anti-Diabetic
9733,16362,Gabamax Gold Capsule,Capsule,102,Anti-Diabetic
9734,16363,Benalgis Tablet,Tablet,95.8,Anti-Diabetic
9735,16364,Mecofol Tablet,Tablet,55,Anti-Diabetic
9736,16365,Renerve 1mg Injection,Injection,85,Anti-Diabetic
9737,16366,Meganeuron Injection,Injection,27.2,Anti-Diabetic
9738,16367,Naso B12 Nasal Spray,,325,Anti-Diabetic
9739,16368,Nurokind OD Injection,Injection,19.54,Anti-Diabetic
9740,16369,Rejunex Forte Injection,Injection,88.82,Anti-Diabetic
9741,16370,Benalgis Forte Soft Gelatin Capsule,Capsule,168.14,Anti-Diabetic
9742,16371,CB Max Injection,Injection,35.7,Anti-Diabetic
9743,16372,ME 12 Injection,Injection,19.12,Anti-Diabetic
9744,16373,Meconerv Tablet,Tablet,100,Anti-Diabetic
9745,16374,Rejunex Injection,Injection,43.77,Anti-Diabetic
9746,16375,Ageless Tablet,Tablet,122.4,Anti-Diabetic
9747,16376,Nurokind Forte 1500mcg/100mg/100mg Injection,Injection,22.44,Anti-Diabetic
9748,16377,Rejunuron Injection,Injection,73.95,Anti-Diabetic
9749,16378,Bigvin 2500 Injection,Injection,50.73,Anti-Diabetic
9750,16379,Alamin Injection,Injection,126.9,Anti-Diabetic
9751,16380,Eldervita M Injection,Injection,80.75,Anti-Diabetic
9752,16381,Nervup Injection,Injection,79.31,Anti-Diabetic
9753,16382,Met B12 500mcg Injection,Injection,57.89,Anti-Diabetic
9754,16383,Aisa  Tablet,Tablet,122.4,Anti-Diabetic
9755,16384,Meconeuron Tablet,Tablet,,Anti-Diabetic
9756,16385,Rejunuron Plus Injection,Injection,92.65,Anti-Diabetic
9757,16386,Meconerv Injection,Injection,28.9,Anti-Diabetic
9758,16387,Nasocobal Nasal Spray,,325,Anti-Diabetic
9759,16388,Nerve 12 Tablet,Tablet,,Anti-Diabetic
9760,16389,HI-Cobal Injection,Injection,107.95,Anti-Diabetic
9761,16390,Rejunuron Forte Injection,Injection,97.75,Anti-Diabetic
9762,16391,Cynocal-16 RF Injection,Injection,9.56,Anti-Diabetic
9763,16392,Meaxon Injection,Injection,83.3,Anti-Diabetic
9764,16393,Eido Injection,Injection,33.15,Anti-Diabetic
9765,16394,Mecofol-Plus Injection,Injection,53.55,Anti-Diabetic
9766,16395,B-VIT 12 Injection,Injection,25.5,Anti-Diabetic
9767,16396,Macrabin 1000mcg Injection,Injection,154.16,Anti-Diabetic
9768,16397,VIB 12 1000mcg Injection,Injection,8.5,Anti-Diabetic
9769,16398,Mecorich-C Injection,Injection,46.75,Anti-Diabetic
9770,16399,Evion 400mg Capsule,Capsule,26,Anti-Diabetic
9771,16400,M.V.I. Injection,Injection,19.33,Anti-Diabetic
9772,16401,E-Gen 400 Capsule,Capsule,,Anti-Diabetic
9773,16402,Norwayz Tablet,Tablet,209.95,Anti-Diabetic
9774,16403,Evopin 400 Capsule,Capsule,,Anti-Diabetic
9775,16404,IDEBEST 45MG TABLET,Tablet,178.5,Anti-Diabetic
9776,16405,Ubicharge Tablet,Tablet,520,Anti-Diabetic
9777,16406,Pro Mvi Injection,Injection,21.25,Anti-Diabetic
9778,16407,Ideben Tablet,Tablet,164.18,Anti-Diabetic
9779,16408,Ubicharge 100mg Tablet,Tablet,520,Anti-Diabetic
9780,16409,Multizac Injection,Injection,14.02,Anti-Diabetic
9781,16410,Tilvit Injection,Injection,21.97,Anti-Diabetic
9782,16411,ID-45 Tablet,Tablet,69.11,Anti-Diabetic
9783,16412,Benovat 45mg Tablet,Tablet,161.46,Anti-Diabetic
9784,16413,Carored  XL 300mg Soft Gelatin Capsule,Capsule,675.75,Anti-Diabetic
9785,16414,Ideox 45mg Tablet,Tablet,,Anti-Diabetic
9786,16415,Up Beat 30mg Capsule,Capsule,,Anti-Diabetic
9787,16416,Xylox Heavy 75mg Injection,Injection,26.77,Anti-Diabetic
9788,16417,Multiband Injection,Injection,21.25,Anti-Diabetic
9789,16418,Idegen 45mg Tablet,Tablet,245.65,Anti-Diabetic
9790,16419,Setaxone 45mg Tablet,Tablet,119.85,Anti-Diabetic
9791,16420,REZVACURE Capsule,Capsule,679.15,Anti-Diabetic
9792,16421,K Mac Liquid,,,Anti-Diabetic
9793,16422,Lupilyzer Oral Solution,Solution,120,Anti-Diabetic
9794,16423,Crampcure 360mg Tablet,Tablet,,Anti-Diabetic
9795,16424,Otski Injection,Injection,138.55,Anti-Diabetic
9796,16425,Krampoff 360mg Tablet,Tablet,95,Anti-Diabetic
9797,16426,Nocram Tablet,Tablet,118,Anti-Diabetic
9798,16427,Citalift Oral Solution Raspberry Sugar Free,Solution,,Anti-Diabetic
9799,16428,Potrate-M Oral Solution,Solution,141,Anti-Diabetic
9800,16429,Cramnil Tablet,Tablet,,Anti-Diabetic
9801,16430,Celecel Injection,Injection,120.7,Anti-Diabetic
9802,16431,Lupilyzer Mixed fruit Oral Solution,Solution,,Anti-Diabetic
9803,16432,Mgmax 400mg Tablet,Tablet,,Anti-Diabetic
9804,16433,Plegiocard Injection,Injection,140.93,Anti-Diabetic
9805,16434,Urikem Syrup,,,Anti-Diabetic
9806,16435,KMGCIT SYRUP,,,Anti-Diabetic
9807,16436,Cardiplegin Injection,Injection,129.2,Anti-Diabetic
9808,16437,Alkopex Oral Solution,Solution,139,Anti-Diabetic
9809,16438,Alkovak Oral Solution,Solution,139,Anti-Diabetic
9810,16439,Carnisure 500 Tablet,Tablet,259.33,Anti-Diabetic
9811,16440,Nusam 400 Tablet,Tablet,410.55,Anti-Diabetic
9812,16441,Heptral 400mg Tablet,Tablet,902.61,Anti-Diabetic
9813,16442,Carnitor 500 Tablet,Tablet,296.65,Anti-Diabetic
9814,16443,Cirrosam 400 Tablet,Tablet,760.75,Anti-Diabetic
9815,16444,Nurokind-LC  Injection,Injection,42.5,Anti-Diabetic
9816,16445,Adesam 400 Tablet,Tablet,410.55,Anti-Diabetic
9817,16446,Carnisure Injection,Injection,139.65,Anti-Diabetic
9818,16447,Carnimac Tablet,Tablet,165.75,Anti-Diabetic
9819,16448,Adesam 200 Tablet,Tablet,266.05,Anti-Diabetic
9820,16449,Vernace Tablet,Tablet,110.5,Anti-Diabetic
9821,16450,Docowize Veg Suspension,Suspension,1020,Anti-Diabetic
9822,16451,Lacarnit Injection,Injection,117.3,Anti-Diabetic
9823,16452,Nucarnit 500 Tablet,Tablet,258.14,Anti-Diabetic
9824,16453,Carnisure Syrup,,173.31,Anti-Diabetic
9825,16454,Carniglo 500mg Tablet,Tablet,152.15,Anti-Diabetic
9826,16455,Hepkart 400mg Tablet,Tablet,531.25,Anti-Diabetic
9827,16456,Adenomac 400 Tablet,Tablet,600.1,Anti-Diabetic
9828,16457,Sameral 400 Tablet,Tablet,551.65,Anti-Diabetic
9829,16458,Heptral T 200mg Tablet,Tablet,446.25,Anti-Diabetic
9830,16459,CARNITOR 1 GM INJECTION,Injection,,Anti-Diabetic
9831,16460,Melaroc Tablet,Tablet,,Anti-Diabetic
9832,16461,Lacarnit 330 Tablet,Tablet,141.95,Anti-Diabetic
9833,16462,Argifizz 1000mg Tablet,Tablet,,Anti-Diabetic
9834,16463,Alsame 400mg Tablet,Tablet,586.5,Anti-Diabetic
9835,16464,Sam 400mg Tablet,Tablet,620.5,Anti-Diabetic
9836,16465,Lacarnit 1gm Injection,Injection,107.1,Anti-Diabetic
9837,16466,Ldzin 400mg Tablet,Tablet,629,Anti-Diabetic
9838,16467,Adenomac 200 Tablet,Tablet,282.84,Anti-Diabetic
9839,16468,Levocarnil 500 Tablet,Tablet,311.95,Anti-Diabetic
9840,16469,S-Methiwave 200 Tablet,Tablet,297.5,Anti-Diabetic
9841,16470,Samtral Tablet,Tablet,709.75,Anti-Diabetic
9842,16471,Elkar Tablet,Tablet,85,Anti-Diabetic
9843,16472,Lyca 400mg Tablet,Tablet,442,Anti-Diabetic
9844,16473,Carnival Tablet,Tablet,100.13,Anti-Diabetic
9845,16474,Carnikid Syrup,,200.6,Anti-Diabetic
9846,16475,Carnisurge Tablet,Tablet,158.95,Anti-Diabetic
9847,16476,Arginall 500mg Capsule,Capsule,,Anti-Diabetic
9848,16477,Nucarnit Injection,Injection,200.09,Anti-Diabetic
9849,16478,S-Adimer Tablet,Tablet,348.5,Anti-Diabetic
9850,16479,Vitamin A Chewable Tablet,Tablet,7,Anti-Diabetic
9851,16480,Arachitol 6L Injection,Injection,286.52,Anti-Diabetic
9852,16481,Aquasol A Capsule,Capsule,27,Anti-Diabetic
9853,16482,Ubicar Tablet,Tablet,310.25,Anti-Diabetic
9854,16483,Laretol Capsule,Capsule,88.4,Anti-Diabetic
9855,16484,Lysatone Plus Syrup Sugar Free,,,Anti-Diabetic
9856,16485,D3 Sure Nano Shot Oral Solution 5ml,Solution,259.6,Anti-Diabetic
9857,16486,Vitamin C Injection,Injection,2.38,Anti-Diabetic
9858,16487,Astymin-SN Infusion,,465.59,Anti-Diabetic
9859,16488,Pth 30 Tablet,Tablet,629.85,Anti-Diabetic
9860,16489,Arachitol 3L Injection,Injection,204.87,Anti-Diabetic
9861,16490,Sorvate Ointment,,276.25,Anti-Diabetic
9862,16491,Q-Car Tablet,Tablet,255,Anti-Diabetic
9863,16492,Combikit 12 Injection,Injection,15.09,Anti-Diabetic
9864,16493,D3-Zen 60K Soft Gelatin Capsule,Capsule,108,Anti-Diabetic
9865,16494,Limcor Chewable Tablet,Tablet,,Anti-Diabetic
9866,16495,Uprise-D3 6L Injection 1ml,Injection,273,Anti-Diabetic
9867,16496,Vitamin A 100000IU Syrup,,,Anti-Diabetic
9868,16497,Vito Gold D3 Oral Solution,Solution,70,Anti-Diabetic
9869,16498,Vitaneo D3 Injection,Injection,25.04,Anti-Diabetic
9870,16499,Addphos Granules,,17.42,Anti-Diabetic
9871,16500,Ferol Sachet,,,Anti-Diabetic
9872,16501,D3 King 60K  Capsule,Capsule,,Anti-Diabetic
9873,16502,Calbona D3 Capsule,Capsule,,Anti-Diabetic
9874,16503,Hi-D3 60K Capsule,Capsule,,Anti-Diabetic
9875,16504,Vitanova-D3 6L Injection,Injection,37.19,Anti-Diabetic
9876,16505,KLM-D3 Nano Drops,,,Anti-Diabetic
9877,16506,Mag D3 600000IU Injection,Injection,15.64,Anti-Diabetic
9878,16507,Limcor Chewable Tablet Orange,Tablet,,Anti-Diabetic
9879,16508,Aquasol A 0.5miu Tablet,Tablet,,Anti-Diabetic
9880,16509,Calcipure 60K Capsule,Capsule,,Anti-Diabetic
9881,16510,Aquasol C Oral Drops,,,Anti-Diabetic
9882,16511,Q-Zen-C Tablet,Tablet,339.15,Anti-Diabetic
9883,16512,Loy D3 Capsule,Capsule,,Anti-Diabetic
9884,16513,Nutrihale Tablet,Tablet,351.05,Anti-Diabetic
9885,16514,Calcirol  600000IU Injection,Injection,178.5,Anti-Diabetic
9886,16515,Nutrihale Syrup,,199.75,Anti-Diabetic
9887,16516,V D3 Sachet,,,Anti-Diabetic
9888,16517,Alpha D3 0.5mcg Capsule,Capsule,,Anti-Diabetic
9889,16518,Raisecal D3 60K Softgel Capsule,Capsule,120,Anti-Diabetic
9890,16519,Kesol 1.5gm Injection,Injection,20.94,Anti-Diabetic
9891,16520,Kcl Injection,Injection,18.59,Anti-Diabetic
9892,16521,Addkay Tablet PR,Tablet,85,Anti-Diabetic
9893,16522,Potcl 1.5gm Injection,Injection,22.1,Anti-Diabetic
9894,16523,Alka KCL Syrup,,29.75,Anti-Diabetic
9895,16524,Potride Tablet,Tablet,91.8,Anti-Diabetic
9896,16525,Potlyte 15% Injection,Injection,21.65,Anti-Diabetic
9897,16526,K Pot 150mg Injection,Injection,9.77,Anti-Diabetic
9898,16527,Potplus Syrup,,43.35,Anti-Diabetic
9899,16528,K-Lot Oral Solution,Solution,44.2,Anti-Diabetic
9900,16529,K-Pot 150mg Injection,Injection,9.77,Anti-Diabetic
9901,16530,Troykcl 1.5gm Injection,Injection,85,Anti-Diabetic
9902,16531,Ricetral 0.3gm Injection,Injection,4.25,Anti-Diabetic
9903,16532,Tuberium 150mg Injection,Injection,25.5,Anti-Diabetic
9904,16533,Nervic-Plus Injection,Injection,13.51,Anti-Diabetic
